Team_ID,Game_ID,GAME_DATE,MATCHUP,WL,W,L,W_PCT,MIN,FGM,FGA,FG_PCT,FG3M,FG3A,FG3_PCT,FTM,FTA,FT_PCT,OREB,DREB,REB,AST,STL,BLK,TOV,PF,PTS,team_name
1610612737,0022401186,"APR 13, 2025",ATL vs. ORL,W,40,42,0.488,240,47,88,0.534,17,40,0.425,6,10,0.6,9,35,44,32,8,2,15,15,117,Atlanta Hawks
1610612737,0022401173,"APR 11, 2025",ATL @ PHI,W,39,42,0.481,240,45,94,0.479,16,42,0.381,18,24,0.75,18,35,53,28,9,5,14,15,124,Atlanta Hawks
1610612737,0022401169,"APR 10, 2025",ATL @ BKN,W,38,42,0.475,240,48,84,0.571,15,36,0.417,22,33,0.667,7,44,51,36,11,1,15,19,133,Atlanta Hawks
1610612737,0022401149,"APR 08, 2025",ATL @ ORL,L,37,42,0.468,240,40,88,0.455,14,41,0.341,18,22,0.818,14,27,41,25,7,6,18,26,112,Atlanta Hawks
1610612737,0022401136,"APR 06, 2025",ATL vs. UTA,W,37,41,0.474,240,54,95,0.568,22,41,0.537,17,20,0.85,11,31,42,43,7,3,11,19,147,Atlanta Hawks
1610612737,0022401128,"APR 05, 2025",ATL vs. NYK,L,36,41,0.468,240,41,88,0.466,14,45,0.311,9,12,0.75,9,29,38,24,11,7,15,18,105,Atlanta Hawks
1610612737,0022401109,"APR 02, 2025",ATL @ DAL,L,36,40,0.474,240,42,97,0.433,15,39,0.385,19,22,0.864,12,31,43,29,7,3,11,19,118,Atlanta Hawks
1610612737,0022401097,"APR 01, 2025",ATL vs. POR,L,36,39,0.48,240,41,92,0.446,7,32,0.219,24,28,0.857,12,33,45,26,12,8,19,22,113,Atlanta Hawks
1610612737,0022401083,"MAR 30, 2025",ATL @ MIL,W,36,38,0.486,240,50,94,0.532,17,48,0.354,28,35,0.8,15,31,46,36,10,2,8,29,145,Atlanta Hawks
1610612737,0022401062,"MAR 27, 2025",ATL @ MIA,L,35,38,0.479,240,43,83,0.518,18,41,0.439,8,11,0.727,6,30,36,27,10,2,15,11,112,Atlanta Hawks
1610612737,0022401049,"MAR 25, 2025",ATL @ HOU,L,35,37,0.486,240,43,103,0.417,15,49,0.306,13,15,0.867,18,24,42,32,8,1,14,26,114,Atlanta Hawks
1610612737,0022401031,"MAR 23, 2025",ATL vs. PHI,W,35,36,0.493,240,48,87,0.552,17,37,0.459,19,22,0.864,10,29,39,35,11,4,16,26,132,Atlanta Hawks
1610612737,0022401025,"MAR 22, 2025",ATL vs. GSW,W,34,36,0.486,240,49,86,0.57,15,36,0.417,11,18,0.611,10,36,46,37,5,3,14,23,124,Atlanta Hawks
1610612737,0022400993,"MAR 18, 2025",ATL @ CHA,W,33,36,0.478,240,50,93,0.538,22,45,0.489,12,15,0.8,11,35,46,27,12,8,10,17,134,Atlanta Hawks
1610612737,0022400978,"MAR 16, 2025",ATL @ BKN,L,32,36,0.471,240,42,90,0.467,11,37,0.297,19,24,0.792,10,28,38,27,12,11,14,17,114,Atlanta Hawks
1610612737,0022400960,"MAR 14, 2025",ATL vs. LAC,L,32,35,0.478,240,37,88,0.42,9,33,0.273,15,17,0.882,13,31,44,25,8,6,18,18,98,Atlanta Hawks
1610612737,0022400945,"MAR 12, 2025",ATL vs. CHA,W,32,34,0.485,240,37,88,0.42,14,36,0.389,35,39,0.897,13,30,43,26,13,6,13,16,123,Atlanta Hawks
1610612737,0022400928,"MAR 10, 2025",ATL vs. PHI,W,31,34,0.477,240,53,98,0.541,15,37,0.405,11,14,0.786,14,34,48,34,4,6,15,18,132,Atlanta Hawks
1610612737,0022400914,"MAR 08, 2025",ATL vs. IND,W,30,34,0.469,240,45,97,0.464,10,34,0.294,20,21,0.952,16,32,48,23,10,10,16,22,120,Atlanta Hawks
1610612737,0022400899,"MAR 06, 2025",ATL vs. IND,W,29,34,0.46,240,50,94,0.532,10,30,0.333,14,18,0.778,11,32,43,32,5,4,8,16,124,Atlanta Hawks
1610612737,0022400884,"MAR 04, 2025",ATL vs. MIL,L,28,34,0.452,240,46,101,0.455,16,41,0.39,13,17,0.765,11,36,47,33,10,6,11,21,121,Atlanta Hawks
1610612737,0022400878,"MAR 03, 2025",ATL @ MEM,W,28,33,0.459,240,55,96,0.573,13,28,0.464,9,17,0.529,14,18,32,35,12,7,12,24,132,Atlanta Hawks
1610612737,0022400851,"FEB 28, 2025",ATL vs. OKC,L,27,33,0.45,240,43,88,0.489,15,36,0.417,18,23,0.783,10,36,46,27,8,5,19,14,119,Atlanta Hawks
1610612737,0022400841,"FEB 26, 2025",ATL @ MIA,L,27,32,0.458,240,41,81,0.506,12,32,0.375,15,19,0.789,9,24,33,29,6,3,15,15,109,Atlanta Hawks
1610612737,0022400825,"FEB 24, 2025",ATL vs. MIA,W,27,31,0.466,240,40,88,0.455,9,35,0.257,9,12,0.75,13,37,50,29,13,2,16,22,98,Atlanta Hawks
1610612737,0022400814,"FEB 23, 2025",ATL vs. DET,L,26,31,0.456,240,48,96,0.5,21,45,0.467,26,36,0.722,10,30,40,30,8,6,13,21,143,Atlanta Hawks
1610612737,0022400790,"FEB 20, 2025",ATL vs. ORL,L,26,30,0.464,240,39,100,0.39,11,35,0.314,19,28,0.679,16,35,51,20,7,4,9,25,108,Atlanta Hawks
1610612737,0022400773,"FEB 12, 2025",ATL @ NYK,L,26,29,0.473,265,55,110,0.5,14,38,0.368,24,35,0.686,19,28,47,43,12,10,12,29,148,Atlanta Hawks
1610612737,0022400756,"FEB 10, 2025",ATL @ ORL,W,26,28,0.481,240,38,77,0.494,12,32,0.375,24,28,0.857,6,33,39,29,10,3,16,17,112,Atlanta Hawks
1610612737,0022400744,"FEB 08, 2025",ATL @ WAS,W,25,28,0.472,240,47,97,0.485,18,44,0.409,13,17,0.765,8,33,41,36,6,7,11,19,125,Atlanta Hawks
1610612737,0022400736,"FEB 07, 2025",ATL vs. MIL,W,24,28,0.462,240,45,92,0.489,13,36,0.361,12,18,0.667,11,41,52,29,6,6,11,14,115,Atlanta Hawks
1610612737,0022400719,"FEB 05, 2025",ATL vs. SAS,L,23,28,0.451,240,48,91,0.527,16,42,0.381,13,18,0.722,8,37,45,33,5,5,20,14,125,Atlanta Hawks
1610612737,0022400701,"FEB 03, 2025",ATL @ DET,W,23,27,0.46,240,42,81,0.519,16,37,0.432,32,39,0.821,5,32,37,27,8,7,12,27,132,Atlanta Hawks
1610612737,0022400686,"FEB 01, 2025",ATL @ IND,L,22,27,0.449,240,45,90,0.5,14,37,0.378,23,32,0.719,11,33,44,31,6,4,12,23,127,Atlanta Hawks
1610612737,0022400675,"JAN 30, 2025",ATL @ CLE,L,22,26,0.458,240,41,90,0.456,13,39,0.333,20,27,0.741,10,26,36,28,10,1,11,18,115,Atlanta Hawks
1610612737,0022400532,"JAN 28, 2025",ATL vs. HOU,L,22,25,0.468,240,36,89,0.404,11,47,0.234,13,16,0.813,9,31,40,19,11,5,16,18,96,Atlanta Hawks
1610612737,0022400656,"JAN 27, 2025",ATL @ MIN,L,22,24,0.478,240,34,86,0.395,12,43,0.279,12,18,0.667,14,37,51,24,10,3,21,20,92,Atlanta Hawks
1610612737,0022400639,"JAN 25, 2025",ATL vs. TOR,L,22,23,0.489,240,33,84,0.393,11,37,0.297,17,25,0.68,8,35,43,28,14,5,22,20,94,Atlanta Hawks
1610612737,0022400623,"JAN 23, 2025",ATL vs. TOR,L,22,22,0.5,240,42,87,0.483,13,37,0.351,22,30,0.733,9,27,36,30,11,2,14,21,119,Atlanta Hawks
1610612737,0022400612,"JAN 22, 2025",ATL vs. DET,L,22,21,0.512,240,39,103,0.379,6,38,0.158,20,26,0.769,15,32,47,25,14,3,13,14,104,Atlanta Hawks
1610612737,0022400602,"JAN 20, 2025",ATL @ NYK,L,22,20,0.524,240,40,85,0.471,13,30,0.433,17,22,0.773,16,25,41,23,10,6,23,21,110,Atlanta Hawks
1610612737,0022400587,"JAN 18, 2025",ATL @ BOS,W,22,19,0.537,265,44,93,0.473,9,37,0.243,22,28,0.786,13,42,55,27,9,10,17,17,119,Atlanta Hawks
1610612737,0022400563,"JAN 15, 2025",ATL @ CHI,W,21,19,0.525,240,41,100,0.41,13,43,0.302,15,22,0.682,14,37,51,28,11,5,9,15,110,Atlanta Hawks
1610612737,0022400556,"JAN 14, 2025",ATL vs. PHX,W,20,19,0.513,240,43,98,0.439,17,41,0.415,19,26,0.731,20,34,54,22,10,3,12,21,122,Atlanta Hawks
1610612737,0022400522,"JAN 09, 2025",ATL @ PHX,L,19,19,0.5,240,42,86,0.488,15,32,0.469,16,17,0.941,8,24,32,32,11,3,11,19,115,Atlanta Hawks
1610612737,0022400506,"JAN 07, 2025",ATL @ UTA,W,19,18,0.514,240,47,98,0.48,18,44,0.409,12,15,0.8,12,32,44,35,6,11,10,22,124,Atlanta Hawks
1610612737,0022400486,"JAN 04, 2025",ATL @ LAC,L,18,18,0.5,240,38,88,0.432,16,46,0.348,13,17,0.765,8,35,43,30,11,4,22,12,105,Atlanta Hawks
1610612737,0022400477,"JAN 03, 2025",ATL @ LAL,L,18,17,0.514,240,41,100,0.41,6,34,0.176,14,18,0.778,13,26,39,22,10,3,8,22,102,Atlanta Hawks
1610612737,0022400461,"JAN 01, 2025",ATL @ DEN,L,18,16,0.529,240,45,100,0.45,16,46,0.348,14,21,0.667,12,32,44,34,10,5,13,16,120,Atlanta Hawks
1610612737,0022400438,"DEC 29, 2024",ATL @ TOR,W,18,15,0.545,240,46,95,0.484,18,45,0.4,26,35,0.743,14,26,40,30,22,8,14,19,136,Atlanta Hawks
1610612737,0022400427,"DEC 28, 2024",ATL vs. MIA,W,17,15,0.531,240,44,86,0.512,15,37,0.405,17,22,0.773,9,38,47,34,7,2,11,16,120,Atlanta Hawks
1610612737,0022400413,"DEC 26, 2024",ATL vs. CHI,W,16,15,0.516,240,46,89,0.517,17,45,0.378,32,34,0.941,12,32,44,32,9,5,12,13,141,Atlanta Hawks
1610612737,0022400395,"DEC 23, 2024",ATL vs. MIN,W,15,15,0.5,240,39,73,0.534,18,36,0.5,21,26,0.808,6,32,38,27,15,6,21,14,117,Atlanta Hawks
1610612737,0022400378,"DEC 21, 2024",ATL vs. MEM,L,14,15,0.483,240,39,80,0.488,14,38,0.368,20,24,0.833,6,35,41,29,11,6,25,14,112,Atlanta Hawks
1610612737,0022400370,"DEC 19, 2024",ATL @ SAS,L,14,14,0.5,265,46,97,0.474,16,38,0.421,18,21,0.857,12,41,53,32,14,6,22,22,126,Atlanta Hawks
1610612737,0022401229,"DEC 14, 2024",ATL @ MIL,L,14,13,0.519,240,35,82,0.427,10,24,0.417,22,34,0.647,7,37,44,23,3,6,13,20,102,Atlanta Hawks
1610612737,0022401202,"DEC 11, 2024",ATL @ NYK,W,14,12,0.538,240,43,104,0.413,9,31,0.29,13,20,0.65,22,36,58,27,5,7,10,13,108,Atlanta Hawks
1610612737,0022400350,"DEC 08, 2024",ATL vs. DEN,L,13,12,0.52,240,41,101,0.406,9,40,0.225,20,27,0.741,19,26,45,26,12,2,12,22,111,Atlanta Hawks
1610612737,0022400334,"DEC 06, 2024",ATL vs. LAL,W,13,11,0.542,265,50,100,0.5,17,40,0.425,17,22,0.773,11,37,48,40,10,5,17,24,134,Atlanta Hawks
1610612737,0022400323,"DEC 04, 2024",ATL @ MIL,W,12,11,0.522,240,45,102,0.441,9,32,0.281,20,22,0.909,15,39,54,29,16,3,11,25,119,Atlanta Hawks
1610612737,0022400315,"DEC 02, 2024",ATL vs. NOP,W,11,11,0.5,240,49,96,0.51,10,38,0.263,16,20,0.8,11,40,51,30,12,4,18,15,124,Atlanta Hawks
1610612737,0022400300,"NOV 30, 2024",ATL @ CHA,W,10,11,0.476,240,38,78,0.487,10,33,0.303,21,27,0.778,14,35,49,27,8,7,20,15,107,Atlanta Hawks
1610612737,0022400041,"NOV 29, 2024",ATL vs. CLE,W,9,11,0.45,240,44,85,0.518,14,34,0.412,15,18,0.833,10,43,53,33,9,5,18,20,117,Atlanta Hawks
1610612737,0022400287,"NOV 27, 2024",ATL @ CLE,W,8,11,0.421,240,46,97,0.474,20,42,0.476,23,25,0.92,14,37,51,39,6,6,13,21,135,Atlanta Hawks
1610612737,0022400280,"NOV 25, 2024",ATL vs. DAL,L,7,11,0.389,240,48,101,0.475,9,31,0.29,14,16,0.875,9,30,39,32,10,6,14,15,119,Atlanta Hawks
1610612737,0022400030,"NOV 22, 2024",ATL @ CHI,L,7,10,0.412,240,49,107,0.458,10,34,0.294,14,19,0.737,14,28,42,32,11,4,11,16,122,Atlanta Hawks
1610612737,0022400258,"NOV 20, 2024",ATL @ GSW,L,7,9,0.438,240,35,105,0.333,12,45,0.267,15,24,0.625,21,44,65,27,9,5,17,17,97,Atlanta Hawks
1610612737,0022400250,"NOV 18, 2024",ATL @ SAC,W,7,8,0.467,240,39,83,0.47,16,38,0.421,15,18,0.833,6,31,37,34,7,7,14,19,109,Atlanta Hawks
1610612737,0022400239,"NOV 17, 2024",ATL @ POR,L,6,8,0.429,240,39,85,0.459,11,32,0.344,21,25,0.84,16,31,47,30,10,7,25,19,110,Atlanta Hawks
1610612737,0022400012,"NOV 15, 2024",ATL vs. WAS,W,6,7,0.462,240,46,98,0.469,12,37,0.324,25,30,0.833,15,40,55,28,10,10,16,17,129,Atlanta Hawks
1610612737,0022400001,"NOV 12, 2024",ATL @ BOS,W,5,7,0.417,240,50,99,0.505,10,32,0.313,7,13,0.538,19,25,44,35,16,2,16,17,117,Atlanta Hawks
1610612737,0022400198,"NOV 09, 2024",ATL vs. CHI,L,4,7,0.364,240,41,89,0.461,9,29,0.31,22,30,0.733,10,29,39,31,8,5,13,19,113,Atlanta Hawks
1610612737,0022400185,"NOV 08, 2024",ATL @ DET,L,4,6,0.4,240,44,97,0.454,15,36,0.417,18,23,0.783,15,29,44,30,12,7,17,21,121,Atlanta Hawks
1610612737,0022400171,"NOV 06, 2024",ATL vs. NYK,W,4,5,0.444,240,45,100,0.45,15,38,0.395,16,22,0.727,16,32,48,31,12,4,8,14,121,Atlanta Hawks
1610612737,0022400157,"NOV 04, 2024",ATL vs. BOS,L,3,5,0.375,240,37,89,0.416,6,31,0.194,13,16,0.813,8,35,43,23,9,3,19,13,93,Atlanta Hawks
1610612737,0022400152,"NOV 03, 2024",ATL @ NOP,W,3,4,0.429,240,50,88,0.568,15,36,0.417,11,12,0.917,10,31,41,29,10,3,16,17,126,Atlanta Hawks
1610612737,0022400135,"NOV 01, 2024",ATL vs. SAC,L,2,4,0.333,240,41,92,0.446,19,50,0.38,14,18,0.778,8,32,40,30,8,4,13,22,115,Atlanta Hawks
1610612737,0022400121,"OCT 30, 2024",ATL @ WAS,L,2,3,0.4,240,45,95,0.474,12,39,0.308,18,21,0.857,12,29,41,28,10,3,15,19,120,Atlanta Hawks
1610612737,0022400103,"OCT 28, 2024",ATL vs. WAS,L,2,2,0.5,240,39,81,0.481,15,40,0.375,26,36,0.722,6,33,39,32,12,7,16,22,119,Atlanta Hawks
1610612737,0022400100,"OCT 27, 2024",ATL @ OKC,L,2,1,0.667,240,36,91,0.396,10,31,0.323,22,29,0.759,17,32,49,24,7,4,19,23,104,Atlanta Hawks
1610612737,0022400079,"OCT 25, 2024",ATL vs. CHA,W,2,0,1.0,240,39,81,0.481,14,38,0.368,33,38,0.868,7,32,39,25,11,9,13,28,125,Atlanta Hawks
1610612737,0022400064,"OCT 23, 2024",ATL vs. BKN,W,1,0,1.0,240,39,80,0.488,9,28,0.321,33,46,0.717,12,33,45,25,12,9,16,20,120,Atlanta Hawks
1610612738,0022401187,"APR 13, 2025",BOS vs. CHA,W,61,21,0.744,240,35,90,0.389,14,45,0.311,9,13,0.692,15,34,49,22,12,6,13,14,93,Boston Celtics
1610612738,0022401174,"APR 11, 2025",BOS vs. CHA,W,60,21,0.741,240,49,95,0.516,23,51,0.451,9,12,0.75,10,42,52,35,9,8,10,11,130,Boston Celtics
1610612738,0022401156,"APR 09, 2025",BOS @ ORL,L,59,21,0.738,240,32,82,0.39,7,40,0.175,5,6,0.833,9,34,43,20,5,5,15,11,76,Boston Celtics
1610612738,0022401151,"APR 08, 2025",BOS @ NYK,W,59,20,0.747,265,40,87,0.46,19,49,0.388,20,25,0.8,9,29,38,26,8,4,15,17,119,Boston Celtics
1610612738,0022401137,"APR 06, 2025",BOS vs. WAS,W,58,20,0.744,240,48,98,0.49,24,52,0.462,4,6,0.667,25,37,62,33,6,5,13,9,124,Boston Celtics
1610612738,0022401120,"APR 04, 2025",BOS vs. PHX,W,57,20,0.74,240,45,87,0.517,14,39,0.359,19,22,0.864,10,39,49,28,1,4,7,13,123,Boston Celtics
1610612738,0022401106,"APR 02, 2025",BOS vs. MIA,L,56,20,0.737,240,39,87,0.448,12,43,0.279,13,16,0.813,19,24,43,24,3,6,13,17,103,Boston Celtics
1610612738,0022401093,"MAR 31, 2025",BOS @ MEM,W,56,19,0.747,240,39,96,0.406,21,62,0.339,18,19,0.947,12,42,54,30,4,3,12,11,117,Boston Celtics
1610612738,0022401080,"MAR 29, 2025",BOS @ SAS,W,55,19,0.743,240,45,94,0.479,17,51,0.333,14,18,0.778,15,39,54,32,2,4,9,18,121,Boston Celtics
1610612738,0022401058,"MAR 26, 2025",BOS @ PHX,W,54,19,0.74,240,45,89,0.506,22,52,0.423,20,22,0.909,11,37,48,33,8,7,10,18,132,Boston Celtics
1610612738,0022401044,"MAR 24, 2025",BOS @ SAC,W,53,19,0.736,240,41,90,0.456,19,50,0.38,12,20,0.6,10,35,45,28,9,4,10,14,113,Boston Celtics
1610612738,0022401034,"MAR 23, 2025",BOS @ POR,W,52,19,0.732,240,48,88,0.545,23,50,0.46,10,14,0.714,11,27,38,31,6,6,9,14,129,Boston Celtics
1610612738,0022401020,"MAR 21, 2025",BOS @ UTA,W,51,19,0.729,240,45,97,0.464,17,51,0.333,14,16,0.875,16,32,48,27,13,4,10,15,121,Boston Celtics
1610612738,0022400994,"MAR 18, 2025",BOS vs. BKN,W,50,19,0.725,240,35,79,0.443,16,48,0.333,18,22,0.818,6,42,48,24,6,5,13,14,104,Boston Celtics
1610612738,0022400968,"MAR 15, 2025",BOS @ BKN,W,49,19,0.721,240,44,84,0.524,13,38,0.342,14,19,0.737,13,25,38,29,5,7,7,14,115,Boston Celtics
1610612738,0022400958,"MAR 14, 2025",BOS @ MIA,W,48,19,0.716,240,36,83,0.434,19,50,0.38,12,13,0.923,9,32,41,18,8,4,14,17,103,Boston Celtics
1610612738,0022400946,"MAR 12, 2025",BOS vs. OKC,L,47,19,0.712,240,41,94,0.436,20,63,0.317,10,12,0.833,15,26,41,25,9,6,13,25,112,Boston Celtics
1610612738,0022400929,"MAR 10, 2025",BOS vs. UTA,W,47,18,0.723,240,40,93,0.43,18,53,0.34,16,18,0.889,12,35,47,28,11,8,9,12,114,Boston Celtics
1610612738,0022400918,"MAR 08, 2025",BOS vs. LAL,W,46,18,0.719,240,40,84,0.476,13,38,0.342,18,25,0.72,11,32,43,24,9,5,9,11,111,Boston Celtics
1610612738,0022400900,"MAR 06, 2025",BOS vs. PHI,W,45,18,0.714,240,46,91,0.505,19,48,0.396,12,13,0.923,16,30,46,32,8,6,10,16,123,Boston Celtics
1610612738,0022400891,"MAR 05, 2025",BOS vs. POR,W,44,18,0.71,240,45,97,0.464,23,54,0.426,15,17,0.882,18,34,52,24,5,6,9,14,128,Boston Celtics
1610612738,0022400866,"MAR 02, 2025",BOS vs. DEN,W,43,18,0.705,240,37,78,0.474,14,34,0.412,22,27,0.815,10,35,45,26,7,4,14,18,110,Boston Celtics
1610612738,0022400852,"FEB 28, 2025",BOS vs. CLE,L,42,18,0.7,240,43,89,0.483,17,39,0.436,13,17,0.765,14,26,40,20,5,5,11,19,116,Boston Celtics
1610612738,0022400836,"FEB 26, 2025",BOS @ DET,L,42,17,0.712,240,33,80,0.413,21,49,0.429,10,15,0.667,7,25,32,21,9,1,17,15,97,Boston Celtics
1610612738,0022400829,"FEB 25, 2025",BOS @ TOR,W,42,16,0.724,240,44,93,0.473,15,51,0.294,8,8,1.0,12,27,39,24,9,4,14,16,111,Boston Celtics
1610612738,0022400811,"FEB 23, 2025",BOS vs. NYK,W,41,16,0.719,240,45,91,0.495,17,44,0.386,11,11,1.0,12,37,49,27,8,5,10,14,118,Boston Celtics
1610612738,0022400789,"FEB 20, 2025",BOS @ PHI,W,40,16,0.714,240,43,89,0.483,24,54,0.444,14,15,0.933,11,38,49,33,3,6,10,16,124,Boston Celtics
1610612738,0022400769,"FEB 12, 2025",BOS vs. SAS,W,39,16,0.709,240,42,91,0.462,18,55,0.327,14,21,0.667,15,41,56,25,3,5,15,12,116,Boston Celtics
1610612738,0022400759,"FEB 10, 2025",BOS @ MIA,W,38,16,0.704,240,39,85,0.459,17,53,0.321,8,8,1.0,3,49,52,24,4,5,6,11,103,Boston Celtics
1610612738,0022400748,"FEB 08, 2025",BOS @ NYK,W,37,16,0.698,240,46,85,0.541,19,39,0.487,20,24,0.833,11,37,48,21,6,7,10,21,131,Boston Celtics
1610612738,0022400728,"FEB 06, 2025",BOS vs. DAL,L,36,16,0.692,240,46,89,0.517,16,37,0.432,12,15,0.8,11,29,40,30,2,6,14,17,120,Boston Celtics
1610612738,0022400710,"FEB 04, 2025",BOS @ CLE,W,36,15,0.706,240,40,98,0.408,17,48,0.354,15,18,0.833,15,38,53,26,10,6,12,21,112,Boston Celtics
1610612738,0022400698,"FEB 02, 2025",BOS @ PHI,W,35,15,0.7,240,42,84,0.5,21,49,0.429,13,16,0.813,5,33,38,34,3,8,9,21,118,Boston Celtics
1610612738,0022400683,"JAN 31, 2025",BOS @ NOP,W,34,15,0.694,240,42,84,0.5,16,41,0.39,18,26,0.692,5,30,35,32,12,7,13,16,118,Boston Celtics
1610612738,0022400666,"JAN 29, 2025",BOS vs. CHI,W,33,15,0.688,240,41,87,0.471,18,44,0.409,22,27,0.815,6,39,45,32,9,3,8,13,122,Boston Celtics
1610612738,0022400650,"JAN 27, 2025",BOS vs. HOU,L,32,15,0.681,240,39,80,0.488,15,39,0.385,19,20,0.95,7,34,41,21,4,4,14,20,112,Boston Celtics
1610612738,0022400635,"JAN 25, 2025",BOS @ DAL,W,32,14,0.696,240,44,103,0.427,20,52,0.385,14,19,0.737,17,34,51,33,4,5,5,24,122,Boston Celtics
1610612738,0022400629,"JAN 23, 2025",BOS @ LAL,L,31,14,0.689,240,35,91,0.385,14,41,0.341,12,18,0.667,11,31,42,23,5,6,7,17,96,Boston Celtics
1610612738,0022400620,"JAN 22, 2025",BOS @ LAC,W,31,13,0.705,265,41,90,0.456,19,50,0.38,16,20,0.8,8,24,32,24,11,4,19,14,117,Boston Celtics
1610612738,0022400604,"JAN 20, 2025",BOS @ GSW,W,30,13,0.698,240,49,92,0.533,20,48,0.417,7,8,0.875,8,42,50,33,8,9,9,8,125,Boston Celtics
1610612738,0022400587,"JAN 18, 2025",BOS vs. ATL,L,29,13,0.69,265,40,104,0.385,15,52,0.288,20,23,0.87,17,36,53,23,13,6,14,18,115,Boston Celtics
1610612738,0022400577,"JAN 17, 2025",BOS vs. ORL,W,29,12,0.707,240,42,80,0.525,17,37,0.459,20,22,0.909,11,30,41,25,6,3,10,23,121,Boston Celtics
1610612738,0022400562,"JAN 15, 2025",BOS @ TOR,L,28,12,0.7,240,36,91,0.396,16,46,0.348,9,18,0.5,13,32,45,24,6,8,9,16,97,Boston Celtics
1610612738,0022400542,"JAN 12, 2025",BOS vs. NOP,W,28,11,0.718,240,44,101,0.436,13,44,0.295,19,23,0.826,18,37,55,23,5,7,11,18,120,Boston Celtics
1610612738,0022400528,"JAN 10, 2025",BOS vs. SAC,L,27,11,0.711,240,34,84,0.405,11,41,0.268,18,22,0.818,8,35,43,22,5,7,15,14,97,Boston Celtics
1610612738,0022400507,"JAN 07, 2025",BOS @ DEN,W,27,10,0.73,240,44,88,0.5,12,35,0.343,18,20,0.9,11,30,41,30,11,7,11,13,118,Boston Celtics
1610612738,0022400487,"JAN 05, 2025",BOS @ OKC,L,26,10,0.722,240,31,85,0.365,9,46,0.196,21,24,0.875,12,36,48,17,6,5,16,18,92,Boston Celtics
1610612738,0022400471,"JAN 03, 2025",BOS @ HOU,W,26,9,0.743,240,39,77,0.506,19,39,0.487,12,18,0.667,12,29,41,20,6,8,14,13,109,Boston Celtics
1610612738,0022400464,"JAN 02, 2025",BOS @ MIN,W,25,9,0.735,240,46,92,0.5,22,57,0.386,4,6,0.667,10,21,31,30,9,4,3,16,118,Boston Celtics
1610612738,0022400449,"DEC 31, 2024",BOS vs. TOR,W,24,9,0.727,240,47,87,0.54,22,43,0.512,9,15,0.6,11,38,49,29,14,7,13,10,125,Boston Celtics
1610612738,0022400437,"DEC 29, 2024",BOS vs. IND,L,23,9,0.719,240,43,93,0.462,16,54,0.296,12,19,0.632,8,33,41,26,6,6,8,22,114,Boston Celtics
1610612738,0022400420,"DEC 27, 2024",BOS vs. IND,W,23,8,0.742,240,47,92,0.511,23,56,0.411,25,29,0.862,18,34,52,31,9,6,10,19,142,Boston Celtics
1610612738,0022400407,"DEC 25, 2024",BOS vs. PHI,L,22,8,0.733,240,43,95,0.453,20,49,0.408,8,13,0.615,13,38,51,24,3,4,13,18,114,Boston Celtics
1610612738,0022400393,"DEC 23, 2024",BOS @ ORL,L,22,7,0.759,240,37,84,0.44,8,33,0.242,22,27,0.815,8,33,41,13,13,5,18,16,104,Boston Celtics
1610612738,0022400381,"DEC 21, 2024",BOS @ CHI,W,22,6,0.786,240,48,100,0.48,15,45,0.333,12,14,0.857,17,42,59,27,8,4,12,12,123,Boston Celtics
1610612738,0022400363,"DEC 19, 2024",BOS vs. CHI,L,21,6,0.778,240,38,97,0.392,14,56,0.25,18,21,0.857,11,34,45,21,6,8,4,13,108,Boston Celtics
1610612738,0022401217,"DEC 15, 2024",BOS @ WAS,W,21,5,0.808,240,40,93,0.43,18,46,0.391,14,24,0.583,16,40,56,26,11,5,18,15,112,Boston Celtics
1610612738,0022401205,"DEC 12, 2024",BOS vs. DET,W,20,5,0.8,240,46,90,0.511,20,48,0.417,11,13,0.846,8,43,51,34,6,4,14,9,123,Boston Celtics
1610612738,0022400345,"DEC 07, 2024",BOS vs. MEM,L,19,5,0.792,240,42,105,0.4,18,60,0.3,19,28,0.679,15,36,51,26,6,7,13,16,121,Boston Celtics
1610612738,0022400335,"DEC 06, 2024",BOS vs. MIL,W,19,4,0.826,240,40,87,0.46,17,53,0.321,14,16,0.875,7,34,41,27,5,6,6,18,111,Boston Celtics
1610612738,0022400319,"DEC 04, 2024",BOS vs. DET,W,18,4,0.818,240,45,94,0.479,21,53,0.396,19,25,0.76,14,29,43,30,11,7,16,14,130,Boston Celtics
1610612738,0022400316,"DEC 02, 2024",BOS vs. MIA,W,17,4,0.81,240,39,89,0.438,19,55,0.345,11,13,0.846,14,40,54,25,5,9,14,20,108,Boston Celtics
1610612738,0022400307,"DEC 01, 2024",BOS @ CLE,L,16,4,0.8,240,38,95,0.4,17,49,0.347,18,19,0.947,10,36,46,17,11,6,8,19,111,Boston Celtics
1610612738,0022400047,"NOV 29, 2024",BOS @ CHI,W,16,3,0.842,240,49,98,0.5,23,54,0.426,17,23,0.739,11,40,51,24,6,2,9,13,138,Boston Celtics
1610612738,0022400281,"NOV 25, 2024",BOS vs. LAC,W,15,3,0.833,240,45,88,0.511,22,51,0.431,14,20,0.7,8,39,47,33,10,11,11,12,126,Boston Celtics
1610612738,0022400271,"NOV 24, 2024",BOS vs. MIN,W,14,3,0.824,240,37,87,0.425,21,56,0.375,12,15,0.8,8,32,40,25,5,7,6,23,107,Boston Celtics
1610612738,0022400028,"NOV 22, 2024",BOS @ WAS,W,13,3,0.813,240,36,85,0.424,11,46,0.239,25,32,0.781,10,33,43,22,11,7,12,19,108,Boston Celtics
1610612738,0022400021,"NOV 19, 2024",BOS vs. CLE,W,12,3,0.8,240,44,86,0.512,22,41,0.537,10,14,0.714,9,33,42,32,4,4,13,19,120,Boston Celtics
1610612738,0022400230,"NOV 16, 2024",BOS vs. TOR,W,11,3,0.786,265,44,99,0.444,21,61,0.344,17,19,0.895,14,28,42,30,2,6,9,20,126,Boston Celtics
1610612738,0022400218,"NOV 13, 2024",BOS @ BKN,W,10,3,0.769,240,50,93,0.538,22,46,0.478,17,24,0.708,12,33,45,35,7,6,7,17,139,Boston Celtics
1610612738,0022400001,"NOV 12, 2024",BOS vs. ATL,L,9,3,0.75,240,38,75,0.507,18,45,0.4,22,27,0.815,6,28,34,28,7,5,20,12,116,Boston Celtics
1610612738,0022400202,"NOV 10, 2024",BOS @ MIL,W,9,2,0.818,240,35,86,0.407,19,50,0.38,24,27,0.889,8,34,42,27,5,2,12,16,113,Boston Celtics
1610612738,0022400187,"NOV 08, 2024",BOS vs. BKN,W,8,2,0.8,265,39,90,0.433,14,53,0.264,16,19,0.842,4,35,39,23,7,9,13,15,108,Boston Celtics
1610612738,0022400172,"NOV 06, 2024",BOS vs. GSW,L,7,2,0.778,240,38,90,0.422,19,54,0.352,17,21,0.81,13,34,47,22,5,3,12,18,112,Boston Celtics
1610612738,0022400157,"NOV 04, 2024",BOS @ ATL,W,7,1,0.875,240,48,99,0.485,18,55,0.327,9,13,0.692,11,39,50,27,15,7,12,14,123,Boston Celtics
1610612738,0022400141,"NOV 02, 2024",BOS @ CHA,W,6,1,0.857,240,36,82,0.439,16,52,0.308,25,28,0.893,8,36,44,23,4,4,15,17,113,Boston Celtics
1610612738,0022400132,"NOV 01, 2024",BOS @ CHA,W,5,1,0.833,240,41,86,0.477,13,42,0.31,29,35,0.829,11,30,41,21,12,5,10,13,124,Boston Celtics
1610612738,0022400119,"OCT 30, 2024",BOS @ IND,L,4,1,0.8,265,44,109,0.404,19,57,0.333,25,31,0.806,18,33,51,23,11,5,14,19,132,Boston Celtics
1610612738,0022400104,"OCT 28, 2024",BOS vs. MIL,W,4,0,1.0,240,43,87,0.494,18,47,0.383,15,19,0.789,4,34,38,24,5,5,12,18,119,Boston Celtics
1610612738,0022400089,"OCT 26, 2024",BOS @ DET,W,3,0,1.0,240,38,90,0.422,22,48,0.458,26,30,0.867,13,24,37,19,10,6,10,16,124,Boston Celtics
1610612738,0022400073,"OCT 24, 2024",BOS @ WAS,W,2,0,1.0,240,42,90,0.467,17,45,0.378,21,27,0.778,12,37,49,21,7,3,14,19,122,Boston Celtics
1610612738,0022400061,"OCT 22, 2024",BOS vs. NYK,W,1,0,1.0,240,48,95,0.505,29,61,0.475,7,8,0.875,11,29,40,33,6,3,3,15,132,Boston Celtics
1610612739,0022401189,"APR 13, 2025",CLE vs. IND,L,64,18,0.78,290,44,115,0.383,18,60,0.3,12,22,0.545,18,47,65,21,6,9,21,23,118,Cleveland Cavaliers
1610612739,0022401175,"APR 11, 2025",CLE @ NYK,W,64,17,0.79,240,38,77,0.494,11,31,0.355,21,30,0.7,13,36,49,23,7,2,15,17,108,Cleveland Cavaliers
1610612739,0022401168,"APR 10, 2025",CLE @ IND,L,63,17,0.788,240,43,98,0.439,17,37,0.459,9,13,0.692,11,39,50,24,6,3,11,16,112,Cleveland Cavaliers
1610612739,0022401147,"APR 08, 2025",CLE vs. CHI,W,63,16,0.797,240,51,100,0.51,25,50,0.5,8,13,0.615,16,29,45,35,13,3,12,15,135,Cleveland Cavaliers
1610612739,0022401138,"APR 06, 2025",CLE vs. SAC,L,62,16,0.795,240,46,88,0.523,10,38,0.263,11,19,0.579,13,26,39,31,11,5,16,17,113,Cleveland Cavaliers
1610612739,0022401124,"APR 04, 2025",CLE @ SAS,W,62,15,0.805,240,41,87,0.471,22,51,0.431,10,14,0.714,7,37,44,31,6,4,15,13,114,Cleveland Cavaliers
1610612739,0022401103,"APR 02, 2025",CLE vs. NYK,W,61,15,0.803,240,50,94,0.532,12,37,0.324,12,14,0.857,15,29,44,23,8,5,13,18,124,Cleveland Cavaliers
1610612739,0022401081,"MAR 30, 2025",CLE vs. LAC,W,60,15,0.8,240,47,93,0.505,15,45,0.333,18,23,0.783,10,35,45,33,11,3,10,17,127,Cleveland Cavaliers
1610612739,0022401067,"MAR 28, 2025",CLE @ DET,L,59,15,0.797,240,39,84,0.464,15,40,0.375,29,38,0.763,11,30,41,16,9,3,14,27,122,Cleveland Cavaliers
1610612739,0022401059,"MAR 27, 2025",CLE vs. SAS,W,59,14,0.808,240,46,99,0.465,17,48,0.354,15,18,0.833,14,42,56,33,7,5,13,14,124,Cleveland Cavaliers
1610612739,0022401051,"MAR 25, 2025",CLE @ POR,W,58,14,0.806,240,48,88,0.545,12,27,0.444,14,17,0.824,9,32,41,28,4,6,11,18,122,Cleveland Cavaliers
1610612739,0022401030,"MAR 23, 2025",CLE @ UTA,W,57,14,0.803,240,44,96,0.458,11,48,0.229,21,31,0.677,14,37,51,28,9,7,6,16,120,Cleveland Cavaliers
1610612739,0022401021,"MAR 21, 2025",CLE @ PHX,L,56,14,0.8,240,42,94,0.447,17,45,0.378,11,14,0.786,16,28,44,24,11,5,11,12,112,Cleveland Cavaliers
1610612739,0022401009,"MAR 19, 2025",CLE @ SAC,L,56,13,0.812,240,46,84,0.548,13,34,0.382,14,18,0.778,8,29,37,24,7,1,12,14,119,Cleveland Cavaliers
1610612739,0022400997,"MAR 18, 2025",CLE @ LAC,L,56,12,0.824,240,44,90,0.489,14,41,0.341,17,26,0.654,10,19,29,29,6,0,8,21,119,Cleveland Cavaliers
1610612739,0022400979,"MAR 16, 2025",CLE vs. ORL,L,56,11,0.836,240,40,96,0.417,10,40,0.25,13,20,0.65,16,32,48,21,7,1,13,22,103,Cleveland Cavaliers
1610612739,0022400962,"MAR 14, 2025",CLE @ MEM,W,56,10,0.848,240,44,88,0.5,19,51,0.373,26,33,0.788,8,35,43,32,9,4,15,17,133,Cleveland Cavaliers
1610612739,0022400940,"MAR 11, 2025",CLE vs. BKN,W,55,10,0.846,240,39,89,0.438,10,42,0.238,21,25,0.84,12,36,48,23,7,4,14,10,109,Cleveland Cavaliers
1610612739,0022400922,"MAR 09, 2025",CLE @ MIL,W,54,10,0.844,240,39,88,0.443,19,47,0.404,15,19,0.789,13,31,44,25,11,2,15,15,112,Cleveland Cavaliers
1610612739,0022400904,"MAR 07, 2025",CLE @ CHA,W,53,10,0.841,240,32,76,0.421,11,34,0.324,43,51,0.843,9,36,45,16,7,4,13,19,118,Cleveland Cavaliers
1610612739,0022400893,"MAR 05, 2025",CLE vs. MIA,W,52,10,0.839,240,41,87,0.471,14,40,0.35,16,22,0.727,10,37,47,26,7,4,13,19,112,Cleveland Cavaliers
1610612739,0022400886,"MAR 04, 2025",CLE @ CHI,W,51,10,0.836,240,46,98,0.469,17,48,0.354,30,33,0.909,11,42,53,27,4,4,8,14,139,Cleveland Cavaliers
1610612739,0022400867,"MAR 02, 2025",CLE vs. POR,W,50,10,0.833,265,42,97,0.433,19,46,0.413,30,35,0.857,13,34,47,27,12,5,13,27,133,Cleveland Cavaliers
1610612739,0022400852,"FEB 28, 2025",CLE @ BOS,W,49,10,0.831,240,45,94,0.479,17,39,0.436,16,19,0.842,14,30,44,23,4,3,7,14,123,Cleveland Cavaliers
1610612739,0022400830,"FEB 25, 2025",CLE @ ORL,W,48,10,0.828,240,45,80,0.563,19,32,0.594,13,16,0.813,9,38,47,25,5,5,11,13,122,Cleveland Cavaliers
1610612739,0022400819,"FEB 23, 2025",CLE vs. MEM,W,47,10,0.825,240,46,99,0.465,13,47,0.277,24,35,0.686,22,35,57,25,5,5,14,25,129,Cleveland Cavaliers
1610612739,0022400797,"FEB 21, 2025",CLE vs. NYK,W,46,10,0.821,240,56,92,0.609,19,37,0.514,11,15,0.733,11,36,47,38,12,2,15,15,142,Cleveland Cavaliers
1610612739,0022400791,"FEB 20, 2025",CLE @ BKN,W,45,10,0.818,240,40,94,0.426,11,39,0.282,19,27,0.704,17,35,52,19,8,5,16,20,110,Cleveland Cavaliers
1610612739,0022400774,"FEB 12, 2025",CLE @ TOR,W,44,10,0.815,240,48,99,0.485,18,53,0.34,17,20,0.85,13,40,53,34,11,4,13,19,131,Cleveland Cavaliers
1610612739,0022400755,"FEB 10, 2025",CLE vs. MIN,W,43,10,0.811,240,48,94,0.511,17,43,0.395,15,20,0.75,14,35,49,27,10,5,16,24,128,Cleveland Cavaliers
1610612739,0022400735,"FEB 07, 2025",CLE @ WAS,W,42,10,0.808,240,48,94,0.511,16,38,0.421,22,24,0.917,15,31,46,32,9,3,14,20,134,Cleveland Cavaliers
1610612739,0022400718,"FEB 05, 2025",CLE @ DET,W,41,10,0.804,240,41,85,0.482,16,38,0.421,20,24,0.833,11,35,46,28,6,7,23,22,118,Cleveland Cavaliers
1610612739,0022400710,"FEB 04, 2025",CLE vs. BOS,L,40,10,0.8,240,36,91,0.396,11,39,0.282,22,26,0.846,14,37,51,18,6,1,13,23,105,Cleveland Cavaliers
1610612739,0022400696,"FEB 02, 2025",CLE vs. DAL,W,40,9,0.816,240,53,93,0.57,26,45,0.578,12,16,0.75,3,48,51,39,7,8,8,17,144,Cleveland Cavaliers
1610612739,0022400675,"JAN 30, 2025",CLE vs. ATL,W,39,9,0.813,240,53,91,0.582,13,39,0.333,18,20,0.9,10,39,49,34,9,3,11,19,137,Cleveland Cavaliers
1610612739,0022400667,"JAN 29, 2025",CLE @ MIA,W,38,9,0.809,240,54,100,0.54,13,42,0.31,5,6,0.833,13,34,47,29,10,2,7,17,126,Cleveland Cavaliers
1610612739,0022400649,"JAN 27, 2025",CLE vs. DET,W,37,9,0.804,240,40,91,0.44,12,44,0.273,18,23,0.783,12,41,53,28,5,4,9,13,110,Cleveland Cavaliers
1610612739,0022400640,"JAN 25, 2025",CLE vs. HOU,L,36,9,0.8,240,47,91,0.516,17,39,0.436,20,26,0.769,10,30,40,28,4,5,11,30,131,Cleveland Cavaliers
1610612739,0022400631,"JAN 24, 2025",CLE @ PHI,L,36,8,0.818,240,45,90,0.5,25,52,0.481,14,19,0.737,10,27,37,30,10,5,16,20,129,Cleveland Cavaliers
1610612739,0022400615,"JAN 22, 2025",CLE @ HOU,L,36,7,0.837,240,41,97,0.423,13,41,0.317,13,19,0.684,20,25,45,25,12,5,13,18,108,Cleveland Cavaliers
1610612739,0022400603,"JAN 20, 2025",CLE vs. PHX,W,36,6,0.857,240,41,95,0.432,19,46,0.413,17,23,0.739,15,35,50,27,10,1,8,18,118,Cleveland Cavaliers
1610612739,0022400590,"JAN 18, 2025",CLE @ MIN,W,35,6,0.854,240,42,92,0.457,17,48,0.354,23,25,0.92,13,34,47,27,4,1,7,18,124,Cleveland Cavaliers
1610612739,0022400574,"JAN 16, 2025",CLE @ OKC,L,34,6,0.85,240,42,90,0.467,13,42,0.31,17,21,0.81,11,38,49,32,2,5,21,11,114,Cleveland Cavaliers
1610612739,0022400554,"JAN 14, 2025",CLE @ IND,W,34,5,0.872,240,43,89,0.483,15,44,0.341,26,31,0.839,14,35,49,25,8,6,14,18,127,Cleveland Cavaliers
1610612739,0022400543,"JAN 12, 2025",CLE vs. IND,L,33,5,0.868,240,33,83,0.398,11,41,0.268,16,18,0.889,6,38,44,24,4,5,13,18,93,Cleveland Cavaliers
1610612739,0022400517,"JAN 09, 2025",CLE vs. TOR,W,33,4,0.892,240,47,89,0.528,18,45,0.4,20,25,0.8,16,26,42,31,8,3,11,11,132,Cleveland Cavaliers
1610612739,0022400509,"JAN 08, 2025",CLE vs. OKC,W,32,4,0.889,240,47,90,0.522,15,36,0.417,20,27,0.741,12,28,40,36,7,2,15,20,129,Cleveland Cavaliers
1610612739,0022400488,"JAN 05, 2025",CLE vs. CHA,W,31,4,0.886,240,44,92,0.478,15,43,0.349,12,16,0.75,9,32,41,29,5,5,12,17,115,Cleveland Cavaliers
1610612739,0022400474,"JAN 03, 2025",CLE @ DAL,W,30,4,0.882,240,52,98,0.531,15,40,0.375,15,20,0.75,10,36,46,38,5,7,7,20,134,Cleveland Cavaliers
1610612739,0022400454,"DEC 31, 2024",CLE @ LAL,W,29,4,0.879,240,45,93,0.484,18,46,0.391,14,17,0.824,10,38,48,32,5,8,11,15,122,Cleveland Cavaliers
1610612739,0022400446,"DEC 30, 2024",CLE @ GSW,W,28,4,0.875,240,44,96,0.458,18,47,0.383,7,10,0.7,11,43,54,25,10,6,16,25,113,Cleveland Cavaliers
1610612739,0022400424,"DEC 27, 2024",CLE @ DEN,W,27,4,0.871,240,54,96,0.563,23,48,0.479,18,22,0.818,9,29,38,40,10,7,10,17,149,Cleveland Cavaliers
1610612739,0022400392,"DEC 23, 2024",CLE vs. UTA,W,26,4,0.867,240,43,91,0.473,20,46,0.435,18,23,0.783,10,30,40,33,10,3,9,23,124,Cleveland Cavaliers
1610612739,0022400380,"DEC 21, 2024",CLE vs. PHI,W,25,4,0.862,240,48,90,0.533,22,43,0.512,8,15,0.533,13,36,49,31,8,1,13,18,126,Cleveland Cavaliers
1610612739,0022400374,"DEC 20, 2024",CLE vs. MIL,W,24,4,0.857,240,46,91,0.505,20,47,0.426,12,14,0.857,9,39,48,30,11,0,15,10,124,Cleveland Cavaliers
1610612739,0022401224,"DEC 16, 2024",CLE @ BKN,W,23,4,0.852,240,43,81,0.531,19,47,0.404,25,29,0.862,12,30,42,33,14,6,17,19,130,Cleveland Cavaliers
1610612739,0022401208,"DEC 13, 2024",CLE vs. WAS,W,22,4,0.846,240,36,91,0.396,15,50,0.3,28,40,0.7,16,34,50,27,10,5,11,14,115,Cleveland Cavaliers
1610612739,0022400351,"DEC 08, 2024",CLE @ MIA,L,21,4,0.84,240,41,86,0.477,14,33,0.424,17,18,0.944,5,31,36,25,5,1,9,18,113,Cleveland Cavaliers
1610612739,0022400340,"DEC 07, 2024",CLE @ CHA,W,21,3,0.875,240,42,84,0.5,14,38,0.368,18,24,0.75,14,33,47,28,6,6,11,20,116,Cleveland Cavaliers
1610612739,0022400325,"DEC 05, 2024",CLE vs. DEN,W,20,3,0.87,240,47,94,0.5,22,48,0.458,10,16,0.625,9,38,47,32,9,3,15,17,126,Cleveland Cavaliers
1610612739,0022400051,"DEC 03, 2024",CLE vs. WAS,W,19,3,0.864,240,43,89,0.483,16,46,0.348,16,25,0.64,7,38,45,31,11,4,11,20,118,Cleveland Cavaliers
1610612739,0022400307,"DEC 01, 2024",CLE vs. BOS,W,18,3,0.857,240,39,80,0.488,17,36,0.472,20,25,0.8,6,38,44,22,5,7,17,20,115,Cleveland Cavaliers
1610612739,0022400041,"NOV 29, 2024",CLE @ ATL,L,17,3,0.85,240,38,93,0.409,11,38,0.289,14,17,0.824,11,29,40,21,9,0,13,22,101,Cleveland Cavaliers
1610612739,0022400287,"NOV 27, 2024",CLE vs. ATL,L,17,2,0.895,240,44,95,0.463,15,48,0.313,21,28,0.75,12,32,44,31,11,5,12,21,124,Cleveland Cavaliers
1610612739,0022400275,"NOV 24, 2024",CLE vs. TOR,W,17,1,0.944,240,48,97,0.495,16,41,0.39,10,14,0.714,14,35,49,27,11,4,13,21,122,Cleveland Cavaliers
1610612739,0022400252,"NOV 20, 2024",CLE vs. NOP,W,16,1,0.941,240,49,93,0.527,18,42,0.429,12,14,0.857,16,36,52,29,10,9,11,16,128,Cleveland Cavaliers
1610612739,0022400021,"NOV 19, 2024",CLE @ BOS,L,15,1,0.938,240,46,93,0.495,10,29,0.345,15,17,0.882,12,29,41,30,4,3,7,15,117,Cleveland Cavaliers
1610612739,0022400236,"NOV 17, 2024",CLE vs. CHA,W,15,0,1.0,240,44,77,0.571,13,30,0.433,27,28,0.964,9,39,48,26,3,4,20,15,128,Cleveland Cavaliers
1610612739,0022400013,"NOV 15, 2024",CLE vs. CHI,W,14,0,1.0,240,51,93,0.548,21,43,0.488,21,24,0.875,4,36,40,33,11,6,13,16,144,Cleveland Cavaliers
1610612739,0022400220,"NOV 13, 2024",CLE @ PHI,W,13,0,1.0,240,42,85,0.494,16,40,0.4,14,17,0.824,9,37,46,25,8,1,11,14,114,Cleveland Cavaliers
1610612739,0022400212,"NOV 11, 2024",CLE @ CHI,W,12,0,1.0,240,43,97,0.443,15,45,0.333,18,24,0.75,12,31,43,26,14,3,8,13,119,Cleveland Cavaliers
1610612739,0022400199,"NOV 09, 2024",CLE vs. BKN,W,11,0,1.0,240,40,74,0.541,10,28,0.357,15,19,0.789,4,29,33,24,12,5,14,18,105,Cleveland Cavaliers
1610612739,0022400188,"NOV 08, 2024",CLE vs. GSW,W,10,0,1.0,240,46,85,0.541,20,42,0.476,24,28,0.857,9,34,43,33,7,7,19,12,136,Cleveland Cavaliers
1610612739,0022400175,"NOV 06, 2024",CLE @ NOP,W,9,0,1.0,240,52,96,0.542,17,35,0.486,10,13,0.769,12,34,46,33,6,10,11,21,131,Cleveland Cavaliers
1610612739,0022400154,"NOV 04, 2024",CLE vs. MIL,W,8,0,1.0,240,46,91,0.505,17,37,0.459,7,13,0.538,5,34,39,28,10,4,10,15,116,Cleveland Cavaliers
1610612739,0022400145,"NOV 02, 2024",CLE @ MIL,W,7,0,1.0,240,44,91,0.484,15,38,0.395,11,15,0.733,10,35,45,31,3,2,7,20,114,Cleveland Cavaliers
1610612739,0022400133,"NOV 01, 2024",CLE vs. ORL,W,6,0,1.0,240,44,87,0.506,15,38,0.395,17,20,0.85,7,42,49,25,6,4,12,21,120,Cleveland Cavaliers
1610612739,0022400118,"OCT 30, 2024",CLE vs. LAL,W,5,0,1.0,240,56,97,0.577,17,41,0.415,5,8,0.625,6,30,36,37,14,2,12,26,134,Cleveland Cavaliers
1610612739,0022400106,"OCT 28, 2024",CLE @ NYK,W,4,0,1.0,240,39,82,0.476,12,36,0.333,20,24,0.833,9,32,41,21,10,5,13,20,110,Cleveland Cavaliers
1610612739,0022400090,"OCT 26, 2024",CLE @ WAS,W,3,0,1.0,240,47,88,0.534,18,39,0.462,23,34,0.676,11,37,48,27,13,10,16,27,135,Cleveland Cavaliers
1610612739,0022400080,"OCT 25, 2024",CLE vs. DET,W,2,0,1.0,240,42,82,0.512,13,34,0.382,16,23,0.696,5,34,39,28,13,4,12,15,113,Cleveland Cavaliers
1610612739,0022400067,"OCT 23, 2024",CLE @ TOR,W,1,0,1.0,240,51,87,0.586,14,30,0.467,20,26,0.769,8,28,36,29,10,9,12,22,136,Cleveland Cavaliers
1610612740,0022401196,"APR 13, 2025",NOP vs. OKC,L,21,61,0.256,240,35,91,0.385,7,38,0.184,23,30,0.767,11,36,47,22,6,4,12,19,100,New Orleans Pelicans
1610612740,0022401177,"APR 11, 2025",NOP vs. MIA,L,21,60,0.259,240,38,95,0.4,14,37,0.378,14,20,0.7,12,30,42,27,6,2,13,16,104,New Orleans Pelicans
1610612740,0022401161,"APR 10, 2025",NOP @ MIL,L,21,59,0.263,240,41,96,0.427,15,47,0.319,14,19,0.737,15,38,53,28,8,0,16,21,111,New Orleans Pelicans
1610612740,0022401150,"APR 08, 2025",NOP @ BKN,L,21,58,0.266,240,39,82,0.476,12,33,0.364,24,31,0.774,9,33,42,26,10,6,17,18,114,New Orleans Pelicans
1610612740,0022400617,"APR 06, 2025",NOP vs. MIL,L,21,57,0.269,240,43,95,0.453,12,33,0.364,9,14,0.643,9,39,48,31,4,6,11,14,107,New Orleans Pelicans
1610612740,0022401126,"APR 04, 2025",NOP @ LAL,L,21,56,0.273,240,40,82,0.488,14,34,0.412,14,22,0.636,15,23,38,27,10,2,16,22,108,New Orleans Pelicans
1610612740,0022401111,"APR 02, 2025",NOP @ LAC,L,21,55,0.276,240,43,85,0.506,4,22,0.182,8,11,0.727,7,32,39,29,9,4,15,21,98,New Orleans Pelicans
1610612740,0022401085,"MAR 30, 2025",NOP vs. CHA,W,21,54,0.28,240,38,92,0.413,9,31,0.29,13,17,0.765,14,43,57,24,9,8,17,17,98,New Orleans Pelicans
1610612740,0022401072,"MAR 28, 2025",NOP vs. GSW,L,20,54,0.27,240,33,81,0.407,7,23,0.304,22,28,0.786,14,32,46,24,6,5,15,23,95,New Orleans Pelicans
1610612740,0022401041,"MAR 24, 2025",NOP vs. PHI,W,20,53,0.274,240,43,87,0.494,15,35,0.429,11,13,0.846,13,38,51,36,11,5,16,17,112,New Orleans Pelicans
1610612740,0022401029,"MAR 23, 2025",NOP @ DET,L,19,53,0.264,240,49,85,0.576,20,40,0.5,12,16,0.75,10,27,37,35,3,5,17,30,130,New Orleans Pelicans
1610612740,0022401016,"MAR 21, 2025",NOP @ MIN,L,19,52,0.268,240,34,68,0.5,11,31,0.355,14,22,0.636,7,26,33,20,11,4,25,20,93,New Orleans Pelicans
1610612740,0022401001,"MAR 19, 2025",NOP @ MIN,W,19,51,0.271,240,47,89,0.528,13,29,0.448,12,22,0.545,11,35,46,28,5,6,13,25,119,New Orleans Pelicans
1610612740,0022400987,"MAR 17, 2025",NOP vs. DET,L,18,51,0.261,240,28,86,0.326,5,32,0.156,20,30,0.667,13,26,39,18,7,6,16,15,81,New Orleans Pelicans
1610612740,0022400973,"MAR 15, 2025",NOP @ SAS,L,18,50,0.265,240,46,92,0.5,12,35,0.343,11,11,1.0,12,40,52,34,2,3,15,20,115,New Orleans Pelicans
1610612740,0022401141,"MAR 13, 2025",NOP vs. ORL,L,18,49,0.269,240,35,79,0.443,7,25,0.28,16,21,0.762,11,29,40,23,3,4,13,16,93,New Orleans Pelicans
1610612740,0022400943,"MAR 11, 2025",NOP vs. LAC,W,18,48,0.273,240,47,85,0.553,17,31,0.548,16,18,0.889,12,34,46,34,7,7,19,16,127,New Orleans Pelicans
1610612740,0022400923,"MAR 09, 2025",NOP vs. MEM,L,17,48,0.262,240,35,85,0.412,13,34,0.382,21,27,0.778,10,29,39,24,5,6,14,15,104,New Orleans Pelicans
1610612740,0022400913,"MAR 08, 2025",NOP @ HOU,L,17,47,0.266,240,48,99,0.485,12,34,0.353,9,16,0.563,18,26,44,29,7,3,13,17,117,New Orleans Pelicans
1610612740,0022400902,"MAR 06, 2025",NOP vs. HOU,L,17,46,0.27,240,31,83,0.373,9,27,0.333,26,33,0.788,15,26,41,17,9,7,15,19,97,New Orleans Pelicans
1610612740,0022400890,"MAR 04, 2025",NOP @ LAL,L,17,45,0.274,240,46,93,0.495,9,34,0.265,14,21,0.667,10,25,35,29,11,3,9,17,115,New Orleans Pelicans
1610612740,0022400872,"MAR 02, 2025",NOP @ UTA,W,17,44,0.279,240,53,102,0.52,15,44,0.341,7,13,0.538,13,35,48,35,8,5,11,15,128,New Orleans Pelicans
1610612740,0022400857,"FEB 28, 2025",NOP @ PHX,L,16,44,0.267,240,44,87,0.506,11,28,0.393,9,15,0.6,13,22,35,28,10,3,14,13,108,New Orleans Pelicans
1610612740,0022400848,"FEB 27, 2025",NOP @ PHX,W,16,43,0.271,240,50,104,0.481,17,47,0.362,7,12,0.583,16,34,50,25,3,6,6,12,124,New Orleans Pelicans
1610612740,0022400833,"FEB 25, 2025",NOP vs. SAS,W,15,43,0.259,240,41,94,0.436,7,31,0.226,20,25,0.8,20,34,54,25,11,6,19,17,109,New Orleans Pelicans
1610612740,0022400818,"FEB 23, 2025",NOP vs. SAS,W,14,43,0.246,240,42,94,0.447,11,33,0.333,19,26,0.731,17,52,69,27,3,3,16,19,114,New Orleans Pelicans
1610612740,0022400803,"FEB 21, 2025",NOP @ DAL,L,13,43,0.232,240,38,92,0.413,8,27,0.296,19,25,0.76,14,39,53,25,8,6,14,23,103,New Orleans Pelicans
1610612740,0022400785,"FEB 13, 2025",NOP vs. SAC,W,13,42,0.236,265,46,92,0.5,21,50,0.42,27,34,0.794,7,38,45,32,11,7,10,17,140,New Orleans Pelicans
1610612740,0022400777,"FEB 12, 2025",NOP vs. SAC,L,12,42,0.222,240,44,94,0.468,8,32,0.25,15,18,0.833,12,28,40,28,7,5,8,23,111,New Orleans Pelicans
1610612740,0022400761,"FEB 10, 2025",NOP @ OKC,L,12,41,0.226,240,36,82,0.439,10,27,0.37,19,28,0.679,12,30,42,19,4,4,22,14,101,New Orleans Pelicans
1610612740,0022400750,"FEB 08, 2025",NOP @ SAC,L,12,40,0.231,240,43,90,0.478,14,36,0.389,18,25,0.72,5,34,39,27,12,8,16,24,118,New Orleans Pelicans
1610612740,0022400726,"FEB 05, 2025",NOP @ DEN,L,12,39,0.235,240,43,93,0.462,10,29,0.345,23,26,0.885,10,28,38,26,5,3,11,10,119,New Orleans Pelicans
1610612740,0022400706,"FEB 03, 2025",NOP @ DEN,L,12,38,0.24,240,38,88,0.432,18,38,0.474,19,22,0.864,14,27,41,27,5,4,10,21,113,New Orleans Pelicans
1610612740,0022400683,"JAN 31, 2025",NOP vs. BOS,L,12,37,0.245,240,44,90,0.489,15,37,0.405,13,19,0.684,10,38,48,16,7,2,18,21,116,New Orleans Pelicans
1610612740,0022400670,"JAN 29, 2025",NOP vs. DAL,L,12,36,0.25,240,51,96,0.531,15,31,0.484,19,22,0.864,10,26,36,31,13,6,8,15,136,New Orleans Pelicans
1610612740,0022400654,"JAN 27, 2025",NOP @ TOR,L,12,35,0.255,240,39,89,0.438,6,28,0.214,20,30,0.667,6,40,46,21,9,11,12,16,104,New Orleans Pelicans
1610612740,0022400637,"JAN 25, 2025",NOP @ CHA,L,12,34,0.261,240,32,84,0.381,8,31,0.258,20,26,0.769,9,30,39,21,8,5,13,17,92,New Orleans Pelicans
1610612740,0022400632,"JAN 24, 2025",NOP @ MEM,L,12,33,0.267,240,45,83,0.542,14,34,0.412,22,32,0.688,8,27,35,30,6,3,12,10,126,New Orleans Pelicans
1610612740,0022400605,"JAN 20, 2025",NOP vs. UTA,W,12,32,0.273,265,41,92,0.446,15,41,0.366,26,29,0.897,6,39,45,28,12,8,13,24,123,New Orleans Pelicans
1610612740,0022400581,"JAN 17, 2025",NOP vs. UTA,W,11,32,0.256,240,47,100,0.47,22,50,0.44,20,31,0.645,21,35,56,34,9,8,13,24,136,New Orleans Pelicans
1610612740,0022400566,"JAN 15, 2025",NOP vs. DAL,W,10,32,0.238,240,43,97,0.443,13,39,0.333,20,24,0.833,15,34,49,24,11,8,10,20,119,New Orleans Pelicans
1610612740,0022400557,"JAN 14, 2025",NOP @ CHI,W,9,32,0.22,240,42,96,0.438,14,50,0.28,21,26,0.808,13,33,46,32,11,5,10,13,119,New Orleans Pelicans
1610612740,0022400542,"JAN 12, 2025",NOP @ BOS,L,8,32,0.2,240,40,86,0.465,17,37,0.459,22,26,0.846,6,36,42,24,8,3,9,19,119,New Orleans Pelicans
1610612740,0022400527,"JAN 10, 2025",NOP @ PHI,W,8,31,0.205,240,44,91,0.484,18,40,0.45,17,26,0.654,12,32,44,31,7,8,12,16,123,New Orleans Pelicans
1610612740,0022400514,"JAN 08, 2025",NOP vs. POR,L,7,31,0.184,240,40,90,0.444,12,37,0.324,8,11,0.727,18,23,41,19,11,3,17,15,100,New Orleans Pelicans
1610612740,0022400505,"JAN 07, 2025",NOP vs. MIN,L,7,30,0.189,240,35,94,0.372,12,41,0.293,15,24,0.625,13,33,46,23,12,5,14,18,97,New Orleans Pelicans
1610612740,0022400489,"JAN 05, 2025",NOP @ WAS,W,7,29,0.194,240,37,90,0.411,18,49,0.367,18,20,0.9,11,38,49,26,7,8,11,13,110,New Orleans Pelicans
1610612740,0022400472,"JAN 03, 2025",NOP vs. WAS,W,6,29,0.171,240,48,96,0.5,18,41,0.439,18,22,0.818,13,24,37,36,10,6,7,22,132,New Orleans Pelicans
1610612740,0022400457,"JAN 01, 2025",NOP @ MIA,L,5,29,0.147,240,40,80,0.5,9,34,0.265,19,22,0.864,5,26,31,25,4,7,10,15,108,New Orleans Pelicans
1610612740,0022400444,"DEC 30, 2024",NOP vs. LAC,L,5,28,0.152,240,42,82,0.512,18,37,0.486,11,14,0.786,6,29,35,30,13,5,16,22,113,New Orleans Pelicans
1610612740,0022400423,"DEC 27, 2024",NOP vs. MEM,L,5,27,0.156,240,43,96,0.448,11,38,0.289,27,29,0.931,12,33,45,30,13,10,17,25,124,New Orleans Pelicans
1610612740,0022400416,"DEC 26, 2024",NOP vs. HOU,L,5,26,0.161,240,43,99,0.434,12,37,0.324,13,18,0.722,17,27,44,29,12,2,13,16,111,New Orleans Pelicans
1610612740,0022400390,"DEC 22, 2024",NOP vs. DEN,L,5,25,0.167,265,50,108,0.463,12,40,0.3,17,23,0.739,9,34,43,37,16,9,13,23,129,New Orleans Pelicans
1610612740,0022400384,"DEC 21, 2024",NOP vs. NYK,L,5,24,0.172,240,34,83,0.41,12,34,0.353,13,19,0.684,16,29,45,23,8,5,19,20,93,New Orleans Pelicans
1610612740,0022400365,"DEC 19, 2024",NOP @ HOU,L,5,23,0.179,240,41,92,0.446,13,28,0.464,18,25,0.72,11,26,37,25,6,2,12,22,113,New Orleans Pelicans
1610612740,0022401216,"DEC 15, 2024",NOP @ IND,L,5,22,0.185,240,38,97,0.392,10,33,0.303,18,23,0.783,19,30,49,18,11,4,18,19,104,New Orleans Pelicans
1610612740,0022401207,"DEC 12, 2024",NOP vs. SAC,L,5,21,0.192,240,39,83,0.47,14,37,0.378,17,20,0.85,10,33,43,22,6,4,17,22,109,New Orleans Pelicans
1610612740,0022400354,"DEC 08, 2024",NOP @ SAS,L,5,20,0.2,240,43,99,0.434,13,38,0.342,17,21,0.81,13,30,43,26,9,8,8,21,116,New Orleans Pelicans
1610612740,0022400342,"DEC 07, 2024",NOP vs. OKC,L,5,19,0.208,240,38,79,0.481,11,37,0.297,22,27,0.815,8,27,35,25,15,6,18,20,109,New Orleans Pelicans
1610612740,0022400330,"DEC 05, 2024",NOP vs. PHX,W,5,18,0.217,240,47,95,0.495,14,36,0.389,18,25,0.72,12,32,44,23,13,4,13,24,126,New Orleans Pelicans
1610612740,0022400315,"DEC 02, 2024",NOP @ ATL,L,4,18,0.182,240,44,100,0.44,13,42,0.31,11,17,0.647,15,26,41,21,15,5,16,18,112,New Orleans Pelicans
1610612740,0022400308,"DEC 01, 2024",NOP @ NYK,L,4,17,0.19,240,35,94,0.372,4,27,0.148,11,17,0.647,13,29,42,20,14,9,14,19,85,New Orleans Pelicans
1610612740,0022400042,"NOV 29, 2024",NOP @ MEM,L,4,16,0.2,240,38,91,0.418,9,29,0.31,24,30,0.8,14,32,46,16,9,7,14,17,109,New Orleans Pelicans
1610612740,0022400295,"NOV 27, 2024",NOP vs. TOR,L,4,15,0.211,240,36,93,0.387,11,35,0.314,10,16,0.625,10,37,47,24,12,4,15,16,93,New Orleans Pelicans
1610612740,0022400279,"NOV 25, 2024",NOP @ IND,L,4,14,0.222,240,45,87,0.517,9,33,0.273,11,19,0.579,8,36,44,35,9,3,15,16,110,New Orleans Pelicans
1610612740,0022400032,"NOV 22, 2024",NOP vs. GSW,L,4,13,0.235,240,41,92,0.446,12,39,0.308,14,22,0.636,13,30,43,28,10,9,9,25,108,New Orleans Pelicans
1610612740,0022400252,"NOV 20, 2024",NOP @ CLE,L,4,12,0.25,240,39,92,0.424,8,31,0.258,14,22,0.636,16,24,40,23,9,3,11,11,100,New Orleans Pelicans
1610612740,0022400024,"NOV 19, 2024",NOP @ DAL,L,4,11,0.267,240,31,78,0.397,11,32,0.344,18,21,0.857,7,30,37,19,9,4,21,22,91,New Orleans Pelicans
1610612740,0022400231,"NOV 16, 2024",NOP vs. LAL,L,4,10,0.286,240,35,83,0.422,11,29,0.379,18,23,0.783,18,32,50,24,7,4,17,19,99,New Orleans Pelicans
1610612740,0022400017,"NOV 15, 2024",NOP vs. DEN,W,4,9,0.308,240,37,87,0.425,11,35,0.314,16,18,0.889,17,39,56,21,4,5,14,13,101,New Orleans Pelicans
1610612740,0022400221,"NOV 13, 2024",NOP @ OKC,L,3,9,0.25,240,34,86,0.395,9,37,0.243,11,17,0.647,21,37,58,21,3,4,23,15,88,New Orleans Pelicans
1610612740,0022400214,"NOV 11, 2024",NOP vs. BKN,L,3,8,0.273,240,42,94,0.447,10,30,0.333,11,12,0.917,14,31,45,31,13,4,10,15,105,New Orleans Pelicans
1610612740,0022400186,"NOV 08, 2024",NOP @ ORL,L,3,7,0.3,240,32,84,0.381,10,31,0.323,14,17,0.824,6,25,31,18,10,1,15,19,88,New Orleans Pelicans
1610612740,0022400175,"NOV 06, 2024",NOP vs. CLE,L,3,6,0.333,240,42,88,0.477,13,27,0.481,25,28,0.893,8,25,33,21,8,8,9,14,122,New Orleans Pelicans
1610612740,0022400164,"NOV 04, 2024",NOP vs. POR,L,3,5,0.375,240,38,84,0.452,10,35,0.286,14,16,0.875,10,24,34,24,5,3,12,20,100,New Orleans Pelicans
1610612740,0022400152,"NOV 03, 2024",NOP vs. ATL,L,3,4,0.429,240,39,90,0.433,16,38,0.421,17,20,0.85,18,25,43,22,6,3,18,16,111,New Orleans Pelicans
1610612740,0022400138,"NOV 01, 2024",NOP vs. IND,W,3,3,0.5,240,49,101,0.485,12,31,0.387,15,19,0.789,15,31,46,28,8,4,6,15,125,New Orleans Pelicans
1610612740,0022400126,"OCT 30, 2024",NOP @ GSW,L,2,3,0.4,240,33,90,0.367,11,36,0.306,12,20,0.6,18,31,49,24,7,6,14,17,89,New Orleans Pelicans
1610612740,0022400116,"OCT 29, 2024",NOP @ GSW,L,2,2,0.5,240,40,74,0.541,9,22,0.409,17,24,0.708,9,35,44,23,4,6,23,13,106,New Orleans Pelicans
1610612740,0022400099,"OCT 27, 2024",NOP @ POR,L,2,1,0.667,240,38,88,0.432,8,29,0.276,19,24,0.792,15,24,39,24,9,8,15,22,103,New Orleans Pelicans
1610612740,0022400086,"OCT 25, 2024",NOP @ POR,W,2,0,1.0,240,36,86,0.419,12,32,0.375,21,31,0.677,11,33,44,25,12,8,14,22,105,New Orleans Pelicans
1610612740,0022400069,"OCT 23, 2024",NOP vs. CHI,W,1,0,1.0,240,45,97,0.464,14,37,0.378,19,21,0.905,7,35,42,29,15,10,11,17,123,New Orleans Pelicans
1610612741,0022401191,"APR 13, 2025",CHI @ PHI,W,39,43,0.476,240,47,103,0.456,13,40,0.325,15,20,0.75,15,44,59,29,10,4,12,17,122,Chicago Bulls
1610612741,0022401176,"APR 11, 2025",CHI vs. WAS,W,38,43,0.469,240,43,93,0.462,13,41,0.317,20,22,0.909,13,41,54,32,8,7,12,13,119,Chicago Bulls
1610612741,0022401160,"APR 09, 2025",CHI vs. MIA,W,37,43,0.463,240,46,89,0.517,14,37,0.378,13,13,1.0,10,36,46,33,8,7,16,14,119,Chicago Bulls
1610612741,0022401147,"APR 08, 2025",CHI @ CLE,L,36,43,0.456,240,41,86,0.477,15,43,0.349,16,19,0.842,12,33,45,26,9,3,20,15,113,Chicago Bulls
1610612741,0022401133,"APR 06, 2025",CHI @ CHA,W,36,42,0.462,240,46,86,0.535,16,36,0.444,23,29,0.793,9,32,41,26,8,1,12,23,131,Chicago Bulls
1610612741,0022401122,"APR 04, 2025",CHI vs. POR,W,35,42,0.455,240,41,87,0.471,10,27,0.37,26,31,0.839,11,50,61,25,2,8,17,16,118,Chicago Bulls
1610612741,0022401099,"APR 01, 2025",CHI vs. TOR,W,34,42,0.447,240,50,88,0.568,14,34,0.412,23,27,0.852,10,39,49,36,10,2,12,9,137,Chicago Bulls
1610612741,0022401094,"MAR 31, 2025",CHI @ OKC,L,33,42,0.44,240,44,98,0.449,16,51,0.314,13,16,0.813,10,33,43,29,7,7,19,16,117,Chicago Bulls
1610612741,0022401077,"MAR 29, 2025",CHI vs. DAL,L,33,41,0.446,240,43,91,0.473,14,33,0.424,19,24,0.792,12,44,56,31,4,3,19,17,119,Chicago Bulls
1610612741,0022401063,"MAR 27, 2025",CHI vs. LAL,W,33,40,0.452,240,43,92,0.467,19,44,0.432,14,22,0.636,11,37,48,33,4,2,15,15,119,Chicago Bulls
1610612741,0022401042,"MAR 24, 2025",CHI @ DEN,W,32,40,0.444,240,45,91,0.495,17,39,0.436,22,26,0.846,12,31,43,31,8,5,10,17,129,Chicago Bulls
1610612741,0022401028,"MAR 22, 2025",CHI @ LAL,W,31,40,0.437,240,56,96,0.583,19,41,0.463,15,20,0.75,10,32,42,41,17,5,10,16,146,Chicago Bulls
1610612741,0022401013,"MAR 20, 2025",CHI @ SAC,W,30,40,0.429,240,45,86,0.523,15,35,0.429,23,26,0.885,12,28,40,32,9,2,12,19,128,Chicago Bulls
1610612741,0022401007,"MAR 19, 2025",CHI @ PHX,L,29,40,0.42,240,49,90,0.544,15,38,0.395,8,12,0.667,8,32,40,29,7,8,13,19,121,Chicago Bulls
1610612741,0022400989,"MAR 17, 2025",CHI @ UTA,W,29,39,0.426,240,42,97,0.433,14,45,0.311,13,16,0.813,9,40,49,29,12,3,9,14,111,Chicago Bulls
1610612741,0022400970,"MAR 15, 2025",CHI @ HOU,L,28,39,0.418,240,43,93,0.462,14,38,0.368,14,16,0.875,5,31,36,24,6,5,10,23,114,Chicago Bulls
1610612741,0022400956,"MAR 13, 2025",CHI vs. BKN,W,28,38,0.424,240,41,90,0.456,11,37,0.297,23,26,0.885,13,34,47,24,8,4,8,16,116,Chicago Bulls
1610612741,0022400933,"MAR 10, 2025",CHI vs. IND,W,27,38,0.415,240,49,98,0.5,12,33,0.364,11,14,0.786,10,46,56,30,4,6,18,19,121,Chicago Bulls
1610612741,0022400916,"MAR 08, 2025",CHI @ MIA,W,26,38,0.406,240,40,88,0.455,11,42,0.262,23,26,0.885,5,46,51,27,6,4,10,14,114,Chicago Bulls
1610612741,0022400944,"MAR 06, 2025",CHI @ ORL,W,25,38,0.397,240,43,86,0.5,15,40,0.375,24,30,0.8,13,35,48,25,5,7,18,31,125,Chicago Bulls
1610612741,0022400886,"MAR 04, 2025",CHI vs. CLE,L,24,38,0.387,240,47,106,0.443,11,44,0.25,12,17,0.706,10,40,50,32,6,6,7,21,117,Chicago Bulls
1610612741,0022400868,"MAR 02, 2025",CHI @ IND,L,24,37,0.393,240,44,88,0.5,10,33,0.303,14,18,0.778,12,30,42,24,6,4,12,17,112,Chicago Bulls
1610612741,0022400855,"FEB 28, 2025",CHI vs. TOR,W,24,36,0.4,265,45,101,0.446,13,49,0.265,22,25,0.88,10,35,45,32,11,4,11,16,125,Chicago Bulls
1610612741,0022400842,"FEB 26, 2025",CHI vs. LAC,L,23,36,0.39,240,46,94,0.489,19,42,0.452,6,11,0.545,15,26,41,35,9,1,16,12,117,Chicago Bulls
1610612741,0022400823,"FEB 24, 2025",CHI @ PHI,W,23,35,0.397,240,45,89,0.506,18,40,0.45,34,36,0.944,10,34,44,32,11,6,13,19,142,Chicago Bulls
1610612741,0022400806,"FEB 22, 2025",CHI vs. PHX,L,22,35,0.386,240,41,98,0.418,18,53,0.34,17,17,1.0,11,34,45,29,9,4,9,21,117,Chicago Bulls
1610612741,0022400792,"FEB 20, 2025",CHI @ NYK,L,22,34,0.393,265,41,103,0.398,19,48,0.396,10,12,0.833,11,42,53,24,6,6,15,12,111,Chicago Bulls
1610612741,0022400775,"FEB 12, 2025",CHI vs. DET,L,22,33,0.4,240,37,86,0.43,9,41,0.22,27,30,0.9,10,27,37,23,9,7,16,27,110,Chicago Bulls
1610612741,0022400766,"FEB 11, 2025",CHI vs. DET,L,22,32,0.407,240,35,100,0.35,10,47,0.213,12,19,0.632,14,30,44,22,9,2,14,10,92,Chicago Bulls
1610612741,0022400745,"FEB 08, 2025",CHI vs. GSW,L,22,31,0.415,240,35,79,0.443,17,39,0.436,24,31,0.774,6,25,31,24,8,4,17,19,111,Chicago Bulls
1610612741,0022400723,"FEB 05, 2025",CHI @ MIN,L,22,30,0.423,240,40,83,0.482,12,36,0.333,16,22,0.727,6,28,34,25,9,5,9,22,108,Chicago Bulls
1610612741,0022400714,"FEB 04, 2025",CHI vs. MIA,W,22,29,0.431,240,48,91,0.527,19,41,0.463,18,22,0.818,7,36,43,35,4,3,10,18,133,Chicago Bulls
1610612741,0022400695,"FEB 02, 2025",CHI @ DET,L,21,29,0.42,240,41,89,0.461,19,52,0.365,18,20,0.9,11,33,44,28,7,4,19,11,119,Chicago Bulls
1610612741,0022400682,"JAN 31, 2025",CHI @ TOR,W,21,28,0.429,240,45,89,0.506,18,40,0.45,14,17,0.824,9,43,52,34,4,9,10,18,122,Chicago Bulls
1610612741,0022400666,"JAN 29, 2025",CHI @ BOS,L,20,28,0.417,240,37,92,0.402,15,49,0.306,11,12,0.917,10,37,47,28,3,7,14,19,100,Chicago Bulls
1610612741,0022400655,"JAN 27, 2025",CHI vs. DEN,W,20,27,0.426,240,49,98,0.5,24,53,0.453,7,8,0.875,13,34,47,35,11,5,17,14,129,Chicago Bulls
1610612741,0022400642,"JAN 25, 2025",CHI vs. PHI,L,19,27,0.413,240,36,85,0.424,12,38,0.316,13,20,0.65,13,41,54,24,6,3,19,16,97,Chicago Bulls
1610612741,0022400628,"JAN 23, 2025",CHI @ GSW,L,19,26,0.422,240,34,87,0.391,16,40,0.4,22,27,0.815,10,32,42,22,7,2,11,16,106,Chicago Bulls
1610612741,0022400611,"JAN 20, 2025",CHI @ LAC,W,19,25,0.432,240,38,94,0.404,15,46,0.326,21,26,0.808,17,37,54,25,7,6,10,17,112,Chicago Bulls
1610612741,0022400597,"JAN 19, 2025",CHI @ POR,L,18,25,0.419,240,36,81,0.444,8,29,0.276,22,26,0.846,8,28,36,21,10,7,14,19,102,Chicago Bulls
1610612741,0022400584,"JAN 17, 2025",CHI vs. CHA,L,18,24,0.429,240,48,95,0.505,14,40,0.35,13,14,0.929,12,33,45,34,9,3,13,18,123,Chicago Bulls
1610612741,0022400563,"JAN 15, 2025",CHI vs. ATL,L,18,23,0.439,240,39,88,0.443,6,27,0.222,10,10,1.0,8,45,53,23,5,5,20,15,94,Chicago Bulls
1610612741,0022400557,"JAN 14, 2025",CHI vs. NOP,L,18,22,0.45,240,45,102,0.441,14,43,0.326,9,12,0.75,18,39,57,31,8,6,15,19,113,Chicago Bulls
1610612741,0022400541,"JAN 12, 2025",CHI vs. SAC,L,18,21,0.462,240,43,93,0.462,18,37,0.486,15,20,0.75,8,37,45,26,4,4,7,18,119,Chicago Bulls
1610612741,0022400530,"JAN 10, 2025",CHI vs. WAS,W,18,20,0.474,240,53,95,0.558,23,49,0.469,9,14,0.643,11,44,55,39,11,7,13,12,138,Chicago Bulls
1610612741,0022400510,"JAN 08, 2025",CHI @ IND,L,17,20,0.459,240,44,86,0.512,12,35,0.343,13,19,0.684,9,30,39,23,6,6,18,24,113,Chicago Bulls
1610612741,0022400498,"JAN 06, 2025",CHI vs. SAS,W,17,19,0.472,240,44,102,0.431,13,39,0.333,13,15,0.867,14,33,47,25,12,4,13,9,114,Chicago Bulls
1610612741,0022400482,"JAN 04, 2025",CHI vs. NYK,W,16,19,0.457,240,51,94,0.543,20,37,0.541,17,18,0.944,9,34,43,36,6,4,12,21,139,Chicago Bulls
1610612741,0022400456,"JAN 01, 2025",CHI @ WAS,L,15,19,0.441,240,41,92,0.446,14,47,0.298,11,14,0.786,8,36,44,28,11,6,20,13,107,Chicago Bulls
1610612741,0022400442,"DEC 30, 2024",CHI @ CHA,W,15,18,0.455,265,39,104,0.375,18,60,0.3,19,27,0.704,14,49,63,31,11,4,13,17,115,Chicago Bulls
1610612741,0022400430,"DEC 28, 2024",CHI vs. MIL,W,14,18,0.438,240,45,95,0.474,14,36,0.389,12,17,0.706,11,41,52,33,4,6,11,16,116,Chicago Bulls
1610612741,0022400413,"DEC 26, 2024",CHI @ ATL,L,13,18,0.419,240,53,98,0.541,22,43,0.512,5,6,0.833,9,27,36,36,8,1,14,26,133,Chicago Bulls
1610612741,0022400398,"DEC 23, 2024",CHI vs. MIL,L,13,17,0.433,240,36,90,0.4,10,48,0.208,9,12,0.75,9,37,46,27,9,1,15,15,91,Chicago Bulls
1610612741,0022400381,"DEC 21, 2024",CHI vs. BOS,L,13,16,0.448,240,37,98,0.378,14,41,0.341,10,11,0.909,10,33,43,28,8,4,12,14,98,Chicago Bulls
1610612741,0022400363,"DEC 19, 2024",CHI @ BOS,W,13,15,0.464,240,42,94,0.447,19,52,0.365,14,16,0.875,11,45,56,23,2,2,10,19,117,Chicago Bulls
1610612741,0022401223,"DEC 16, 2024",CHI @ TOR,W,12,15,0.444,240,43,93,0.462,14,40,0.35,22,28,0.786,8,33,41,33,12,8,12,23,122,Chicago Bulls
1610612741,0022401212,"DEC 13, 2024",CHI vs. CHA,W,11,15,0.423,240,37,93,0.398,14,51,0.275,21,25,0.84,14,38,52,27,12,11,16,19,109,Chicago Bulls
1610612741,0022400347,"DEC 08, 2024",CHI vs. PHI,L,10,15,0.4,240,35,86,0.407,19,54,0.352,11,12,0.917,2,33,35,29,9,3,15,18,100,Chicago Bulls
1610612741,0022400336,"DEC 06, 2024",CHI vs. IND,L,10,14,0.417,240,46,97,0.474,21,50,0.42,10,12,0.833,8,30,38,33,8,6,12,13,123,Chicago Bulls
1610612741,0022400331,"DEC 05, 2024",CHI @ SAS,W,10,13,0.435,240,52,90,0.578,17,37,0.459,18,23,0.783,11,39,50,36,6,5,17,26,139,Chicago Bulls
1610612741,0022400317,"DEC 02, 2024",CHI vs. BKN,W,9,13,0.409,240,48,92,0.522,16,47,0.34,16,19,0.842,11,43,54,33,8,5,16,16,128,Chicago Bulls
1610612741,0022400047,"NOV 29, 2024",CHI vs. BOS,L,8,13,0.381,240,48,93,0.516,20,51,0.392,13,16,0.813,5,38,43,28,7,2,8,17,129,Chicago Bulls
1610612741,0022400289,"NOV 27, 2024",CHI @ ORL,L,8,12,0.4,240,46,87,0.529,16,42,0.381,11,16,0.688,7,30,37,30,9,6,18,26,119,Chicago Bulls
1610612741,0022400035,"NOV 26, 2024",CHI @ WAS,W,8,11,0.421,240,47,94,0.5,14,40,0.35,19,22,0.864,8,42,50,29,6,4,10,22,127,Chicago Bulls
1610612741,0022400266,"NOV 23, 2024",CHI vs. MEM,L,7,11,0.389,240,49,97,0.505,19,42,0.452,14,19,0.737,10,25,35,29,4,8,11,14,131,Chicago Bulls
1610612741,0022400030,"NOV 22, 2024",CHI vs. ATL,W,7,10,0.412,240,49,86,0.57,19,43,0.442,19,21,0.905,5,36,41,36,8,10,19,17,136,Chicago Bulls
1610612741,0022400253,"NOV 20, 2024",CHI @ MIL,L,6,10,0.375,240,41,88,0.466,17,45,0.378,7,7,1.0,5,28,33,25,7,2,14,23,106,Chicago Bulls
1610612741,0022400244,"NOV 18, 2024",CHI @ DET,W,6,9,0.4,240,44,91,0.484,23,46,0.5,11,14,0.786,10,36,46,28,3,5,10,16,122,Chicago Bulls
1610612741,0022400241,"NOV 17, 2024",CHI vs. HOU,L,5,9,0.357,240,36,107,0.336,14,56,0.25,21,22,0.955,13,34,47,26,8,7,13,21,107,Chicago Bulls
1610612741,0022400013,"NOV 15, 2024",CHI @ CLE,L,5,8,0.385,240,45,88,0.511,20,42,0.476,16,20,0.8,3,33,36,32,7,4,17,20,126,Chicago Bulls
1610612741,0022400219,"NOV 13, 2024",CHI @ NYK,W,5,7,0.417,240,44,82,0.537,14,36,0.389,22,27,0.815,7,33,40,31,10,6,18,17,124,Chicago Bulls
1610612741,0022400212,"NOV 11, 2024",CHI vs. CLE,L,4,7,0.364,240,43,87,0.494,14,38,0.368,13,16,0.813,8,43,51,26,7,5,20,17,113,Chicago Bulls
1610612741,0022400198,"NOV 09, 2024",CHI @ ATL,W,4,6,0.4,240,46,92,0.5,13,39,0.333,20,23,0.87,13,34,47,30,12,6,17,18,125,Chicago Bulls
1610612741,0022400181,"NOV 07, 2024",CHI vs. MIN,L,3,6,0.333,240,47,88,0.534,15,36,0.417,10,15,0.667,10,22,32,30,9,4,13,20,119,Chicago Bulls
1610612741,0022400176,"NOV 06, 2024",CHI @ DAL,L,3,5,0.375,240,36,86,0.419,12,42,0.286,15,23,0.652,14,37,51,25,8,2,22,17,99,Chicago Bulls
1610612741,0022400160,"NOV 04, 2024",CHI vs. UTA,L,3,4,0.429,240,45,95,0.474,14,37,0.378,22,25,0.88,10,26,36,36,7,7,9,23,126,Chicago Bulls
1610612741,0022400136,"NOV 01, 2024",CHI @ BKN,L,3,3,0.5,240,38,88,0.432,17,44,0.386,19,24,0.792,10,34,44,24,5,3,16,15,112,Chicago Bulls
1610612741,0022400123,"OCT 30, 2024",CHI vs. ORL,W,3,2,0.6,240,36,84,0.429,13,34,0.382,17,25,0.68,9,45,54,23,6,2,14,16,102,Chicago Bulls
1610612741,0022400108,"OCT 28, 2024",CHI @ MEM,W,2,2,0.5,240,45,100,0.45,25,53,0.472,11,17,0.647,11,39,50,36,5,6,9,15,126,Chicago Bulls
1610612741,0022400091,"OCT 26, 2024",CHI vs. OKC,L,1,2,0.333,240,32,92,0.348,15,53,0.283,16,22,0.727,11,50,61,23,6,2,26,19,95,Chicago Bulls
1610612741,0022400083,"OCT 25, 2024",CHI @ MIL,W,1,1,0.5,240,46,96,0.479,21,47,0.447,20,23,0.87,9,37,46,30,10,4,9,17,133,Chicago Bulls
1610612741,0022400069,"OCT 23, 2024",CHI @ NOP,L,0,1,0.0,240,42,86,0.488,10,34,0.294,17,25,0.68,9,38,47,26,4,2,21,16,111,Chicago Bulls
1610612742,0022401194,"APR 13, 2025",DAL @ MEM,L,39,43,0.476,240,38,87,0.437,5,28,0.179,16,22,0.727,10,28,38,20,6,3,18,13,97,Dallas Mavericks
1610612742,0022401178,"APR 11, 2025",DAL vs. TOR,W,39,42,0.481,240,49,89,0.551,15,34,0.441,11,17,0.647,12,44,56,34,8,10,17,12,124,Dallas Mavericks
1610612742,0022401159,"APR 09, 2025",DAL vs. LAL,L,38,42,0.475,240,36,72,0.5,9,26,0.346,16,23,0.696,9,29,38,30,6,6,19,14,97,Dallas Mavericks
1610612742,0022401132,"APR 05, 2025",DAL @ LAC,L,38,41,0.481,240,34,78,0.436,7,27,0.259,29,38,0.763,10,31,41,18,5,8,15,18,104,Dallas Mavericks
1610612742,0022401127,"APR 04, 2025",DAL @ LAC,L,38,40,0.487,240,35,77,0.455,4,20,0.2,17,26,0.654,6,33,39,19,7,0,17,14,91,Dallas Mavericks
1610612742,0022401109,"APR 02, 2025",DAL vs. ATL,W,38,39,0.494,240,44,83,0.53,15,33,0.455,17,21,0.81,4,38,42,27,7,8,13,16,120,Dallas Mavericks
1610612742,0022401095,"MAR 31, 2025",DAL vs. BKN,L,37,39,0.487,240,41,86,0.477,10,30,0.333,17,29,0.586,12,37,49,29,4,3,8,19,109,Dallas Mavericks
1610612742,0022401077,"MAR 29, 2025",DAL @ CHI,W,37,38,0.493,240,47,101,0.465,9,30,0.3,17,21,0.81,8,33,41,28,9,8,6,18,120,Dallas Mavericks
1610612742,0022401060,"MAR 27, 2025",DAL @ ORL,W,36,38,0.486,240,37,78,0.474,11,22,0.5,16,22,0.727,5,35,40,21,10,1,14,17,101,Dallas Mavericks
1610612742,0022401048,"MAR 25, 2025",DAL @ NYK,L,35,38,0.479,240,43,80,0.538,6,19,0.316,21,25,0.84,5,28,33,19,9,3,16,16,113,Dallas Mavericks
1610612742,0022401040,"MAR 24, 2025",DAL @ BKN,W,35,37,0.486,240,49,87,0.563,10,31,0.323,12,16,0.75,11,30,41,34,10,1,10,15,120,Dallas Mavericks
1610612742,0022401019,"MAR 21, 2025",DAL vs. DET,W,34,37,0.479,240,42,80,0.525,12,34,0.353,27,36,0.75,10,34,44,25,10,7,20,16,123,Dallas Mavericks
1610612742,0022400998,"MAR 19, 2025",DAL @ IND,L,33,37,0.471,240,48,88,0.545,11,27,0.407,24,32,0.75,7,34,41,23,6,0,12,26,131,Dallas Mavericks
1610612742,0022400976,"MAR 16, 2025",DAL vs. PHI,L,33,36,0.478,240,46,87,0.529,10,34,0.294,23,30,0.767,10,35,45,26,4,3,15,19,125,Dallas Mavericks
1610612742,0022400961,"MAR 14, 2025",DAL @ HOU,L,33,35,0.485,240,39,94,0.415,8,22,0.364,10,12,0.833,6,28,34,14,4,6,7,11,96,Dallas Mavericks
1610612742,0022400951,"MAR 12, 2025",DAL @ SAS,L,33,34,0.493,240,45,81,0.556,13,32,0.406,13,17,0.765,3,28,31,30,8,0,17,12,116,Dallas Mavericks
1610612742,0022400937,"MAR 10, 2025",DAL @ SAS,W,33,33,0.5,240,47,88,0.534,12,38,0.316,27,30,0.9,10,30,40,25,5,2,10,18,133,Dallas Mavericks
1610612742,0022400921,"MAR 09, 2025",DAL vs. PHX,L,32,33,0.492,240,43,88,0.489,17,42,0.405,13,16,0.813,5,27,32,29,8,2,6,13,116,Dallas Mavericks
1610612742,0022400906,"MAR 07, 2025",DAL vs. MEM,L,32,32,0.5,240,37,96,0.385,15,41,0.366,22,24,0.917,11,34,45,24,7,7,12,13,111,Dallas Mavericks
1610612742,0022400897,"MAR 05, 2025",DAL @ MIL,L,32,31,0.508,240,45,98,0.459,13,39,0.333,4,10,0.4,5,25,30,30,13,3,10,13,107,Dallas Mavericks
1610612742,0022400880,"MAR 03, 2025",DAL vs. SAC,L,32,30,0.516,240,35,77,0.455,7,26,0.269,21,24,0.875,7,30,37,28,5,1,13,13,98,Dallas Mavericks
1610612742,0022400865,"MAR 01, 2025",DAL vs. MIL,L,32,29,0.525,240,43,91,0.473,11,40,0.275,20,25,0.8,8,25,33,25,7,1,11,23,117,Dallas Mavericks
1610612742,0022400847,"FEB 27, 2025",DAL vs. CHA,W,32,28,0.533,240,40,97,0.412,11,36,0.306,12,16,0.75,10,38,48,23,12,7,7,11,103,Dallas Mavericks
1610612742,0022400835,"FEB 25, 2025",DAL @ LAL,L,31,28,0.525,240,35,98,0.357,17,44,0.386,12,13,0.923,14,31,45,23,7,11,12,14,99,Dallas Mavericks
1610612742,0022400812,"FEB 23, 2025",DAL @ GSW,L,31,27,0.534,240,38,82,0.463,13,32,0.406,13,19,0.684,7,34,41,24,7,4,18,22,102,Dallas Mavericks
1610612742,0022400803,"FEB 21, 2025",DAL vs. NOP,W,31,26,0.544,240,37,86,0.43,16,44,0.364,21,27,0.778,8,39,47,28,8,4,13,18,111,Dallas Mavericks
1610612742,0022400786,"FEB 13, 2025",DAL vs. MIA,W,30,26,0.536,240,46,90,0.511,13,36,0.361,13,16,0.813,11,29,40,28,7,2,13,17,118,Dallas Mavericks
1610612742,0022400782,"FEB 12, 2025",DAL vs. GSW,W,29,26,0.527,240,42,87,0.483,15,36,0.417,12,15,0.8,9,30,39,20,9,7,14,16,111,Dallas Mavericks
1610612742,0022400762,"FEB 10, 2025",DAL vs. SAC,L,28,26,0.519,265,49,95,0.516,15,37,0.405,15,24,0.625,5,28,33,31,11,4,11,19,128,Dallas Mavericks
1610612742,0022400741,"FEB 08, 2025",DAL vs. HOU,W,28,25,0.528,240,39,83,0.47,12,23,0.522,26,34,0.765,12,31,43,22,4,18,5,18,116,Dallas Mavericks
1610612742,0022400728,"FEB 06, 2025",DAL @ BOS,W,27,25,0.519,240,49,88,0.557,15,33,0.455,14,18,0.778,8,27,35,32,9,4,8,15,127,Dallas Mavericks
1610612742,0022400712,"FEB 04, 2025",DAL @ PHI,L,26,25,0.51,240,40,85,0.471,11,33,0.333,25,31,0.806,15,29,44,24,8,4,12,19,116,Dallas Mavericks
1610612742,0022400696,"FEB 02, 2025",DAL @ CLE,L,26,24,0.52,240,40,103,0.388,9,43,0.209,12,15,0.8,10,35,45,22,6,3,9,11,101,Dallas Mavericks
1610612742,0022400680,"JAN 31, 2025",DAL @ DET,L,26,23,0.531,240,37,87,0.425,11,33,0.333,17,21,0.81,16,30,46,20,4,13,16,14,102,Dallas Mavericks
1610612742,0022400670,"JAN 29, 2025",DAL @ NOP,W,26,22,0.542,240,52,96,0.542,20,43,0.465,13,17,0.765,16,35,51,30,6,6,18,17,137,Dallas Mavericks
1610612742,0022400657,"JAN 27, 2025",DAL vs. WAS,W,25,22,0.532,240,49,92,0.533,20,45,0.444,12,17,0.706,13,38,51,39,5,7,11,20,130,Dallas Mavericks
1610612742,0022400635,"JAN 25, 2025",DAL vs. BOS,L,24,22,0.522,240,39,88,0.443,8,22,0.364,21,28,0.75,13,36,49,18,2,8,12,20,107,Dallas Mavericks
1610612742,0022400625,"JAN 23, 2025",DAL @ OKC,W,24,21,0.533,240,39,74,0.527,14,31,0.452,29,36,0.806,8,35,43,25,9,3,20,25,121,Dallas Mavericks
1610612742,0022400614,"JAN 22, 2025",DAL vs. MIN,L,23,21,0.523,240,45,90,0.5,8,29,0.276,16,19,0.842,7,31,38,24,5,4,13,21,114,Dallas Mavericks
1610612742,0022400599,"JAN 20, 2025",DAL @ CHA,L,23,20,0.535,240,38,88,0.432,6,32,0.188,23,26,0.885,16,35,51,19,10,8,14,15,105,Dallas Mavericks
1610612742,0022400583,"JAN 17, 2025",DAL vs. OKC,W,23,19,0.548,240,37,75,0.493,16,41,0.39,16,22,0.727,6,37,43,25,11,7,17,18,106,Dallas Mavericks
1610612742,0022400566,"JAN 15, 2025",DAL @ NOP,L,22,19,0.537,240,43,90,0.478,12,35,0.343,18,25,0.72,8,37,45,27,9,3,15,17,116,Dallas Mavericks
1610612742,0022400559,"JAN 14, 2025",DAL vs. DEN,L,22,18,0.55,240,38,90,0.422,9,32,0.281,14,22,0.636,8,22,30,27,14,6,12,17,99,Dallas Mavericks
1610612742,0022400540,"JAN 12, 2025",DAL vs. DEN,L,22,17,0.564,240,35,85,0.412,12,34,0.353,19,25,0.76,8,29,37,27,7,5,12,20,101,Dallas Mavericks
1610612742,0022400521,"JAN 09, 2025",DAL vs. POR,W,22,16,0.579,240,40,88,0.455,10,30,0.333,27,30,0.9,16,37,53,26,8,7,14,18,117,Dallas Mavericks
1610612742,0022400504,"JAN 07, 2025",DAL vs. LAL,W,21,16,0.568,240,45,86,0.523,18,38,0.474,10,14,0.714,11,33,44,29,7,0,10,16,118,Dallas Mavericks
1610612742,0022400499,"JAN 06, 2025",DAL @ MEM,L,20,16,0.556,240,40,98,0.408,13,36,0.361,11,15,0.733,13,37,50,25,7,8,15,22,104,Dallas Mavericks
1610612742,0022400474,"JAN 03, 2025",DAL vs. CLE,L,20,15,0.571,240,43,100,0.43,12,44,0.273,24,30,0.8,21,32,53,29,3,4,12,17,122,Dallas Mavericks
1610612742,0022400460,"JAN 01, 2025",DAL @ HOU,L,20,14,0.588,240,40,75,0.533,11,28,0.393,8,16,0.5,6,32,38,19,9,12,20,20,99,Dallas Mavericks
1610612742,0022400448,"DEC 30, 2024",DAL @ SAC,L,20,13,0.606,240,32,76,0.421,12,31,0.387,24,29,0.828,2,34,36,17,8,13,17,20,100,Dallas Mavericks
1610612742,0022400434,"DEC 28, 2024",DAL @ POR,L,20,12,0.625,240,43,89,0.483,15,38,0.395,21,26,0.808,10,30,40,20,6,10,13,21,122,Dallas Mavericks
1610612742,0022400425,"DEC 27, 2024",DAL @ PHX,W,20,11,0.645,240,35,80,0.438,12,34,0.353,16,17,0.941,7,34,41,24,6,5,15,15,98,Dallas Mavericks
1610612742,0022400406,"DEC 25, 2024",DAL vs. MIN,L,19,11,0.633,240,36,87,0.414,16,43,0.372,11,11,1.0,11,32,43,15,6,8,12,13,99,Dallas Mavericks
1610612742,0022400401,"DEC 23, 2024",DAL vs. POR,W,19,10,0.655,240,48,90,0.533,12,36,0.333,24,34,0.706,13,28,41,27,10,4,10,21,132,Dallas Mavericks
1610612742,0022400385,"DEC 21, 2024",DAL vs. LAC,W,18,10,0.643,240,40,88,0.455,14,35,0.4,19,22,0.864,11,32,43,25,12,5,11,18,113,Dallas Mavericks
1610612742,0022400368,"DEC 19, 2024",DAL vs. LAC,L,17,10,0.63,240,34,86,0.395,7,30,0.233,20,28,0.714,8,32,40,21,9,5,13,13,95,Dallas Mavericks
1610612742,0022401228,"DEC 15, 2024",DAL @ GSW,W,17,9,0.654,240,52,87,0.598,21,41,0.512,18,25,0.72,10,37,47,36,8,5,15,12,143,Dallas Mavericks
1610612742,0022401203,"DEC 10, 2024",DAL @ OKC,L,16,9,0.64,240,38,80,0.475,15,36,0.417,13,19,0.684,7,37,44,25,10,2,18,12,104,Dallas Mavericks
1610612742,0022400344,"DEC 07, 2024",DAL @ TOR,W,16,8,0.667,240,38,81,0.469,17,45,0.378,32,37,0.865,14,38,52,21,10,8,18,16,125,Dallas Mavericks
1610612742,0022400326,"DEC 05, 2024",DAL @ WAS,W,15,8,0.652,240,48,89,0.539,20,38,0.526,21,27,0.778,13,45,58,27,8,12,15,16,137,Dallas Mavericks
1610612742,0022400056,"DEC 03, 2024",DAL vs. MEM,W,14,8,0.636,240,39,81,0.481,13,32,0.406,30,44,0.682,14,35,49,24,8,8,25,23,121,Dallas Mavericks
1610612742,0022400312,"DEC 01, 2024",DAL @ POR,W,13,8,0.619,240,48,87,0.552,18,36,0.5,23,29,0.793,8,25,33,33,13,0,13,15,137,Dallas Mavericks
1610612742,0022400304,"NOV 30, 2024",DAL @ UTA,W,12,8,0.6,240,41,90,0.456,15,39,0.385,9,15,0.6,12,36,48,30,12,6,15,21,106,Dallas Mavericks
1610612742,0022400292,"NOV 27, 2024",DAL vs. NYK,W,11,8,0.579,240,48,85,0.565,17,33,0.515,16,21,0.762,10,33,43,27,6,4,13,25,129,Dallas Mavericks
1610612742,0022400280,"NOV 25, 2024",DAL @ ATL,W,10,8,0.556,240,47,94,0.5,16,35,0.457,19,22,0.864,10,41,51,24,6,8,17,13,129,Dallas Mavericks
1610612742,0022400273,"NOV 24, 2024",DAL @ MIA,L,9,8,0.529,265,44,105,0.419,10,40,0.25,20,25,0.8,15,44,59,29,6,9,13,24,118,Dallas Mavericks
1610612742,0022400033,"NOV 22, 2024",DAL @ DEN,W,9,7,0.563,240,46,91,0.505,10,27,0.37,21,27,0.778,12,32,44,24,11,5,13,22,123,Dallas Mavericks
1610612742,0022400024,"NOV 19, 2024",DAL vs. NOP,W,8,7,0.533,240,49,94,0.521,14,31,0.452,20,25,0.8,14,34,48,26,12,7,11,15,132,Dallas Mavericks
1610612742,0022400242,"NOV 17, 2024",DAL @ OKC,W,7,7,0.5,240,40,84,0.476,11,27,0.407,30,36,0.833,18,35,53,18,4,5,16,20,121,Dallas Mavericks
1610612742,0022400232,"NOV 16, 2024",DAL vs. SAS,W,6,7,0.462,240,44,94,0.468,8,31,0.258,14,18,0.778,13,40,53,26,9,7,14,18,110,Dallas Mavericks
1610612742,0022400228,"NOV 14, 2024",DAL @ UTA,L,5,7,0.417,240,43,85,0.506,12,39,0.308,15,20,0.75,11,19,30,25,11,10,17,18,113,Dallas Mavericks
1610612742,0022400007,"NOV 12, 2024",DAL @ GSW,L,5,6,0.455,240,44,84,0.524,11,34,0.324,18,24,0.75,8,32,40,26,6,1,17,23,117,Dallas Mavericks
1610612742,0022400208,"NOV 10, 2024",DAL @ DEN,L,5,5,0.5,240,48,90,0.533,10,33,0.303,14,19,0.737,10,32,42,29,7,5,10,17,120,Dallas Mavericks
1610612742,0022400190,"NOV 08, 2024",DAL vs. PHX,L,5,4,0.556,240,41,80,0.513,11,33,0.333,20,22,0.909,8,31,39,18,5,1,11,22,113,Dallas Mavericks
1610612742,0022400176,"NOV 06, 2024",DAL vs. CHI,W,5,3,0.625,240,45,93,0.484,12,38,0.316,17,21,0.81,9,38,47,33,11,4,15,19,119,Dallas Mavericks
1610612742,0022400165,"NOV 04, 2024",DAL vs. IND,L,4,3,0.571,240,46,89,0.517,15,36,0.417,20,25,0.8,5,33,38,29,4,3,8,18,127,Dallas Mavericks
1610612742,0022400153,"NOV 03, 2024",DAL vs. ORL,W,4,2,0.667,240,42,85,0.494,10,32,0.313,14,23,0.609,12,41,53,25,8,5,18,22,108,Dallas Mavericks
1610612742,0022400129,"OCT 31, 2024",DAL vs. HOU,L,3,2,0.6,240,39,85,0.459,10,30,0.333,14,20,0.7,10,27,37,21,6,7,10,27,102,Dallas Mavericks
1610612742,0022400114,"OCT 29, 2024",DAL @ MIN,W,3,1,0.75,240,45,93,0.484,16,39,0.41,14,18,0.778,12,28,40,25,12,2,9,21,120,Dallas Mavericks
1610612742,0022400110,"OCT 28, 2024",DAL vs. UTA,W,2,1,0.667,240,43,95,0.453,11,39,0.282,13,17,0.765,13,37,50,27,9,12,13,23,110,Dallas Mavericks
1610612742,0022400095,"OCT 26, 2024",DAL @ PHX,L,1,1,0.5,240,37,93,0.398,13,41,0.317,15,18,0.833,12,34,46,22,6,2,8,28,102,Dallas Mavericks
1610612742,0022400074,"OCT 24, 2024",DAL vs. SAS,W,1,0,1.0,240,42,102,0.412,19,44,0.432,17,23,0.739,17,33,50,27,9,5,9,21,120,Dallas Mavericks
1610612743,0022401193,"APR 13, 2025",DEN @ HOU,W,50,32,0.61,240,45,88,0.511,10,29,0.345,26,31,0.839,11,36,47,28,7,6,9,13,126,Denver Nuggets
1610612743,0022401180,"APR 11, 2025",DEN vs. MEM,W,49,32,0.605,240,44,91,0.484,5,24,0.208,24,31,0.774,11,41,52,32,9,2,12,17,117,Denver Nuggets
1610612743,0022401165,"APR 09, 2025",DEN @ SAC,W,48,32,0.6,240,43,86,0.5,13,34,0.382,25,31,0.806,12,33,45,30,7,5,7,16,124,Denver Nuggets
1610612743,0022401142,"APR 06, 2025",DEN vs. IND,L,47,32,0.595,240,50,93,0.538,8,31,0.258,12,18,0.667,9,38,47,33,2,7,13,17,120,Denver Nuggets
1610612743,0022401125,"APR 04, 2025",DEN @ GSW,L,47,31,0.603,240,40,74,0.541,12,31,0.387,12,13,0.923,7,31,38,28,8,4,25,18,104,Denver Nuggets
1610612743,0022401110,"APR 02, 2025",DEN vs. SAS,L,47,30,0.61,240,38,96,0.396,13,44,0.295,17,25,0.68,14,44,58,24,7,4,12,12,106,Denver Nuggets
1610612743,0022401102,"APR 01, 2025",DEN vs. MIN,L,47,29,0.618,290,47,86,0.547,12,34,0.353,33,44,0.75,8,37,45,33,7,7,16,22,139,Denver Nuggets
1610612743,0022401073,"MAR 28, 2025",DEN vs. UTA,W,47,28,0.627,240,48,83,0.578,11,29,0.379,22,28,0.786,9,36,45,38,12,13,18,16,129,Denver Nuggets
1610612743,0022401057,"MAR 26, 2025",DEN vs. MIL,W,46,28,0.622,240,49,90,0.544,16,37,0.432,13,22,0.591,8,38,46,36,6,4,9,12,127,Denver Nuggets
1610612743,0022401042,"MAR 24, 2025",DEN vs. CHI,L,45,28,0.616,240,46,97,0.474,11,36,0.306,16,24,0.667,17,35,52,34,5,9,12,16,119,Denver Nuggets
1610612743,0022401035,"MAR 23, 2025",DEN @ HOU,W,45,27,0.625,240,44,87,0.506,10,21,0.476,18,26,0.692,10,33,43,28,5,4,9,23,116,Denver Nuggets
1610612743,0022401022,"MAR 21, 2025",DEN @ POR,L,44,27,0.62,240,38,76,0.5,9,26,0.346,24,28,0.857,11,20,31,24,10,2,20,25,109,Denver Nuggets
1610612743,0022401006,"MAR 19, 2025",DEN @ LAL,L,44,26,0.629,240,41,87,0.471,13,39,0.333,13,21,0.619,12,33,45,25,8,4,18,17,108,Denver Nuggets
1610612743,0022400990,"MAR 17, 2025",DEN @ GSW,W,44,25,0.638,240,43,92,0.467,14,39,0.359,14,18,0.778,19,34,53,32,12,7,20,24,114,Denver Nuggets
1610612743,0022400975,"MAR 15, 2025",DEN vs. WAS,L,43,25,0.632,240,48,95,0.505,12,34,0.353,15,17,0.882,10,32,42,40,12,8,17,20,123,Denver Nuggets
1610612743,0022400965,"MAR 14, 2025",DEN vs. LAL,W,43,24,0.642,240,44,85,0.518,13,31,0.419,30,38,0.789,9,30,39,30,7,5,12,15,131,Denver Nuggets
1610612743,0022400952,"MAR 12, 2025",DEN vs. MIN,L,42,24,0.636,240,36,89,0.404,7,30,0.233,16,22,0.727,12,30,42,20,9,4,10,16,95,Denver Nuggets
1610612743,0022400936,"MAR 10, 2025",DEN @ OKC,W,42,23,0.646,240,52,86,0.605,18,32,0.563,18,20,0.9,9,34,43,32,6,5,12,18,140,Denver Nuggets
1610612743,0022400920,"MAR 09, 2025",DEN @ OKC,L,41,23,0.641,240,40,97,0.412,12,40,0.3,11,20,0.55,14,34,48,22,3,6,7,18,103,Denver Nuggets
1610612743,0022400909,"MAR 07, 2025",DEN vs. PHX,W,41,22,0.651,265,57,97,0.588,21,40,0.525,14,18,0.778,8,30,38,45,8,3,9,22,149,Denver Nuggets
1610612743,0022400896,"MAR 05, 2025",DEN vs. SAC,W,40,22,0.645,240,40,87,0.46,12,35,0.343,24,30,0.8,11,35,46,28,5,8,13,14,116,Denver Nuggets
1610612743,0022400866,"MAR 02, 2025",DEN @ BOS,L,39,22,0.639,240,41,86,0.477,12,35,0.343,9,13,0.692,8,30,38,27,11,2,11,18,103,Denver Nuggets
1610612743,0022400850,"FEB 28, 2025",DEN @ DET,W,39,21,0.65,240,47,84,0.56,17,31,0.548,23,31,0.742,10,40,50,28,5,8,19,18,134,Denver Nuggets
1610612743,0022400846,"FEB 27, 2025",DEN @ MIL,L,38,21,0.644,240,47,105,0.448,9,34,0.265,9,11,0.818,14,41,55,28,8,2,13,17,112,Denver Nuggets
1610612743,0022400822,"FEB 24, 2025",DEN @ IND,W,38,20,0.655,240,53,94,0.564,8,21,0.381,11,14,0.786,14,32,46,39,8,4,19,21,125,Denver Nuggets
1610612743,0022400808,"FEB 22, 2025",DEN vs. LAL,L,37,20,0.649,240,34,85,0.4,16,41,0.39,16,21,0.762,12,33,45,28,6,1,20,18,100,Denver Nuggets
1610612743,0022400794,"FEB 20, 2025",DEN vs. CHA,W,37,19,0.661,240,49,98,0.5,19,43,0.442,12,16,0.75,16,39,55,29,3,3,13,14,129,Denver Nuggets
1610612743,0022400780,"FEB 12, 2025",DEN vs. POR,W,36,19,0.655,240,49,96,0.51,15,38,0.395,19,24,0.792,12,37,49,26,9,7,12,20,132,Denver Nuggets
1610612743,0022400763,"FEB 10, 2025",DEN vs. POR,W,35,19,0.648,240,60,91,0.659,8,25,0.32,18,20,0.9,6,32,38,44,12,2,8,23,146,Denver Nuggets
1610612743,0022400749,"FEB 08, 2025",DEN @ PHX,W,34,19,0.642,240,45,92,0.489,16,35,0.457,16,17,0.941,15,41,56,28,5,4,9,13,122,Denver Nuggets
1610612743,0022400730,"FEB 06, 2025",DEN vs. ORL,W,33,19,0.635,240,44,83,0.53,12,30,0.4,12,21,0.571,12,40,52,33,7,4,18,22,112,Denver Nuggets
1610612743,0022400726,"FEB 05, 2025",DEN vs. NOP,W,32,19,0.627,240,57,100,0.57,16,43,0.372,14,15,0.933,13,38,51,40,9,4,7,21,144,Denver Nuggets
1610612743,0022400706,"FEB 03, 2025",DEN vs. NOP,W,31,19,0.62,240,46,92,0.5,12,33,0.364,21,26,0.808,14,32,46,28,7,6,5,16,125,Denver Nuggets
1610612743,0022400688,"FEB 01, 2025",DEN @ CHA,W,30,19,0.612,240,41,88,0.466,7,37,0.189,18,20,0.9,8,35,43,29,9,9,11,16,107,Denver Nuggets
1610612743,0022400681,"JAN 31, 2025",DEN @ PHI,W,29,19,0.604,240,54,82,0.659,12,23,0.522,17,18,0.944,9,26,35,39,7,2,19,17,137,Denver Nuggets
1610612743,0022400668,"JAN 29, 2025",DEN @ NYK,L,28,19,0.596,240,41,84,0.488,10,28,0.357,20,23,0.87,11,36,47,21,3,5,14,19,112,Denver Nuggets
1610612743,0022400655,"JAN 27, 2025",DEN @ CHI,L,28,18,0.609,240,52,100,0.52,6,27,0.222,11,11,1.0,12,30,42,36,13,5,14,11,121,Denver Nuggets
1610612743,0022400634,"JAN 25, 2025",DEN @ MIN,L,28,17,0.622,240,43,88,0.489,11,32,0.344,7,13,0.538,14,22,36,32,7,3,19,13,104,Denver Nuggets
1610612743,0022400626,"JAN 23, 2025",DEN vs. SAC,W,28,16,0.636,240,49,101,0.485,13,37,0.351,21,31,0.677,15,41,56,30,10,8,10,14,132,Denver Nuggets
1610612743,0022400609,"JAN 21, 2025",DEN vs. PHI,W,27,16,0.628,240,52,85,0.612,16,31,0.516,24,25,0.96,14,37,51,39,7,4,13,10,144,Denver Nuggets
1610612743,0022400593,"JAN 19, 2025",DEN @ ORL,W,26,16,0.619,240,40,77,0.519,7,25,0.28,26,31,0.839,13,44,57,24,6,8,20,16,113,Denver Nuggets
1610612743,0022400579,"JAN 17, 2025",DEN @ MIA,W,25,16,0.61,240,50,92,0.543,16,33,0.485,17,19,0.895,7,34,41,35,5,1,5,10,133,Denver Nuggets
1610612743,0022400568,"JAN 15, 2025",DEN vs. HOU,L,24,16,0.6,240,40,75,0.533,14,29,0.483,14,21,0.667,9,27,36,22,4,7,18,16,108,Denver Nuggets
1610612743,0022400559,"JAN 14, 2025",DEN @ DAL,W,24,15,0.615,240,43,83,0.518,13,29,0.448,19,22,0.864,11,40,51,28,9,7,18,20,118,Denver Nuggets
1610612743,0022400540,"JAN 12, 2025",DEN @ DAL,W,23,15,0.605,240,46,94,0.489,7,32,0.219,13,20,0.65,15,40,55,23,6,5,13,19,112,Denver Nuggets
1610612743,0022400531,"JAN 10, 2025",DEN vs. BKN,W,22,15,0.595,240,45,87,0.517,9,24,0.375,25,33,0.758,12,37,49,34,12,5,14,18,124,Denver Nuggets
1610612743,0022400515,"JAN 08, 2025",DEN vs. LAC,W,21,15,0.583,240,49,89,0.551,17,35,0.486,11,17,0.647,7,38,45,29,7,3,11,24,126,Denver Nuggets
1610612743,0022400507,"JAN 07, 2025",DEN vs. BOS,L,20,15,0.571,240,40,87,0.46,14,36,0.389,12,15,0.8,13,26,39,22,6,6,16,17,106,Denver Nuggets
1610612743,0022400484,"JAN 04, 2025",DEN @ SAS,W,20,14,0.588,265,47,108,0.435,10,33,0.303,18,23,0.783,14,44,58,32,11,7,7,17,122,Denver Nuggets
1610612743,0022400475,"JAN 03, 2025",DEN vs. SAS,L,19,14,0.576,240,42,97,0.433,15,39,0.385,11,16,0.688,10,36,46,33,7,7,8,13,110,Denver Nuggets
1610612743,0022400461,"JAN 01, 2025",DEN vs. ATL,W,19,13,0.594,240,53,94,0.564,12,30,0.4,21,21,1.0,4,39,43,44,8,5,12,16,139,Denver Nuggets
1610612743,0022400445,"DEC 30, 2024",DEN @ UTA,W,18,13,0.581,240,53,105,0.505,9,30,0.3,17,19,0.895,17,34,51,38,13,3,7,17,132,Denver Nuggets
1610612743,0022400432,"DEC 28, 2024",DEN vs. DET,W,17,13,0.567,240,46,82,0.561,13,27,0.481,29,36,0.806,8,32,40,29,9,6,13,18,134,Denver Nuggets
1610612743,0022400424,"DEC 27, 2024",DEN vs. CLE,L,16,13,0.552,240,53,94,0.564,15,31,0.484,14,18,0.778,8,30,38,39,8,3,13,20,135,Denver Nuggets
1610612743,0022400409,"DEC 25, 2024",DEN @ PHX,L,16,12,0.571,240,36,78,0.462,8,29,0.276,20,28,0.714,14,32,46,20,3,2,16,16,100,Denver Nuggets
1610612743,0022400402,"DEC 23, 2024",DEN vs. PHX,W,16,11,0.593,240,46,90,0.511,16,41,0.39,9,11,0.818,11,35,46,35,6,4,12,15,117,Denver Nuggets
1610612743,0022400390,"DEC 22, 2024",DEN @ NOP,W,15,11,0.577,265,49,97,0.505,10,33,0.303,24,32,0.75,14,40,54,34,10,8,22,19,132,Denver Nuggets
1610612743,0022400371,"DEC 19, 2024",DEN @ POR,L,14,11,0.56,240,47,87,0.54,15,34,0.441,15,21,0.714,8,32,40,35,7,3,11,20,124,Denver Nuggets
1610612743,0022401225,"DEC 16, 2024",DEN @ SAC,W,14,10,0.583,240,51,102,0.5,10,28,0.357,18,24,0.75,15,40,55,38,9,4,15,18,130,Denver Nuggets
1610612743,0022401213,"DEC 13, 2024",DEN vs. LAC,W,13,10,0.565,240,42,77,0.545,10,29,0.345,26,32,0.813,5,41,46,23,15,2,21,16,120,Denver Nuggets
1610612743,0022400350,"DEC 08, 2024",DEN @ ATL,W,12,10,0.545,240,56,89,0.629,12,27,0.444,17,24,0.708,7,36,43,43,9,5,18,22,141,Denver Nuggets
1610612743,0022400341,"DEC 07, 2024",DEN @ WAS,L,11,10,0.524,240,46,95,0.484,5,25,0.2,16,27,0.593,16,32,48,34,11,6,15,23,113,Denver Nuggets
1610612743,0022400325,"DEC 05, 2024",DEN @ CLE,L,11,9,0.55,240,46,96,0.479,6,24,0.25,16,22,0.727,9,40,49,25,12,5,15,13,114,Denver Nuggets
1610612743,0022400058,"DEC 03, 2024",DEN vs. GSW,W,11,8,0.579,240,40,79,0.506,11,24,0.458,28,35,0.8,4,34,38,32,9,5,15,15,119,Denver Nuggets
1610612743,0022400314,"DEC 01, 2024",DEN @ LAC,L,10,8,0.556,240,51,88,0.58,10,24,0.417,10,19,0.526,8,31,39,37,7,3,14,17,122,Denver Nuggets
1610612743,0022400298,"NOV 27, 2024",DEN @ UTA,W,10,7,0.588,240,46,84,0.548,11,33,0.333,19,23,0.826,10,29,39,30,10,8,10,14,122,Denver Nuggets
1610612743,0022400283,"NOV 25, 2024",DEN vs. NYK,L,9,7,0.563,240,41,92,0.446,11,33,0.333,25,27,0.926,10,23,33,23,5,3,11,18,118,Denver Nuggets
1610612743,0022400270,"NOV 23, 2024",DEN @ LAL,W,9,6,0.6,240,50,82,0.61,16,32,0.5,11,19,0.579,8,40,48,37,7,2,17,18,127,Denver Nuggets
1610612743,0022400033,"NOV 22, 2024",DEN vs. DAL,L,8,6,0.571,240,43,90,0.478,15,29,0.517,19,29,0.655,15,27,42,33,4,7,13,19,120,Denver Nuggets
1610612743,0022400023,"NOV 19, 2024",DEN @ MEM,W,8,5,0.615,240,48,100,0.48,12,36,0.333,14,22,0.636,13,40,53,29,15,6,18,29,122,Denver Nuggets
1610612743,0022400238,"NOV 17, 2024",DEN @ MEM,L,7,5,0.583,240,35,84,0.417,10,31,0.323,10,14,0.714,6,33,39,23,9,5,14,12,90,Denver Nuggets
1610612743,0022400017,"NOV 15, 2024",DEN @ NOP,L,7,4,0.636,240,37,87,0.425,10,37,0.27,10,11,0.909,5,33,38,26,10,1,7,16,94,Denver Nuggets
1610612743,0022400208,"NOV 10, 2024",DEN vs. DAL,W,7,3,0.7,240,45,89,0.506,14,29,0.483,18,26,0.692,13,32,45,35,6,5,10,16,122,Denver Nuggets
1610612743,0022400194,"NOV 08, 2024",DEN vs. MIA,W,6,3,0.667,240,50,81,0.617,18,35,0.514,17,19,0.895,6,33,39,37,5,5,17,13,135,Denver Nuggets
1610612743,0022400177,"NOV 06, 2024",DEN vs. OKC,W,5,3,0.625,240,42,89,0.472,16,38,0.421,24,33,0.727,13,42,55,34,8,6,18,22,124,Denver Nuggets
1610612743,0022400166,"NOV 04, 2024",DEN vs. TOR,W,4,3,0.571,240,41,83,0.494,10,31,0.323,29,38,0.763,14,30,44,29,9,10,17,21,121,Denver Nuggets
1610612743,0022400148,"NOV 02, 2024",DEN vs. UTA,W,3,3,0.5,240,48,99,0.485,16,32,0.5,17,23,0.739,19,33,52,33,14,1,17,25,129,Denver Nuggets
1610612743,0022400139,"NOV 01, 2024",DEN @ MIN,L,2,3,0.4,240,41,92,0.446,11,32,0.344,23,29,0.793,17,29,46,30,11,2,13,18,116,Denver Nuggets
1610612743,0022400113,"OCT 29, 2024",DEN @ BKN,W,2,2,0.5,265,46,89,0.517,13,27,0.481,39,47,0.83,9,34,43,31,3,4,5,22,144,Denver Nuggets
1610612743,0022400107,"OCT 28, 2024",DEN @ TOR,W,1,2,0.333,265,47,96,0.49,9,20,0.45,24,30,0.8,15,37,52,29,6,6,16,20,127,Denver Nuggets
1610612743,0022400087,"OCT 26, 2024",DEN vs. LAC,L,0,2,0.0,240,35,87,0.402,14,35,0.4,20,24,0.833,10,27,37,20,13,4,10,22,104,Denver Nuggets
1610612743,0022400075,"OCT 24, 2024",DEN vs. OKC,L,0,1,0.0,240,35,98,0.357,7,38,0.184,10,14,0.714,17,40,57,29,11,7,15,12,87,Denver Nuggets
1610612744,0022401198,"APR 13, 2025",GSW vs. LAC,L,48,34,0.585,265,43,79,0.544,15,33,0.455,18,23,0.783,3,22,25,31,11,6,15,20,119,Golden State Warriors
1610612744,0022401183,"APR 11, 2025",GSW @ POR,W,48,33,0.593,240,33,83,0.398,14,44,0.318,23,28,0.821,7,38,45,26,15,7,14,19,103,Golden State Warriors
1610612744,0022401163,"APR 09, 2025",GSW vs. SAS,L,47,33,0.588,240,36,86,0.419,16,48,0.333,23,28,0.821,16,29,45,29,8,2,10,19,111,Golden State Warriors
1610612744,0022401154,"APR 08, 2025",GSW @ PHX,W,47,32,0.595,240,45,93,0.484,15,40,0.375,28,34,0.824,19,38,57,31,14,3,15,10,133,Golden State Warriors
1610612744,0022401143,"APR 06, 2025",GSW vs. HOU,L,46,32,0.59,240,37,89,0.416,16,43,0.372,6,11,0.545,15,31,46,28,12,2,20,14,96,Golden State Warriors
1610612744,0022401125,"APR 04, 2025",GSW vs. DEN,W,46,31,0.597,240,43,88,0.489,16,38,0.421,16,18,0.889,11,25,36,25,14,2,13,15,118,Golden State Warriors
1610612744,0022401117,"APR 03, 2025",GSW @ LAL,W,45,31,0.592,240,39,82,0.476,19,42,0.452,26,31,0.839,14,32,46,30,5,2,13,21,123,Golden State Warriors
1610612744,0022401100,"APR 01, 2025",GSW @ MEM,W,44,31,0.587,240,42,99,0.424,22,56,0.393,28,28,1.0,15,34,49,29,11,3,11,22,134,Golden State Warriors
1610612744,0022401086,"MAR 30, 2025",GSW @ SAS,W,43,31,0.581,240,56,97,0.577,21,44,0.477,15,19,0.789,10,34,44,42,17,3,12,15,148,Golden State Warriors
1610612744,0022401072,"MAR 28, 2025",GSW @ NOP,W,42,31,0.575,240,38,92,0.413,13,55,0.236,22,29,0.759,18,32,50,29,10,1,10,22,111,Golden State Warriors
1610612744,0022401047,"MAR 25, 2025",GSW @ MIA,L,41,31,0.569,240,33,83,0.398,9,38,0.237,11,16,0.688,14,24,38,20,8,1,12,14,86,Golden State Warriors
1610612744,0022401025,"MAR 22, 2025",GSW @ ATL,L,41,30,0.577,240,39,84,0.464,16,38,0.421,21,26,0.808,6,32,38,28,8,4,9,16,115,Golden State Warriors
1610612744,0022401005,"MAR 20, 2025",GSW vs. TOR,W,41,29,0.586,240,38,90,0.422,19,47,0.404,22,28,0.786,11,27,38,30,13,5,14,15,117,Golden State Warriors
1610612744,0022401012,"MAR 18, 2025",GSW vs. MIL,W,40,29,0.58,240,32,77,0.416,17,44,0.386,23,26,0.885,9,43,52,25,7,6,18,24,104,Golden State Warriors
1610612744,0022400990,"MAR 17, 2025",GSW vs. DEN,L,39,29,0.574,240,41,84,0.488,8,33,0.242,15,27,0.556,11,27,38,24,16,10,20,21,105,Golden State Warriors
1610612744,0022400974,"MAR 15, 2025",GSW vs. NYK,W,39,28,0.582,240,33,83,0.398,13,41,0.317,18,22,0.818,10,35,45,25,7,5,9,13,97,Golden State Warriors
1610612744,0022400957,"MAR 13, 2025",GSW vs. SAC,W,38,28,0.576,240,45,78,0.577,22,39,0.564,18,24,0.75,7,36,43,35,8,5,14,21,130,Golden State Warriors
1610612744,0022400938,"MAR 10, 2025",GSW vs. POR,W,37,28,0.569,240,45,85,0.529,21,41,0.512,19,21,0.905,12,28,40,35,16,5,17,16,130,Golden State Warriors
1610612744,0022400919,"MAR 08, 2025",GSW vs. DET,W,36,28,0.563,240,35,84,0.417,12,41,0.293,33,41,0.805,11,35,46,26,12,4,17,27,115,Golden State Warriors
1610612744,0022400901,"MAR 06, 2025",GSW @ BKN,W,35,28,0.556,240,40,82,0.488,12,32,0.375,29,32,0.906,15,30,45,31,3,4,16,19,121,Golden State Warriors
1610612744,0022400885,"MAR 04, 2025",GSW @ NYK,W,34,28,0.548,240,43,88,0.489,13,37,0.351,15,19,0.789,9,35,44,30,7,7,11,14,114,Golden State Warriors
1610612744,0022400875,"MAR 03, 2025",GSW @ CHA,W,33,28,0.541,240,40,95,0.421,18,50,0.36,21,24,0.875,12,42,54,33,10,4,8,23,119,Golden State Warriors
1610612744,0022400864,"MAR 01, 2025",GSW @ PHI,L,32,28,0.533,240,46,100,0.46,12,42,0.286,15,19,0.789,18,31,49,33,7,4,15,19,119,Golden State Warriors
1610612744,0022400845,"FEB 27, 2025",GSW @ ORL,W,32,27,0.542,240,36,79,0.456,19,45,0.422,30,34,0.882,11,27,38,26,8,7,12,18,121,Golden State Warriors
1610612744,0022400834,"FEB 25, 2025",GSW vs. CHA,W,31,27,0.534,240,49,100,0.49,15,42,0.357,15,18,0.833,16,35,51,40,16,5,11,20,128,Golden State Warriors
1610612744,0022400812,"FEB 23, 2025",GSW vs. DAL,W,30,27,0.526,240,47,98,0.48,12,40,0.3,20,23,0.87,17,37,54,30,10,6,10,17,126,Golden State Warriors
1610612744,0022400805,"FEB 21, 2025",GSW @ SAC,W,29,27,0.518,240,50,93,0.538,20,43,0.465,12,12,1.0,11,24,35,40,13,3,12,19,132,Golden State Warriors
1610612744,0022400784,"FEB 13, 2025",GSW @ HOU,W,28,27,0.509,240,35,89,0.393,11,41,0.268,24,27,0.889,9,33,42,26,13,6,10,18,105,Golden State Warriors
1610612744,0022400782,"FEB 12, 2025",GSW @ DAL,L,27,27,0.5,240,41,96,0.427,10,35,0.286,15,18,0.833,18,32,50,29,9,6,15,16,107,Golden State Warriors
1610612744,0022400760,"FEB 10, 2025",GSW @ MIL,W,27,26,0.509,240,41,93,0.441,13,45,0.289,30,38,0.789,15,33,48,27,16,2,9,23,125,Golden State Warriors
1610612744,0022400745,"FEB 08, 2025",GSW @ CHI,W,26,26,0.5,240,45,90,0.5,19,48,0.396,23,27,0.852,16,28,44,34,8,7,14,23,132,Golden State Warriors
1610612744,0022400731,"FEB 06, 2025",GSW @ LAL,L,25,26,0.49,240,41,101,0.406,16,53,0.302,14,20,0.7,10,30,40,29,8,2,12,25,112,Golden State Warriors
1610612744,0022400725,"FEB 05, 2025",GSW @ UTA,L,25,25,0.5,240,46,100,0.46,17,48,0.354,19,27,0.704,12,29,41,33,6,4,9,24,128,Golden State Warriors
1610612744,0022400708,"FEB 03, 2025",GSW vs. ORL,W,25,24,0.51,240,34,78,0.436,12,39,0.308,24,34,0.706,9,35,44,25,9,0,13,16,104,Golden State Warriors
1610612744,0022400685,"JAN 31, 2025",GSW vs. PHX,L,24,24,0.5,240,36,96,0.375,16,44,0.364,17,25,0.68,14,35,49,26,11,6,12,19,105,Golden State Warriors
1610612744,0022400673,"JAN 29, 2025",GSW vs. OKC,W,24,23,0.511,240,40,81,0.494,13,38,0.342,23,28,0.821,7,35,42,30,6,7,15,24,116,Golden State Warriors
1610612744,0022400661,"JAN 28, 2025",GSW vs. UTA,W,23,23,0.5,240,36,92,0.391,17,49,0.347,25,31,0.806,16,31,47,29,8,4,9,24,114,Golden State Warriors
1610612744,0022400644,"JAN 25, 2025",GSW vs. LAL,L,22,23,0.489,240,41,89,0.461,16,46,0.348,10,16,0.625,11,27,38,30,10,0,11,15,108,Golden State Warriors
1610612744,0022400628,"JAN 23, 2025",GSW vs. CHI,W,22,22,0.5,240,46,102,0.451,25,57,0.439,14,14,1.0,15,37,52,37,3,6,10,21,131,Golden State Warriors
1610612744,0022400619,"JAN 22, 2025",GSW @ SAC,L,21,22,0.488,240,43,92,0.467,22,48,0.458,9,13,0.692,12,32,44,31,5,2,19,27,117,Golden State Warriors
1610612744,0022400604,"JAN 20, 2025",GSW vs. BOS,L,21,21,0.5,240,32,92,0.348,14,53,0.264,7,11,0.636,10,28,38,28,8,3,12,12,85,Golden State Warriors
1610612744,0022400589,"JAN 18, 2025",GSW vs. WAS,W,21,20,0.512,240,45,96,0.469,14,41,0.341,18,24,0.75,17,38,55,24,6,7,9,18,122,Golden State Warriors
1610612744,0022400565,"JAN 15, 2025",GSW @ MIN,W,20,20,0.5,240,40,82,0.488,18,36,0.5,18,21,0.857,14,31,45,26,8,5,12,26,116,Golden State Warriors
1610612744,0022400550,"JAN 13, 2025",GSW @ TOR,L,19,20,0.487,240,35,88,0.398,16,46,0.348,15,22,0.682,14,32,46,23,11,4,14,14,101,Golden State Warriors
1610612744,0022400525,"JAN 10, 2025",GSW @ IND,L,19,19,0.5,240,38,91,0.418,10,38,0.263,10,13,0.769,11,31,42,25,11,2,13,19,96,Golden State Warriors
1610612744,0022400518,"JAN 09, 2025",GSW @ DET,W,19,18,0.514,240,41,89,0.461,15,46,0.326,10,16,0.625,15,34,49,32,9,7,15,18,107,Golden State Warriors
1610612744,0022400508,"JAN 07, 2025",GSW vs. MIA,L,18,18,0.5,240,40,98,0.408,14,50,0.28,4,5,0.8,11,41,52,28,9,6,10,15,98,Golden State Warriors
1610612744,0022400492,"JAN 05, 2025",GSW vs. SAC,L,18,17,0.514,240,37,81,0.457,12,35,0.343,13,18,0.722,9,26,35,22,10,3,22,21,99,Golden State Warriors
1610612744,0022400485,"JAN 04, 2025",GSW vs. MEM,W,18,16,0.529,240,44,84,0.524,23,43,0.535,10,16,0.625,9,20,29,32,13,5,18,18,121,Golden State Warriors
1610612744,0022400467,"JAN 02, 2025",GSW vs. PHI,W,17,16,0.515,240,53,87,0.609,22,39,0.564,11,15,0.733,5,38,43,41,5,8,11,22,139,Golden State Warriors
1610612744,0022400446,"DEC 30, 2024",GSW vs. CLE,L,16,16,0.5,240,33,99,0.333,9,38,0.237,20,26,0.769,14,41,55,20,5,8,14,14,95,Golden State Warriors
1610612744,0022400431,"DEC 28, 2024",GSW vs. PHX,W,16,15,0.516,240,41,98,0.418,12,45,0.267,15,19,0.789,18,31,49,26,8,7,11,17,109,Golden State Warriors
1610612744,0022400426,"DEC 27, 2024",GSW @ LAC,L,15,15,0.5,240,35,95,0.368,7,38,0.184,15,20,0.75,19,28,47,24,14,2,14,16,92,Golden State Warriors
1610612744,0022400408,"DEC 25, 2024",GSW vs. LAL,L,15,14,0.517,240,41,89,0.461,18,45,0.4,13,17,0.765,12,32,44,26,2,8,12,18,113,Golden State Warriors
1610612744,0022400403,"DEC 23, 2024",GSW vs. IND,L,15,13,0.536,240,39,90,0.433,12,38,0.316,15,21,0.714,11,33,44,29,7,7,11,13,105,Golden State Warriors
1610612744,0022400383,"DEC 21, 2024",GSW @ MIN,W,15,12,0.556,240,40,87,0.46,16,42,0.381,17,23,0.739,11,34,45,30,9,6,10,23,113,Golden State Warriors
1610612744,0022400366,"DEC 19, 2024",GSW @ MEM,L,14,12,0.538,240,32,90,0.356,12,36,0.333,17,24,0.708,10,26,36,20,11,5,17,16,93,Golden State Warriors
1610612744,0022401228,"DEC 15, 2024",GSW vs. DAL,L,14,11,0.56,240,49,103,0.476,27,54,0.5,8,11,0.727,15,22,37,39,8,2,10,17,133,Golden State Warriors
1610612744,0022401204,"DEC 11, 2024",GSW @ HOU,L,14,10,0.583,240,37,84,0.44,12,38,0.316,4,9,0.444,11,28,39,22,13,8,15,11,90,Golden State Warriors
1610612744,0022400355,"DEC 08, 2024",GSW vs. MIN,W,14,9,0.609,240,42,90,0.467,16,41,0.39,14,20,0.7,14,31,45,28,8,6,11,20,114,Golden State Warriors
1610612744,0022400338,"DEC 06, 2024",GSW vs. MIN,L,13,9,0.591,240,32,82,0.39,11,39,0.282,15,17,0.882,10,31,41,21,9,4,22,11,90,Golden State Warriors
1610612744,0022400332,"DEC 05, 2024",GSW vs. HOU,W,13,8,0.619,240,36,86,0.419,9,28,0.321,18,27,0.667,11,43,54,19,5,3,10,16,99,Golden State Warriors
1610612744,0022400058,"DEC 03, 2024",GSW @ DEN,L,12,8,0.6,240,44,95,0.463,12,38,0.316,15,21,0.714,11,37,48,36,12,3,14,25,115,Golden State Warriors
1610612744,0022400303,"NOV 30, 2024",GSW @ PHX,L,12,7,0.632,240,38,92,0.413,14,40,0.35,15,18,0.833,9,34,43,28,8,5,9,17,105,Golden State Warriors
1610612744,0022400299,"NOV 27, 2024",GSW vs. OKC,L,12,6,0.667,240,35,98,0.357,16,50,0.32,15,21,0.714,18,39,57,25,7,6,14,21,101,Golden State Warriors
1610612744,0022400284,"NOV 25, 2024",GSW vs. BKN,L,12,5,0.706,240,45,93,0.484,19,46,0.413,11,17,0.647,11,32,43,32,8,5,12,21,120,Golden State Warriors
1610612744,0022400269,"NOV 23, 2024",GSW @ SAS,L,12,4,0.75,240,36,95,0.379,14,44,0.318,8,13,0.615,17,32,49,29,4,3,10,21,94,Golden State Warriors
1610612744,0022400032,"NOV 22, 2024",GSW @ NOP,W,12,3,0.8,240,39,87,0.448,12,37,0.324,22,29,0.759,14,38,52,27,5,5,16,19,112,Golden State Warriors
1610612744,0022400258,"NOV 20, 2024",GSW vs. ATL,W,11,3,0.786,240,47,101,0.465,14,40,0.35,12,18,0.667,9,45,54,36,10,7,15,17,120,Golden State Warriors
1610612744,0022400251,"NOV 18, 2024",GSW @ LAC,L,10,3,0.769,240,37,84,0.44,16,44,0.364,9,19,0.474,9,36,45,27,12,4,19,14,99,Golden State Warriors
1610612744,0022400019,"NOV 15, 2024",GSW vs. MEM,W,10,2,0.833,240,43,98,0.439,19,46,0.413,18,25,0.72,14,42,56,33,9,5,19,28,123,Golden State Warriors
1610612744,0022400007,"NOV 12, 2024",GSW vs. DAL,W,9,2,0.818,240,45,94,0.479,14,41,0.341,16,27,0.593,18,32,50,29,13,7,12,18,120,Golden State Warriors
1610612744,0022400207,"NOV 10, 2024",GSW @ OKC,W,8,2,0.8,240,45,89,0.506,21,43,0.488,16,23,0.696,13,33,46,35,8,3,14,26,127,Golden State Warriors
1610612744,0022400188,"NOV 08, 2024",GSW @ CLE,L,7,2,0.778,240,47,98,0.48,13,42,0.31,10,14,0.714,11,29,40,32,14,4,17,24,117,Golden State Warriors
1610612744,0022400172,"NOV 06, 2024",GSW @ BOS,W,7,1,0.875,240,42,91,0.462,14,34,0.412,20,24,0.833,15,38,53,22,6,5,11,19,118,Golden State Warriors
1610612744,0022400155,"NOV 04, 2024",GSW @ WAS,W,6,1,0.857,240,44,97,0.454,12,37,0.324,25,34,0.735,16,40,56,29,5,7,6,20,125,Golden State Warriors
1610612744,0022400144,"NOV 02, 2024",GSW @ HOU,W,5,1,0.833,265,40,78,0.513,15,32,0.469,32,50,0.64,9,38,47,26,5,4,14,22,127,Golden State Warriors
1610612744,0022400126,"OCT 30, 2024",GSW vs. NOP,W,4,1,0.8,240,41,87,0.471,13,38,0.342,9,13,0.692,13,29,42,32,5,9,13,22,104,Golden State Warriors
1610612744,0022400116,"OCT 29, 2024",GSW vs. NOP,W,3,1,0.75,240,46,97,0.474,21,46,0.457,11,13,0.846,11,23,34,34,15,9,7,20,124,Golden State Warriors
1610612744,0022400101,"OCT 27, 2024",GSW vs. LAC,L,2,1,0.667,240,38,88,0.432,14,43,0.326,14,22,0.636,14,33,47,19,10,5,21,22,104,Golden State Warriors
1610612744,0022400084,"OCT 25, 2024",GSW @ UTA,W,2,0,1.0,240,51,106,0.481,20,50,0.4,5,6,0.833,19,41,60,35,15,6,13,25,127,Golden State Warriors
1610612744,0022400072,"OCT 23, 2024",GSW @ POR,W,1,0,1.0,240,48,93,0.516,20,48,0.417,24,30,0.8,15,42,57,38,13,5,17,27,140,Golden State Warriors
1610612745,0022401193,"APR 13, 2025",HOU vs. DEN,L,52,30,0.634,240,45,100,0.45,12,34,0.353,9,14,0.643,16,29,45,32,5,4,10,24,111,Houston Rockets
1610612745,0022401185,"APR 11, 2025",HOU @ LAL,L,52,29,0.642,240,41,90,0.456,18,51,0.353,9,12,0.75,7,30,37,22,8,5,18,17,109,Houston Rockets
1610612745,0022401166,"APR 09, 2025",HOU @ LAC,L,52,28,0.65,240,45,88,0.511,20,40,0.5,7,10,0.7,7,29,36,24,7,4,13,14,117,Houston Rockets
1610612745,0022401143,"APR 06, 2025",HOU @ GSW,W,52,27,0.658,240,45,93,0.484,10,30,0.333,6,16,0.375,16,33,49,26,11,7,15,15,106,Houston Rockets
1610612745,0022401123,"APR 04, 2025",HOU vs. OKC,W,51,27,0.654,240,45,92,0.489,13,29,0.448,22,26,0.846,14,34,48,24,10,5,13,16,125,Houston Rockets
1610612745,0022401107,"APR 02, 2025",HOU vs. UTA,W,50,27,0.649,240,56,104,0.538,19,45,0.422,12,19,0.632,18,45,63,30,4,6,10,18,143,Houston Rockets
1610612745,0022401096,"MAR 31, 2025",HOU @ LAL,L,49,27,0.645,240,37,89,0.416,10,32,0.313,14,17,0.824,10,41,51,26,7,5,15,20,98,Houston Rockets
1610612745,0022401088,"MAR 30, 2025",HOU @ PHX,W,49,26,0.653,240,56,98,0.571,18,31,0.581,18,25,0.72,13,32,45,37,14,4,9,15,148,Houston Rockets
1610612745,0022401065,"MAR 27, 2025",HOU @ UTA,W,48,26,0.649,240,47,102,0.461,12,37,0.324,15,19,0.789,18,33,51,26,7,5,9,14,121,Houston Rockets
1610612745,0022401049,"MAR 25, 2025",HOU vs. ATL,W,47,26,0.644,240,42,93,0.452,11,39,0.282,26,29,0.897,14,37,51,17,8,2,13,12,121,Houston Rockets
1610612745,0022401035,"MAR 23, 2025",HOU vs. DEN,L,46,26,0.639,240,39,89,0.438,11,34,0.324,22,34,0.647,16,29,45,25,4,7,6,20,111,Houston Rockets
1610612745,0022401015,"MAR 21, 2025",HOU @ MIA,W,46,25,0.648,240,39,84,0.464,14,28,0.5,10,21,0.476,15,31,46,14,17,4,15,14,102,Houston Rockets
1610612745,0022400999,"MAR 19, 2025",HOU @ ORL,W,45,25,0.643,240,38,81,0.469,11,35,0.314,29,32,0.906,12,34,46,18,10,5,15,18,116,Houston Rockets
1610612745,0022400985,"MAR 17, 2025",HOU vs. PHI,W,44,25,0.638,265,51,107,0.477,22,53,0.415,20,24,0.833,23,35,58,35,8,5,15,27,144,Houston Rockets
1610612745,0022400970,"MAR 15, 2025",HOU vs. CHI,W,43,25,0.632,240,44,98,0.449,14,44,0.318,15,26,0.577,16,38,54,24,4,6,11,18,117,Houston Rockets
1610612745,0022400961,"MAR 14, 2025",HOU vs. DAL,W,42,25,0.627,240,54,105,0.514,15,31,0.484,10,12,0.833,17,50,67,27,5,6,10,13,133,Houston Rockets
1610612745,0022400949,"MAR 12, 2025",HOU vs. PHX,W,41,25,0.621,240,40,88,0.455,12,38,0.316,19,25,0.76,11,27,38,25,11,3,9,19,111,Houston Rockets
1610612745,0022400934,"MAR 10, 2025",HOU vs. ORL,W,40,25,0.615,240,35,89,0.393,16,43,0.372,11,18,0.611,20,43,63,20,4,4,19,18,97,Houston Rockets
1610612745,0022400913,"MAR 08, 2025",HOU vs. NOP,W,39,25,0.609,240,55,99,0.556,17,40,0.425,19,21,0.905,15,33,48,32,9,7,10,13,146,Houston Rockets
1610612745,0022400902,"MAR 06, 2025",HOU @ NOP,W,38,25,0.603,240,46,81,0.568,9,29,0.31,8,18,0.444,9,32,41,33,10,6,19,24,109,Houston Rockets
1610612745,0022400882,"MAR 04, 2025",HOU @ IND,L,37,25,0.597,240,40,98,0.408,9,30,0.3,13,26,0.5,24,34,58,22,6,0,14,14,102,Houston Rockets
1610612745,0022400879,"MAR 03, 2025",HOU @ OKC,L,37,24,0.607,240,49,101,0.485,16,35,0.457,14,17,0.824,15,34,49,20,8,7,16,21,128,Houston Rockets
1610612745,0022400862,"MAR 01, 2025",HOU vs. SAC,L,37,23,0.617,240,37,86,0.43,13,35,0.371,16,23,0.696,13,30,43,18,7,2,15,16,103,Houston Rockets
1610612745,0022400844,"FEB 26, 2025",HOU vs. SAS,W,37,22,0.627,240,48,102,0.471,11,38,0.289,11,14,0.786,20,40,60,22,4,5,14,14,118,Houston Rockets
1610612745,0022400831,"FEB 25, 2025",HOU vs. MIL,W,36,22,0.621,240,37,91,0.407,12,35,0.343,14,18,0.778,16,37,53,18,6,9,15,17,100,Houston Rockets
1610612745,0022400809,"FEB 22, 2025",HOU @ UTA,L,35,22,0.614,240,44,100,0.44,17,43,0.395,10,18,0.556,8,33,41,33,3,2,7,17,115,Houston Rockets
1610612745,0022400801,"FEB 21, 2025",HOU vs. MIN,W,35,21,0.625,240,42,84,0.5,13,26,0.5,24,32,0.75,9,39,48,18,5,6,20,25,121,Houston Rockets
1610612745,0022400784,"FEB 13, 2025",HOU vs. GSW,L,34,21,0.618,240,38,93,0.409,12,36,0.333,10,18,0.556,15,37,52,24,7,5,20,20,98,Houston Rockets
1610612745,0022400779,"FEB 12, 2025",HOU vs. PHX,W,34,20,0.63,240,46,97,0.474,13,42,0.31,14,24,0.583,17,30,47,32,10,4,11,15,119,Houston Rockets
1610612745,0022400753,"FEB 09, 2025",HOU vs. TOR,W,33,20,0.623,240,31,86,0.36,10,38,0.263,22,28,0.786,10,48,58,17,8,3,15,19,94,Houston Rockets
1610612745,0022400741,"FEB 08, 2025",HOU @ DAL,L,32,20,0.615,240,40,100,0.4,8,28,0.286,17,22,0.773,19,29,48,21,2,5,8,22,105,Houston Rockets
1610612745,0022400729,"FEB 06, 2025",HOU @ MIN,L,32,19,0.627,240,41,84,0.488,12,31,0.387,20,28,0.714,12,27,39,26,12,7,10,18,114,Houston Rockets
1610612745,0022400711,"FEB 04, 2025",HOU @ BKN,L,32,18,0.64,240,34,83,0.41,11,32,0.344,18,27,0.667,16,29,45,23,6,6,16,18,97,Houston Rockets
1610612745,0022400702,"FEB 03, 2025",HOU @ NYK,L,32,17,0.653,240,48,104,0.462,8,28,0.286,14,15,0.933,20,30,50,27,8,6,15,26,118,Houston Rockets
1610612745,0022400689,"FEB 01, 2025",HOU vs. BKN,L,32,16,0.667,240,38,95,0.4,12,39,0.308,10,15,0.667,14,30,44,18,6,6,10,20,98,Houston Rockets
1610612745,0022400676,"JAN 30, 2025",HOU @ MEM,L,32,15,0.681,240,42,97,0.433,13,32,0.406,22,28,0.786,19,26,45,22,6,5,12,20,119,Houston Rockets
1610612745,0022400532,"JAN 28, 2025",HOU @ ATL,W,32,14,0.696,240,37,79,0.468,7,30,0.233,19,20,0.95,6,38,44,19,12,4,21,20,100,Houston Rockets
1610612745,0022400650,"JAN 27, 2025",HOU @ BOS,W,31,14,0.689,240,41,92,0.446,17,41,0.415,15,21,0.714,12,27,39,29,7,1,7,22,114,Houston Rockets
1610612745,0022400640,"JAN 25, 2025",HOU @ CLE,W,30,14,0.682,240,45,82,0.549,13,28,0.464,32,45,0.711,14,31,45,26,5,4,11,23,135,Houston Rockets
1610612745,0022400615,"JAN 22, 2025",HOU vs. CLE,W,29,14,0.674,240,40,91,0.44,15,34,0.441,14,20,0.7,20,33,53,25,8,5,22,20,109,Houston Rockets
1610612745,0022400600,"JAN 20, 2025",HOU vs. DET,L,28,14,0.667,240,37,94,0.394,11,39,0.282,11,16,0.688,15,24,39,19,18,1,16,17,96,Houston Rockets
1610612745,0022400591,"JAN 18, 2025",HOU @ POR,W,28,13,0.683,240,48,108,0.444,14,31,0.452,15,22,0.682,23,38,61,25,13,4,12,18,125,Houston Rockets
1610612745,0022400576,"JAN 16, 2025",HOU @ SAC,L,27,13,0.675,240,49,93,0.527,12,33,0.364,17,24,0.708,12,34,46,24,10,6,14,18,127,Houston Rockets
1610612745,0022400568,"JAN 15, 2025",HOU @ DEN,W,27,12,0.692,240,49,94,0.521,17,38,0.447,13,17,0.765,14,26,40,28,14,6,8,19,128,Houston Rockets
1610612745,0022400551,"JAN 13, 2025",HOU vs. MEM,W,26,12,0.684,240,41,81,0.506,16,31,0.516,22,31,0.71,15,25,40,28,13,8,22,16,120,Houston Rockets
1610612745,0022400520,"JAN 09, 2025",HOU @ MEM,W,25,12,0.676,240,41,96,0.427,13,34,0.382,24,41,0.585,16,28,44,21,13,3,12,23,119,Houston Rockets
1610612745,0022400503,"JAN 07, 2025",HOU @ WAS,W,24,12,0.667,240,50,97,0.515,15,38,0.395,20,23,0.87,19,30,49,31,15,2,10,17,135,Houston Rockets
1610612745,0022400491,"JAN 05, 2025",HOU vs. LAL,W,23,12,0.657,240,47,99,0.475,14,40,0.35,11,19,0.579,18,31,49,19,3,4,6,22,119,Houston Rockets
1610612745,0022400471,"JAN 03, 2025",HOU vs. BOS,L,22,12,0.647,240,32,88,0.364,10,36,0.278,12,12,1.0,14,23,37,9,6,4,11,21,86,Houston Rockets
1610612745,0022400460,"JAN 01, 2025",HOU vs. DAL,W,22,11,0.667,240,42,89,0.472,8,25,0.32,18,23,0.783,4,31,35,16,17,1,12,18,110,Houston Rockets
1610612745,0022400439,"DEC 29, 2024",HOU vs. MIA,L,21,11,0.656,240,38,97,0.392,13,40,0.325,11,13,0.846,19,33,52,24,5,4,12,21,100,Houston Rockets
1610612745,0022400422,"DEC 27, 2024",HOU vs. MIN,L,21,10,0.677,240,45,92,0.489,10,30,0.333,12,19,0.632,16,31,47,19,7,3,13,16,112,Houston Rockets
1610612745,0022400416,"DEC 26, 2024",HOU @ NOP,W,21,9,0.7,240,46,97,0.474,18,47,0.383,18,23,0.783,18,36,54,19,7,9,15,14,128,Houston Rockets
1610612745,0022400391,"DEC 23, 2024",HOU @ CHA,W,20,9,0.69,240,43,99,0.434,13,42,0.31,15,19,0.789,21,39,60,23,4,8,11,16,114,Houston Rockets
1610612745,0022400388,"DEC 22, 2024",HOU @ TOR,W,19,9,0.679,240,40,89,0.449,7,28,0.25,27,33,0.818,18,35,53,18,12,6,21,14,114,Houston Rockets
1610612745,0022400365,"DEC 19, 2024",HOU vs. NOP,W,18,9,0.667,240,50,87,0.575,17,39,0.436,16,19,0.842,6,36,42,34,7,6,11,20,133,Houston Rockets
1610612745,0022401230,"DEC 14, 2024",HOU @ OKC,L,17,9,0.654,240,35,96,0.365,11,46,0.239,15,25,0.6,19,30,49,17,7,3,16,25,96,Houston Rockets
1610612745,0022401204,"DEC 11, 2024",HOU vs. GSW,W,17,8,0.68,240,38,83,0.458,6,27,0.222,9,10,0.9,7,29,36,23,10,5,16,14,91,Houston Rockets
1610612745,0022400356,"DEC 08, 2024",HOU @ LAC,W,16,8,0.667,240,40,82,0.488,15,41,0.366,22,26,0.846,12,38,50,23,4,4,15,16,117,Houston Rockets
1610612745,0022400332,"DEC 05, 2024",HOU @ GSW,L,15,8,0.652,240,35,93,0.376,10,38,0.263,13,17,0.765,11,34,45,20,9,9,8,20,93,Houston Rockets
1610612745,0022400059,"DEC 03, 2024",HOU @ SAC,L,15,7,0.682,240,41,93,0.441,14,39,0.359,15,21,0.714,18,35,53,14,6,1,15,23,111,Houston Rockets
1610612745,0022400310,"DEC 01, 2024",HOU vs. OKC,W,15,6,0.714,240,38,92,0.413,13,37,0.351,30,39,0.769,15,36,51,20,3,6,10,21,119,Houston Rockets
1610612745,0022400290,"NOV 27, 2024",HOU @ PHI,W,14,6,0.7,265,40,88,0.455,10,31,0.323,32,38,0.842,14,37,51,23,10,14,20,19,122,Houston Rockets
1610612745,0022400037,"NOV 26, 2024",HOU @ MIN,W,13,6,0.684,265,45,99,0.455,15,37,0.405,12,13,0.923,7,37,44,31,12,9,10,20,117,Houston Rockets
1610612745,0022400267,"NOV 23, 2024",HOU vs. POR,L,12,6,0.667,240,32,90,0.356,8,32,0.25,26,33,0.788,14,29,43,17,8,5,9,19,98,Houston Rockets
1610612745,0022400031,"NOV 22, 2024",HOU vs. POR,W,12,5,0.706,240,42,93,0.452,15,39,0.385,17,25,0.68,13,38,51,27,14,5,17,20,116,Houston Rockets
1610612745,0022400254,"NOV 20, 2024",HOU vs. IND,W,11,5,0.688,240,47,102,0.461,12,36,0.333,24,33,0.727,13,34,47,25,16,2,13,21,130,Houston Rockets
1610612745,0022400248,"NOV 18, 2024",HOU @ MIL,L,10,5,0.667,240,40,100,0.4,9,32,0.281,11,13,0.846,16,37,53,19,9,6,12,15,100,Houston Rockets
1610612745,0022400241,"NOV 17, 2024",HOU @ CHI,W,10,4,0.714,240,55,105,0.524,10,34,0.294,23,32,0.719,14,52,66,34,8,9,10,18,143,Houston Rockets
1610612745,0022400016,"NOV 15, 2024",HOU vs. LAC,W,9,4,0.692,240,46,95,0.484,19,44,0.432,14,18,0.778,9,39,48,31,11,3,12,25,125,Houston Rockets
1610612745,0022400222,"NOV 13, 2024",HOU vs. LAC,W,8,4,0.667,240,42,97,0.433,15,40,0.375,12,17,0.706,18,41,59,28,8,11,13,17,111,Houston Rockets
1610612745,0022400213,"NOV 11, 2024",HOU vs. WAS,W,7,4,0.636,240,40,87,0.46,5,23,0.217,22,25,0.88,17,41,58,13,12,10,19,17,107,Houston Rockets
1610612745,0022400201,"NOV 10, 2024",HOU @ DET,W,6,4,0.6,240,38,93,0.409,7,34,0.206,18,24,0.75,17,36,53,19,10,5,11,21,101,Houston Rockets
1610612745,0022400192,"NOV 08, 2024",HOU @ OKC,L,5,4,0.556,240,39,90,0.433,11,30,0.367,18,26,0.692,14,34,48,19,7,3,17,18,107,Houston Rockets
1610612745,0022400173,"NOV 06, 2024",HOU vs. SAS,W,5,3,0.625,240,54,96,0.563,10,27,0.37,9,15,0.6,11,34,45,28,10,5,11,13,127,Houston Rockets
1610612745,0022400161,"NOV 04, 2024",HOU vs. NYK,W,4,3,0.571,240,43,88,0.489,8,33,0.242,15,18,0.833,11,39,50,21,4,6,10,20,109,Houston Rockets
1610612745,0022400144,"NOV 02, 2024",HOU vs. GSW,L,3,3,0.5,265,44,107,0.411,15,45,0.333,18,24,0.75,18,31,49,27,10,6,11,32,121,Houston Rockets
1610612745,0022400129,"OCT 31, 2024",HOU @ DAL,W,3,2,0.6,240,40,97,0.412,8,34,0.235,20,27,0.741,18,32,50,21,4,4,8,20,108,Houston Rockets
1610612745,0022400109,"OCT 28, 2024",HOU @ SAS,W,2,2,0.5,240,35,85,0.412,15,37,0.405,21,24,0.875,13,30,43,20,6,2,12,23,106,Houston Rockets
1610612745,0022400094,"OCT 26, 2024",HOU @ SAS,L,1,2,0.333,240,38,92,0.413,13,41,0.317,17,21,0.81,8,26,34,21,10,3,10,24,106,Houston Rockets
1610612745,0022400082,"OCT 25, 2024",HOU vs. MEM,W,1,1,0.5,240,43,98,0.439,17,43,0.395,25,36,0.694,23,41,64,20,10,4,17,32,128,Houston Rockets
1610612745,0022400068,"OCT 23, 2024",HOU vs. CHA,L,0,1,0.0,240,38,103,0.369,13,43,0.302,16,20,0.8,16,27,43,19,8,4,8,18,105,Houston Rockets
1610612746,0022401198,"APR 13, 2025",LAC @ GSW,W,50,32,0.61,265,48,86,0.558,14,30,0.467,14,18,0.778,9,33,42,28,11,3,16,21,124,Los Angeles Clippers
1610612746,0022401184,"APR 11, 2025",LAC @ SAC,W,49,32,0.605,240,40,78,0.513,7,21,0.333,14,18,0.778,7,30,37,19,6,2,12,19,101,Los Angeles Clippers
1610612746,0022401166,"APR 09, 2025",LAC vs. HOU,W,48,32,0.6,240,48,90,0.533,19,37,0.514,19,19,1.0,11,32,43,33,10,3,11,11,134,Los Angeles Clippers
1610612746,0022401155,"APR 08, 2025",LAC vs. SAS,W,47,32,0.595,240,48,93,0.516,14,30,0.467,12,16,0.75,14,36,50,30,6,0,15,14,122,Los Angeles Clippers
1610612746,0022401132,"APR 05, 2025",LAC vs. DAL,W,46,32,0.59,240,54,96,0.563,11,28,0.393,16,20,0.8,10,35,45,31,11,3,6,22,135,Los Angeles Clippers
1610612746,0022401127,"APR 04, 2025",LAC vs. DAL,W,45,32,0.584,240,44,89,0.494,14,30,0.467,12,16,0.75,11,37,48,23,11,4,13,23,114,Los Angeles Clippers
1610612746,0022401111,"APR 02, 2025",LAC vs. NOP,W,44,32,0.579,240,40,76,0.526,13,32,0.406,21,26,0.808,2,28,30,27,9,4,10,9,114,Los Angeles Clippers
1610612746,0022401091,"MAR 31, 2025",LAC @ ORL,W,43,32,0.573,240,36,82,0.439,8,31,0.258,16,19,0.842,11,36,47,18,12,5,16,19,96,Los Angeles Clippers
1610612746,0022401081,"MAR 30, 2025",LAC @ CLE,L,42,32,0.568,240,45,93,0.484,16,41,0.39,16,22,0.727,10,34,44,25,6,4,12,17,122,Los Angeles Clippers
1610612746,0022401068,"MAR 28, 2025",LAC @ BKN,W,42,31,0.575,240,44,80,0.55,19,37,0.514,25,28,0.893,2,46,48,29,11,4,12,22,132,Los Angeles Clippers
1610612746,0022401056,"MAR 26, 2025",LAC @ NYK,W,41,31,0.569,240,45,88,0.511,16,30,0.533,20,24,0.833,13,32,45,27,4,8,5,21,126,Los Angeles Clippers
1610612746,0022401036,"MAR 23, 2025",LAC vs. OKC,L,40,31,0.563,240,35,82,0.427,8,26,0.308,23,28,0.821,11,37,48,20,6,8,14,19,101,Los Angeles Clippers
1610612746,0022401023,"MAR 21, 2025",LAC vs. MEM,W,40,30,0.571,240,45,78,0.577,17,34,0.5,21,26,0.808,2,41,43,29,7,9,13,14,128,Los Angeles Clippers
1610612746,0022400997,"MAR 18, 2025",LAC vs. CLE,W,39,30,0.565,240,46,84,0.548,16,35,0.457,24,28,0.857,14,35,49,28,7,5,12,26,132,Los Angeles Clippers
1610612746,0022400538,"MAR 16, 2025",LAC vs. CHA,W,38,30,0.559,240,45,93,0.484,13,26,0.5,20,23,0.87,17,41,58,30,10,5,10,12,123,Los Angeles Clippers
1610612746,0022400960,"MAR 14, 2025",LAC @ ATL,W,37,30,0.552,240,47,86,0.547,12,27,0.444,15,20,0.75,7,33,40,27,14,5,13,15,121,Los Angeles Clippers
1610612746,0022400948,"MAR 12, 2025",LAC @ MIA,W,36,30,0.545,240,45,76,0.592,13,27,0.481,16,24,0.667,11,34,45,24,7,0,16,10,119,Los Angeles Clippers
1610612746,0022400943,"MAR 11, 2025",LAC @ NOP,L,35,30,0.538,240,46,92,0.5,14,42,0.333,14,18,0.778,11,23,34,34,10,8,11,16,120,Los Angeles Clippers
1610612746,0022400927,"MAR 09, 2025",LAC vs. SAC,W,35,29,0.547,265,43,81,0.531,10,31,0.323,15,25,0.6,3,35,38,23,4,5,9,20,111,Los Angeles Clippers
1610612746,0022400911,"MAR 07, 2025",LAC vs. NYK,W,34,29,0.54,240,37,88,0.42,15,38,0.395,16,19,0.842,9,38,47,23,7,8,12,17,105,Los Angeles Clippers
1610612746,0022400898,"MAR 05, 2025",LAC vs. DET,W,33,29,0.532,240,44,80,0.55,13,24,0.542,22,26,0.846,6,27,33,18,8,6,9,16,123,Los Angeles Clippers
1610612746,0022400889,"MAR 04, 2025",LAC @ PHX,L,32,29,0.525,240,43,83,0.518,8,30,0.267,23,27,0.852,7,30,37,29,8,3,6,22,117,Los Angeles Clippers
1610612746,0022400874,"MAR 02, 2025",LAC @ LAL,L,32,28,0.533,240,38,88,0.432,12,39,0.308,14,17,0.824,10,30,40,24,9,1,12,22,102,Los Angeles Clippers
1610612746,0022400859,"FEB 28, 2025",LAC @ LAL,L,32,27,0.542,240,39,87,0.448,9,37,0.243,15,21,0.714,15,29,44,25,11,1,17,19,102,Los Angeles Clippers
1610612746,0022400842,"FEB 26, 2025",LAC @ CHI,W,32,26,0.552,240,44,85,0.518,19,37,0.514,15,17,0.882,11,33,44,33,9,10,15,16,122,Los Angeles Clippers
1610612746,0022400821,"FEB 24, 2025",LAC @ DET,L,31,26,0.544,240,37,92,0.402,11,41,0.268,12,19,0.632,15,33,48,24,12,3,17,24,97,Los Angeles Clippers
1610612746,0022400813,"FEB 23, 2025",LAC @ IND,L,31,25,0.554,240,38,85,0.447,10,40,0.25,25,33,0.758,6,26,32,23,9,3,10,18,111,Los Angeles Clippers
1610612746,0022400793,"FEB 20, 2025",LAC @ MIL,L,31,24,0.564,240,41,88,0.466,12,30,0.4,16,19,0.842,11,32,43,28,14,7,11,27,110,Los Angeles Clippers
1610612746,0022401004,"FEB 13, 2025",LAC @ UTA,W,31,23,0.574,265,39,94,0.415,14,38,0.368,28,36,0.778,13,30,43,22,16,5,10,22,120,Los Angeles Clippers
1610612746,0022400783,"FEB 12, 2025",LAC vs. MEM,W,30,23,0.566,240,47,93,0.505,13,35,0.371,21,22,0.955,13,33,46,29,17,2,15,15,128,Los Angeles Clippers
1610612746,0022400751,"FEB 08, 2025",LAC vs. UTA,W,29,23,0.558,240,51,88,0.58,11,26,0.423,17,21,0.81,8,29,37,36,8,2,14,20,130,Los Angeles Clippers
1610612746,0022400733,"FEB 06, 2025",LAC vs. IND,L,28,23,0.549,240,41,88,0.466,17,40,0.425,13,18,0.722,11,37,48,25,5,4,19,16,112,Los Angeles Clippers
1610612746,0022400715,"FEB 04, 2025",LAC vs. LAL,L,28,22,0.56,240,34,89,0.382,12,41,0.293,17,19,0.895,10,26,36,30,9,5,9,17,97,Los Angeles Clippers
1610612746,0022400697,"FEB 02, 2025",LAC @ TOR,L,28,21,0.571,240,41,88,0.466,9,28,0.321,17,21,0.81,13,28,41,21,6,7,10,15,108,Los Angeles Clippers
1610612746,0022400679,"JAN 31, 2025",LAC @ CHA,W,28,20,0.583,240,44,81,0.543,11,28,0.393,13,20,0.65,9,36,45,26,7,4,16,18,112,Los Angeles Clippers
1610612746,0022400671,"JAN 29, 2025",LAC @ SAS,W,27,20,0.574,240,48,91,0.527,12,24,0.5,20,23,0.87,17,40,57,26,7,3,15,17,128,Los Angeles Clippers
1610612746,0022400659,"JAN 27, 2025",LAC @ PHX,L,26,20,0.565,240,41,83,0.494,10,32,0.313,17,20,0.85,10,32,42,22,12,5,15,15,109,Los Angeles Clippers
1610612746,0022400646,"JAN 25, 2025",LAC vs. MIL,W,26,19,0.578,240,44,97,0.454,11,34,0.324,28,28,1.0,12,35,47,19,8,3,6,23,127,Los Angeles Clippers
1610612746,0022400983,"JAN 23, 2025",LAC vs. WAS,W,25,19,0.568,240,40,88,0.455,13,38,0.342,17,18,0.944,11,44,55,29,10,7,18,19,110,Los Angeles Clippers
1610612746,0022400620,"JAN 22, 2025",LAC vs. BOS,L,24,19,0.558,265,47,90,0.522,9,28,0.321,10,13,0.769,9,31,40,24,11,6,22,25,113,Los Angeles Clippers
1610612746,0022400611,"JAN 20, 2025",LAC vs. CHI,L,24,18,0.571,240,37,94,0.394,9,42,0.214,16,17,0.941,10,30,40,24,4,7,9,20,99,Los Angeles Clippers
1610612746,0022400596,"JAN 19, 2025",LAC vs. LAL,W,24,17,0.585,240,47,89,0.528,11,30,0.367,11,14,0.786,11,27,38,27,12,4,12,12,116,Los Angeles Clippers
1610612746,0022400575,"JAN 16, 2025",LAC @ POR,W,23,17,0.575,240,44,78,0.564,10,23,0.435,20,27,0.741,8,42,50,23,9,4,15,13,118,Los Angeles Clippers
1610612746,0022400571,"JAN 15, 2025",LAC vs. BKN,W,22,17,0.564,240,43,79,0.544,12,32,0.375,28,30,0.933,6,40,46,26,13,3,14,17,126,Los Angeles Clippers
1610612746,0022400553,"JAN 13, 2025",LAC vs. MIA,W,21,17,0.553,240,45,93,0.484,13,36,0.361,6,10,0.6,7,41,48,28,11,6,11,15,109,Los Angeles Clippers
1610612746,0022400515,"JAN 08, 2025",LAC @ DEN,L,20,17,0.541,240,30,80,0.375,11,38,0.289,32,40,0.8,9,31,40,14,8,6,11,15,103,Los Angeles Clippers
1610612746,0022400500,"JAN 06, 2025",LAC @ MIN,L,20,16,0.556,240,37,89,0.416,12,35,0.343,20,25,0.8,14,35,49,23,9,10,13,19,106,Los Angeles Clippers
1610612746,0022400486,"JAN 04, 2025",LAC vs. ATL,W,20,15,0.571,240,53,96,0.552,13,36,0.361,12,17,0.706,7,41,48,36,15,3,17,17,131,Los Angeles Clippers
1610612746,0022400466,"JAN 02, 2025",LAC @ OKC,L,19,15,0.559,240,38,81,0.469,11,32,0.344,11,17,0.647,10,35,45,25,6,1,19,18,98,Los Angeles Clippers
1610612746,0022400451,"DEC 31, 2024",LAC @ SAS,L,19,14,0.576,240,30,87,0.345,11,41,0.268,15,18,0.833,10,31,41,17,7,3,13,15,86,Los Angeles Clippers
1610612746,0022400444,"DEC 30, 2024",LAC @ NOP,W,19,13,0.594,240,41,86,0.477,13,37,0.351,21,27,0.778,14,26,40,24,11,2,16,14,116,Los Angeles Clippers
1610612746,0022400426,"DEC 27, 2024",LAC vs. GSW,W,18,13,0.581,240,40,75,0.533,10,32,0.313,12,15,0.8,6,33,39,19,6,10,21,19,102,Los Angeles Clippers
1610612746,0022400399,"DEC 23, 2024",LAC @ MEM,W,17,13,0.567,240,42,96,0.438,9,27,0.333,21,26,0.808,15,38,53,22,15,6,17,28,114,Los Angeles Clippers
1610612746,0022400385,"DEC 21, 2024",LAC @ DAL,L,16,13,0.552,240,34,81,0.42,10,37,0.27,19,22,0.864,8,32,40,18,8,7,17,14,97,Los Angeles Clippers
1610612746,0022400368,"DEC 19, 2024",LAC @ DAL,W,16,12,0.571,240,44,85,0.518,14,33,0.424,16,17,0.941,8,39,47,30,9,3,13,20,118,Los Angeles Clippers
1610612746,0022401226,"DEC 16, 2024",LAC vs. UTA,W,15,12,0.556,240,49,82,0.598,21,39,0.538,25,32,0.781,7,34,41,28,13,6,14,20,144,Los Angeles Clippers
1610612746,0022401213,"DEC 13, 2024",LAC @ DEN,L,14,12,0.538,240,37,83,0.446,14,41,0.341,10,18,0.556,5,26,31,24,18,2,19,22,98,Los Angeles Clippers
1610612746,0022400356,"DEC 08, 2024",LAC vs. HOU,L,14,11,0.56,240,41,92,0.446,11,34,0.324,13,16,0.813,7,26,33,21,11,3,7,24,106,Los Angeles Clippers
1610612746,0022400324,"DEC 04, 2024",LAC vs. MIN,L,14,10,0.583,240,29,83,0.349,11,40,0.275,11,13,0.846,10,36,46,13,7,2,21,16,80,Los Angeles Clippers
1610612746,0022400060,"DEC 03, 2024",LAC vs. POR,W,14,9,0.609,240,47,85,0.553,19,37,0.514,14,17,0.824,11,24,35,29,8,8,13,14,127,Los Angeles Clippers
1610612746,0022400314,"DEC 01, 2024",LAC vs. DEN,W,13,9,0.591,240,43,90,0.478,18,39,0.462,22,27,0.815,13,29,42,28,8,4,14,16,126,Los Angeles Clippers
1610612746,0022400044,"NOV 29, 2024",LAC @ MIN,L,12,9,0.571,240,36,84,0.429,10,31,0.323,10,13,0.769,8,31,39,20,17,3,15,16,92,Los Angeles Clippers
1610612746,0022400291,"NOV 27, 2024",LAC @ WAS,W,12,8,0.6,240,45,89,0.506,12,33,0.364,19,25,0.76,13,34,47,27,18,4,13,19,121,Los Angeles Clippers
1610612746,0022400281,"NOV 25, 2024",LAC @ BOS,L,11,8,0.579,240,39,90,0.433,7,26,0.269,9,13,0.692,10,34,44,18,8,3,13,12,94,Los Angeles Clippers
1610612746,0022400274,"NOV 24, 2024",LAC @ PHI,W,11,7,0.611,240,47,81,0.58,12,30,0.4,19,25,0.76,10,34,44,31,9,5,17,22,125,Los Angeles Clippers
1610612746,0022400034,"NOV 22, 2024",LAC vs. SAC,W,10,7,0.588,240,39,94,0.415,10,42,0.238,16,16,1.0,11,43,54,27,13,3,12,24,104,Los Angeles Clippers
1610612746,0022400259,"NOV 20, 2024",LAC vs. ORL,W,9,7,0.563,240,38,77,0.494,11,22,0.5,17,21,0.81,15,34,49,22,10,1,22,22,104,Los Angeles Clippers
1610612746,0022400251,"NOV 18, 2024",LAC vs. GSW,W,8,7,0.533,240,35,82,0.427,16,34,0.471,16,18,0.889,5,39,44,29,10,6,17,13,102,Los Angeles Clippers
1610612746,0022400243,"NOV 17, 2024",LAC vs. UTA,W,7,7,0.5,240,46,94,0.489,11,40,0.275,13,17,0.765,14,27,41,30,11,5,9,11,116,Los Angeles Clippers
1610612746,0022400016,"NOV 15, 2024",LAC @ HOU,L,6,7,0.462,240,34,90,0.378,10,40,0.25,26,33,0.788,13,38,51,12,6,6,14,15,104,Los Angeles Clippers
1610612746,0022400222,"NOV 13, 2024",LAC @ HOU,L,6,6,0.5,240,38,96,0.396,14,38,0.368,13,16,0.813,10,32,42,27,10,3,9,16,103,Los Angeles Clippers
1610612746,0022400215,"NOV 11, 2024",LAC @ OKC,L,6,5,0.545,240,44,80,0.55,20,37,0.541,20,29,0.69,15,32,47,31,5,5,23,22,128,Los Angeles Clippers
1610612746,0022400200,"NOV 09, 2024",LAC vs. TOR,W,6,4,0.6,240,35,76,0.461,10,26,0.385,25,32,0.781,7,40,47,18,6,8,12,20,105,Los Angeles Clippers
1610612746,0022400196,"NOV 08, 2024",LAC @ SAC,W,5,4,0.556,240,36,81,0.444,14,30,0.467,21,23,0.913,12,36,48,20,7,2,18,21,107,Los Angeles Clippers
1610612746,0022400179,"NOV 06, 2024",LAC vs. PHI,W,4,4,0.5,240,41,72,0.569,12,28,0.429,16,19,0.842,8,21,29,27,12,1,17,16,110,Los Angeles Clippers
1610612746,0022400168,"NOV 04, 2024",LAC vs. SAS,W,3,4,0.429,240,41,90,0.456,19,37,0.514,12,17,0.706,16,28,44,25,6,7,10,21,113,Los Angeles Clippers
1610612746,0022400150,"NOV 02, 2024",LAC vs. OKC,L,2,4,0.333,240,32,79,0.405,11,35,0.314,17,26,0.654,10,40,50,23,10,7,20,17,92,Los Angeles Clippers
1610612746,0022400131,"OCT 31, 2024",LAC vs. PHX,L,2,3,0.4,240,45,93,0.484,12,35,0.343,17,21,0.81,15,33,48,27,8,8,14,22,119,Los Angeles Clippers
1610612746,0022400127,"OCT 30, 2024",LAC vs. POR,L,2,2,0.5,240,41,90,0.456,13,36,0.361,10,18,0.556,13,36,49,26,10,5,13,19,105,Los Angeles Clippers
1610612746,0022400101,"OCT 27, 2024",LAC @ GSW,W,2,1,0.667,240,42,90,0.467,10,32,0.313,18,23,0.783,14,34,48,27,11,2,18,21,112,Los Angeles Clippers
1610612746,0022400087,"OCT 26, 2024",LAC @ DEN,W,1,1,0.5,240,40,82,0.488,12,33,0.364,17,21,0.81,11,33,44,30,4,5,16,24,109,Los Angeles Clippers
1610612746,0022400071,"OCT 23, 2024",LAC vs. PHX,L,0,1,0.0,265,42,92,0.457,8,29,0.276,21,30,0.7,13,38,51,27,9,1,21,29,113,Los Angeles Clippers
1610612747,0022401199,"APR 13, 2025",LAL @ POR,L,50,32,0.61,240,31,80,0.388,9,28,0.321,10,14,0.714,13,29,42,21,9,11,20,21,81,Los Angeles Lakers
1610612747,0022401185,"APR 11, 2025",LAL vs. HOU,W,50,31,0.617,240,53,87,0.609,19,37,0.514,15,25,0.6,4,38,42,28,11,1,12,15,140,Los Angeles Lakers
1610612747,0022401159,"APR 09, 2025",LAL @ DAL,W,49,31,0.613,240,42,90,0.467,12,36,0.333,16,21,0.762,15,24,39,22,14,0,9,16,112,Los Angeles Lakers
1610612747,0022401153,"APR 08, 2025",LAL @ OKC,L,48,31,0.608,240,37,80,0.463,18,40,0.45,28,37,0.757,12,33,45,21,2,6,18,15,120,Los Angeles Lakers
1610612747,0022401135,"APR 06, 2025",LAL @ OKC,W,48,30,0.615,240,46,84,0.548,22,40,0.55,12,17,0.706,8,35,43,25,6,2,15,15,126,Los Angeles Lakers
1610612747,0022401126,"APR 04, 2025",LAL vs. NOP,W,47,30,0.61,240,41,79,0.519,16,41,0.39,26,28,0.929,8,28,36,26,7,2,12,18,124,Los Angeles Lakers
1610612747,0022401117,"APR 03, 2025",LAL vs. GSW,L,46,30,0.605,240,39,86,0.453,18,47,0.383,20,23,0.87,14,25,39,23,5,3,8,23,116,Los Angeles Lakers
1610612747,0022401096,"MAR 31, 2025",LAL vs. HOU,W,46,29,0.613,240,35,89,0.393,16,46,0.348,18,20,0.9,10,35,45,22,11,6,11,15,104,Los Angeles Lakers
1610612747,0022401078,"MAR 29, 2025",LAL @ MEM,W,45,29,0.608,240,45,89,0.506,19,43,0.442,25,27,0.926,8,34,42,30,7,3,13,21,134,Los Angeles Lakers
1610612747,0022401063,"MAR 27, 2025",LAL @ CHI,L,44,29,0.603,240,45,91,0.495,12,41,0.293,15,18,0.833,6,34,40,30,8,7,11,19,117,Los Angeles Lakers
1610612747,0022401055,"MAR 26, 2025",LAL @ IND,W,44,28,0.611,240,41,79,0.519,17,38,0.447,21,24,0.875,8,35,43,26,5,3,14,22,120,Los Angeles Lakers
1610612747,0022401038,"MAR 24, 2025",LAL @ ORL,L,43,28,0.606,240,37,80,0.463,10,32,0.313,22,28,0.786,11,28,39,19,7,1,10,20,106,Los Angeles Lakers
1610612747,0022401028,"MAR 22, 2025",LAL vs. CHI,L,43,27,0.614,240,41,85,0.482,17,41,0.415,16,22,0.727,9,26,35,23,8,1,21,16,115,Los Angeles Lakers
1610612747,0022400996,"MAR 20, 2025",LAL vs. MIL,L,43,26,0.623,240,34,82,0.415,11,32,0.344,10,16,0.625,14,36,50,26,5,4,19,25,89,Los Angeles Lakers
1610612747,0022401006,"MAR 19, 2025",LAL vs. DEN,W,43,25,0.632,240,42,83,0.506,16,38,0.421,20,28,0.714,8,30,38,25,13,3,13,17,120,Los Angeles Lakers
1610612747,0022400537,"MAR 17, 2025",LAL vs. SAS,W,42,25,0.627,240,44,90,0.489,19,48,0.396,18,24,0.75,8,34,42,34,13,4,9,10,125,Los Angeles Lakers
1610612747,0022400977,"MAR 16, 2025",LAL vs. PHX,W,41,25,0.621,240,35,81,0.432,14,39,0.359,23,32,0.719,7,33,40,22,7,5,8,20,107,Los Angeles Lakers
1610612747,0022400965,"MAR 14, 2025",LAL @ DEN,L,40,25,0.615,240,49,105,0.467,15,40,0.375,13,16,0.813,19,28,47,32,10,2,8,25,126,Los Angeles Lakers
1610612747,0022400955,"MAR 13, 2025",LAL @ MIL,L,40,24,0.625,240,38,87,0.437,15,40,0.375,15,18,0.833,5,33,38,18,3,4,13,23,106,Los Angeles Lakers
1610612747,0022400930,"MAR 10, 2025",LAL @ BKN,L,40,23,0.635,240,37,85,0.435,19,40,0.475,15,19,0.789,8,35,43,31,4,4,15,20,108,Los Angeles Lakers
1610612747,0022400918,"MAR 08, 2025",LAL @ BOS,L,40,22,0.645,240,39,87,0.448,14,40,0.35,9,14,0.643,9,36,45,18,6,1,12,17,101,Los Angeles Lakers
1610612747,0022400903,"MAR 06, 2025",LAL vs. NYK,W,40,21,0.656,265,38,89,0.427,14,42,0.333,23,28,0.821,12,37,49,25,7,4,16,28,113,Los Angeles Lakers
1610612747,0022400890,"MAR 04, 2025",LAL vs. NOP,W,39,21,0.65,240,48,90,0.533,19,52,0.365,21,27,0.778,17,34,51,32,7,5,14,12,136,Los Angeles Lakers
1610612747,0022400874,"MAR 02, 2025",LAL vs. LAC,W,38,21,0.644,240,38,77,0.494,18,42,0.429,14,20,0.7,11,30,41,21,8,6,16,16,108,Los Angeles Lakers
1610612747,0022400859,"FEB 28, 2025",LAL vs. LAC,W,37,21,0.638,240,39,80,0.488,11,33,0.333,17,22,0.773,10,29,39,19,14,5,15,14,106,Los Angeles Lakers
1610612747,0022400849,"FEB 27, 2025",LAL vs. MIN,W,36,21,0.632,240,34,82,0.415,11,41,0.268,32,46,0.696,16,36,52,21,7,2,12,18,111,Los Angeles Lakers
1610612747,0022400835,"FEB 25, 2025",LAL vs. DAL,W,35,21,0.625,240,39,87,0.448,11,40,0.275,18,24,0.75,13,44,57,24,7,8,14,13,107,Los Angeles Lakers
1610612747,0022400808,"FEB 22, 2025",LAL @ DEN,W,34,21,0.618,240,43,86,0.5,16,41,0.39,21,25,0.84,9,30,39,27,15,9,8,20,123,Los Angeles Lakers
1610612747,0022400796,"FEB 20, 2025",LAL @ POR,W,33,21,0.611,240,39,82,0.476,9,32,0.281,23,25,0.92,11,37,48,20,7,6,22,17,110,Los Angeles Lakers
1610612747,0022400524,"FEB 19, 2025",LAL vs. CHA,L,32,21,0.604,240,37,90,0.411,15,51,0.294,8,12,0.667,12,38,50,29,7,4,18,17,97,Los Angeles Lakers
1610612747,0022400781,"FEB 12, 2025",LAL @ UTA,L,32,20,0.615,240,41,92,0.446,20,50,0.4,17,30,0.567,14,31,45,31,5,3,14,20,119,Los Angeles Lakers
1610612747,0022400768,"FEB 10, 2025",LAL vs. UTA,W,32,19,0.627,240,50,92,0.543,15,42,0.357,17,18,0.944,10,34,44,28,11,2,11,22,132,Los Angeles Lakers
1610612747,0022400742,"FEB 08, 2025",LAL vs. IND,W,31,19,0.62,240,46,88,0.523,11,33,0.333,21,23,0.913,9,37,46,29,6,3,14,22,124,Los Angeles Lakers
1610612747,0022400731,"FEB 06, 2025",LAL vs. GSW,W,30,19,0.612,240,39,78,0.5,13,35,0.371,29,36,0.806,7,40,47,26,9,5,13,21,120,Los Angeles Lakers
1610612747,0022400715,"FEB 04, 2025",LAL @ LAC,W,29,19,0.604,240,45,81,0.556,18,37,0.486,14,23,0.609,10,40,50,33,7,3,14,15,122,Los Angeles Lakers
1610612747,0022400692,"FEB 01, 2025",LAL @ NYK,W,28,19,0.596,240,47,81,0.58,19,40,0.475,15,18,0.833,3,34,37,26,9,4,15,22,128,Los Angeles Lakers
1610612747,0022400674,"JAN 30, 2025",LAL @ WAS,W,27,19,0.587,240,49,90,0.544,15,32,0.469,21,22,0.955,9,39,48,31,9,6,11,24,134,Los Angeles Lakers
1610612747,0022400660,"JAN 28, 2025",LAL @ PHI,L,26,19,0.578,240,37,72,0.514,10,33,0.303,20,23,0.87,4,35,39,25,5,3,22,19,104,Los Angeles Lakers
1610612747,0022400648,"JAN 27, 2025",LAL @ CHA,W,26,18,0.591,240,44,86,0.512,6,28,0.214,18,24,0.75,12,36,48,22,9,5,16,18,112,Los Angeles Lakers
1610612747,0022400644,"JAN 25, 2025",LAL @ GSW,W,25,18,0.581,240,47,86,0.547,10,29,0.345,14,17,0.824,10,32,42,29,8,2,12,13,118,Los Angeles Lakers
1610612747,0022400629,"JAN 23, 2025",LAL vs. BOS,W,24,18,0.571,240,42,89,0.472,15,35,0.429,18,20,0.9,10,43,53,27,4,3,6,14,117,Los Angeles Lakers
1610612747,0022400610,"JAN 21, 2025",LAL vs. WAS,W,23,18,0.561,240,43,90,0.478,11,34,0.324,14,18,0.778,7,43,50,30,6,10,10,11,111,Los Angeles Lakers
1610612747,0022400596,"JAN 19, 2025",LAL @ LAC,L,22,18,0.55,240,38,76,0.5,9,27,0.333,17,19,0.895,5,28,33,26,6,6,15,14,102,Los Angeles Lakers
1610612747,0022400585,"JAN 17, 2025",LAL vs. BKN,W,22,17,0.564,240,38,82,0.463,12,34,0.353,14,18,0.778,6,28,34,24,6,7,10,12,102,Los Angeles Lakers
1610612747,0022400570,"JAN 15, 2025",LAL vs. MIA,W,21,17,0.553,240,47,90,0.522,13,34,0.382,10,14,0.714,6,28,34,33,12,4,6,12,117,Los Angeles Lakers
1610612747,0022400552,"JAN 13, 2025",LAL vs. SAS,L,20,17,0.541,240,39,87,0.448,14,44,0.318,10,16,0.625,15,25,40,24,9,4,19,17,102,Los Angeles Lakers
1610612747,0022400504,"JAN 07, 2025",LAL @ DAL,L,20,16,0.556,240,34,75,0.453,11,35,0.314,18,24,0.75,5,28,33,20,7,6,10,13,97,Los Angeles Lakers
1610612747,0022400491,"JAN 05, 2025",LAL @ HOU,L,20,15,0.571,240,38,78,0.487,16,36,0.444,23,28,0.821,10,29,39,26,4,5,10,21,115,Los Angeles Lakers
1610612747,0022400477,"JAN 03, 2025",LAL vs. ATL,W,20,14,0.588,240,43,88,0.489,13,30,0.433,20,25,0.8,17,39,56,28,4,6,18,21,119,Los Angeles Lakers
1610612747,0022400468,"JAN 02, 2025",LAL vs. POR,W,19,14,0.576,240,43,94,0.457,15,43,0.349,13,14,0.929,15,28,43,30,8,3,12,17,114,Los Angeles Lakers
1610612747,0022400454,"DEC 31, 2024",LAL vs. CLE,L,18,14,0.563,240,42,95,0.442,9,35,0.257,17,19,0.895,8,35,43,26,7,3,8,12,110,Los Angeles Lakers
1610612747,0022400435,"DEC 28, 2024",LAL vs. SAC,W,18,13,0.581,240,46,77,0.597,14,26,0.538,26,33,0.788,4,29,33,33,4,3,11,13,132,Los Angeles Lakers
1610612747,0022400408,"DEC 25, 2024",LAL @ GSW,W,17,13,0.567,240,41,91,0.451,15,42,0.357,18,18,1.0,11,30,41,30,6,4,9,14,115,Los Angeles Lakers
1610612747,0022400404,"DEC 23, 2024",LAL vs. DET,L,16,13,0.552,240,40,74,0.541,14,30,0.467,20,25,0.8,6,32,38,28,8,3,18,10,114,Los Angeles Lakers
1610612747,0022400376,"DEC 21, 2024",LAL @ SAC,W,16,12,0.571,240,40,83,0.482,9,35,0.257,14,21,0.667,9,39,48,23,10,6,13,14,103,Los Angeles Lakers
1610612747,0022400372,"DEC 19, 2024",LAL @ SAC,W,15,12,0.556,240,38,94,0.404,12,33,0.364,25,30,0.833,14,39,53,22,8,10,10,16,113,Los Angeles Lakers
1610612747,0022401220,"DEC 15, 2024",LAL vs. MEM,W,14,12,0.538,240,39,82,0.476,10,34,0.294,28,39,0.718,10,34,44,23,10,7,21,27,116,Los Angeles Lakers
1610612747,0022401210,"DEC 13, 2024",LAL @ MIN,L,13,12,0.52,240,33,86,0.384,10,35,0.286,11,17,0.647,15,38,53,17,7,6,21,21,87,Los Angeles Lakers
1610612747,0022400358,"DEC 08, 2024",LAL vs. POR,W,13,11,0.542,240,38,83,0.458,13,34,0.382,18,21,0.857,8,32,40,25,14,7,11,20,107,Los Angeles Lakers
1610612747,0022400334,"DEC 06, 2024",LAL @ ATL,L,12,11,0.522,265,51,99,0.515,16,35,0.457,14,16,0.875,6,34,40,33,11,10,13,24,132,Los Angeles Lakers
1610612747,0022400321,"DEC 04, 2024",LAL @ MIA,L,12,10,0.545,240,37,88,0.42,5,22,0.227,14,19,0.737,12,24,36,29,9,4,13,8,93,Los Angeles Lakers
1610612747,0022400318,"DEC 02, 2024",LAL @ MIN,L,12,9,0.571,240,32,79,0.405,6,31,0.194,10,14,0.714,9,30,39,19,8,2,20,16,80,Los Angeles Lakers
1610612747,0022400311,"DEC 01, 2024",LAL @ UTA,W,12,8,0.6,240,39,88,0.443,7,33,0.212,20,25,0.8,10,32,42,23,7,4,5,18,105,Los Angeles Lakers
1610612747,0022400048,"NOV 29, 2024",LAL vs. OKC,L,11,8,0.579,240,33,73,0.452,11,38,0.289,16,21,0.762,8,39,47,25,4,6,17,18,93,Los Angeles Lakers
1610612747,0022400296,"NOV 27, 2024",LAL @ SAS,W,11,7,0.611,240,48,90,0.533,13,34,0.382,10,10,1.0,11,35,46,31,8,3,13,15,119,Los Angeles Lakers
1610612747,0022400039,"NOV 26, 2024",LAL @ PHX,L,10,7,0.588,240,37,85,0.435,8,34,0.235,18,25,0.72,7,35,42,25,7,6,12,11,100,Los Angeles Lakers
1610612747,0022400270,"NOV 23, 2024",LAL vs. DEN,L,10,6,0.625,240,39,88,0.443,13,36,0.361,11,14,0.786,6,26,32,27,11,3,15,16,102,Los Angeles Lakers
1610612747,0022400263,"NOV 21, 2024",LAL vs. ORL,L,10,5,0.667,240,44,87,0.506,13,31,0.419,17,26,0.654,9,27,36,21,4,6,10,15,118,Los Angeles Lakers
1610612747,0022400026,"NOV 19, 2024",LAL vs. UTA,W,10,4,0.714,240,42,76,0.553,14,31,0.452,26,36,0.722,6,28,34,30,9,5,14,16,124,Los Angeles Lakers
1610612747,0022400231,"NOV 16, 2024",LAL @ NOP,W,9,4,0.692,240,39,89,0.438,12,40,0.3,14,18,0.778,17,26,43,24,10,3,11,14,104,Los Angeles Lakers
1610612747,0022400015,"NOV 15, 2024",LAL @ SAS,W,8,4,0.667,240,44,88,0.5,14,31,0.452,18,23,0.783,10,31,41,27,10,3,10,11,120,Los Angeles Lakers
1610612747,0022400225,"NOV 13, 2024",LAL vs. MEM,W,7,4,0.636,240,43,85,0.506,20,41,0.488,22,32,0.688,7,35,42,31,7,5,18,22,128,Los Angeles Lakers
1610612747,0022400211,"NOV 10, 2024",LAL vs. TOR,W,6,4,0.6,240,44,86,0.512,12,37,0.324,23,28,0.821,10,23,33,30,9,4,5,15,123,Los Angeles Lakers
1610612747,0022400195,"NOV 08, 2024",LAL vs. PHI,W,5,4,0.556,240,44,85,0.518,16,35,0.457,12,14,0.857,5,40,45,28,1,13,11,17,116,Los Angeles Lakers
1610612747,0022400174,"NOV 06, 2024",LAL @ MEM,L,4,4,0.5,240,41,93,0.441,15,48,0.313,17,21,0.81,9,28,37,23,10,1,11,18,114,Los Angeles Lakers
1610612747,0022400156,"NOV 04, 2024",LAL @ DET,L,4,3,0.571,240,37,85,0.435,9,25,0.36,20,27,0.741,7,30,37,28,8,1,13,16,103,Los Angeles Lakers
1610612747,0022400137,"NOV 01, 2024",LAL @ TOR,W,4,2,0.667,240,42,88,0.477,11,32,0.344,36,41,0.878,9,34,43,29,6,5,10,17,131,Los Angeles Lakers
1610612747,0022400118,"OCT 30, 2024",LAL @ CLE,L,3,2,0.6,240,38,77,0.494,6,28,0.214,28,33,0.848,5,32,37,21,6,0,20,7,110,Los Angeles Lakers
1610612747,0022400111,"OCT 28, 2024",LAL @ PHX,L,3,1,0.75,240,39,94,0.415,14,32,0.438,13,18,0.722,11,35,46,25,5,6,11,19,105,Los Angeles Lakers
1610612747,0022400096,"OCT 26, 2024",LAL vs. SAC,W,3,0,1.0,240,48,92,0.522,14,34,0.412,21,24,0.875,13,32,45,32,8,3,19,19,131,Los Angeles Lakers
1610612747,0022400085,"OCT 25, 2024",LAL vs. PHX,W,2,0,1.0,240,40,75,0.533,14,27,0.519,29,39,0.744,6,31,37,33,10,5,12,18,123,Los Angeles Lakers
1610612747,0022400062,"OCT 22, 2024",LAL vs. MIN,W,1,0,1.0,240,42,95,0.442,5,30,0.167,21,25,0.84,15,31,46,22,7,8,7,22,110,Los Angeles Lakers
1610612748,0022401190,"APR 13, 2025",MIA vs. WAS,L,37,45,0.451,240,49,98,0.5,10,32,0.313,10,12,0.833,9,37,46,28,8,6,8,12,118,Miami Heat
1610612748,0022401177,"APR 11, 2025",MIA @ NOP,W,37,44,0.457,240,58,104,0.558,20,45,0.444,17,22,0.773,16,44,60,36,12,5,9,13,153,Miami Heat
1610612748,0022401160,"APR 09, 2025",MIA @ CHI,L,36,44,0.45,240,44,92,0.478,12,33,0.364,11,17,0.647,11,28,39,28,11,3,13,10,111,Miami Heat
1610612748,0022401145,"APR 07, 2025",MIA vs. PHI,W,36,43,0.456,240,45,89,0.506,16,36,0.444,11,15,0.733,10,37,47,26,7,6,13,17,117,Miami Heat
1610612748,0022401131,"APR 05, 2025",MIA vs. MIL,L,35,43,0.449,265,43,102,0.422,15,46,0.326,14,16,0.875,12,40,52,24,4,1,10,21,115,Miami Heat
1610612748,0022401114,"APR 03, 2025",MIA vs. MEM,L,35,42,0.455,240,39,95,0.411,14,33,0.424,16,19,0.842,15,32,47,24,11,8,11,21,108,Miami Heat
1610612748,0022401106,"APR 02, 2025",MIA @ BOS,W,35,41,0.461,240,43,83,0.518,14,30,0.467,24,27,0.889,11,23,34,28,9,2,4,13,124,Miami Heat
1610612748,0022401092,"MAR 31, 2025",MIA @ WAS,W,34,41,0.453,240,47,93,0.505,9,32,0.281,17,24,0.708,15,47,62,29,12,2,17,16,120,Miami Heat
1610612748,0022401076,"MAR 29, 2025",MIA @ PHI,W,33,41,0.446,240,44,93,0.473,20,43,0.465,10,13,0.769,16,31,47,33,12,4,9,13,118,Miami Heat
1610612748,0022401062,"MAR 27, 2025",MIA vs. ATL,W,32,41,0.438,240,44,82,0.537,18,33,0.545,16,20,0.8,7,30,37,26,10,1,13,10,122,Miami Heat
1610612748,0022401047,"MAR 25, 2025",MIA vs. GSW,W,31,41,0.431,240,43,77,0.558,17,25,0.68,9,12,0.75,8,34,42,26,8,5,15,15,112,Miami Heat
1610612748,0022401032,"MAR 23, 2025",MIA vs. CHA,W,30,41,0.423,240,47,82,0.573,12,29,0.414,16,20,0.8,7,25,32,27,10,4,10,13,122,Miami Heat
1610612748,0022401015,"MAR 21, 2025",MIA vs. HOU,L,29,41,0.414,240,38,73,0.521,10,24,0.417,12,14,0.857,5,29,34,25,8,5,20,16,98,Miami Heat
1610612748,0022401000,"MAR 19, 2025",MIA vs. DET,L,29,40,0.42,240,44,90,0.489,10,32,0.313,15,18,0.833,11,26,37,24,7,5,13,15,113,Miami Heat
1610612748,0022400984,"MAR 17, 2025",MIA @ NYK,L,29,39,0.426,240,39,82,0.476,6,23,0.261,11,12,0.917,9,30,39,23,9,6,20,11,95,Miami Heat
1610612748,0022400971,"MAR 15, 2025",MIA @ MEM,L,29,38,0.433,240,35,88,0.398,9,37,0.243,12,15,0.8,10,27,37,24,6,4,14,16,91,Miami Heat
1610612748,0022400958,"MAR 14, 2025",MIA vs. BOS,L,29,37,0.439,240,34,75,0.453,13,34,0.382,10,17,0.588,7,31,38,18,10,4,17,12,91,Miami Heat
1610612748,0022400948,"MAR 12, 2025",MIA vs. LAC,L,29,36,0.446,240,40,84,0.476,14,37,0.378,10,14,0.714,9,20,29,27,14,3,10,17,104,Miami Heat
1610612748,0022400931,"MAR 10, 2025",MIA vs. CHA,L,29,35,0.453,240,39,85,0.459,10,31,0.323,14,20,0.7,11,35,46,24,7,3,16,15,102,Miami Heat
1610612748,0022400916,"MAR 08, 2025",MIA vs. CHI,L,29,34,0.46,240,41,97,0.423,13,43,0.302,14,19,0.737,7,37,44,25,7,5,9,17,109,Miami Heat
1610612748,0022400907,"MAR 07, 2025",MIA vs. MIN,L,29,33,0.468,240,41,89,0.461,14,34,0.412,8,11,0.727,7,34,41,29,7,2,9,16,104,Miami Heat
1610612748,0022400893,"MAR 05, 2025",MIA @ CLE,L,29,32,0.475,240,36,83,0.434,13,36,0.361,22,25,0.88,9,33,42,29,7,2,13,19,107,Miami Heat
1610612748,0022400877,"MAR 03, 2025",MIA vs. WAS,W,29,31,0.483,240,39,82,0.476,13,37,0.351,15,18,0.833,5,43,48,31,10,4,11,19,106,Miami Heat
1610612748,0022400869,"MAR 02, 2025",MIA vs. NYK,L,28,31,0.475,265,45,84,0.536,11,35,0.314,11,16,0.688,3,31,34,29,5,6,12,16,112,Miami Heat
1610612748,0022400854,"FEB 28, 2025",MIA vs. IND,W,28,30,0.483,240,48,84,0.571,17,32,0.531,12,13,0.923,12,27,39,34,7,4,14,11,125,Miami Heat
1610612748,0022400841,"FEB 26, 2025",MIA vs. ATL,W,27,30,0.474,240,45,76,0.592,23,42,0.548,18,22,0.818,8,27,35,39,10,2,14,13,131,Miami Heat
1610612748,0022400825,"FEB 24, 2025",MIA @ ATL,L,26,30,0.464,240,27,84,0.321,7,40,0.175,25,27,0.926,14,31,45,15,8,4,17,9,86,Miami Heat
1610612748,0022400817,"FEB 23, 2025",MIA @ MIL,L,26,29,0.473,240,41,88,0.466,9,31,0.29,22,26,0.846,10,36,46,25,3,3,9,22,113,Miami Heat
1610612748,0022400800,"FEB 21, 2025",MIA @ TOR,W,26,28,0.481,265,46,90,0.511,13,36,0.361,15,18,0.833,8,36,44,20,8,3,12,22,120,Miami Heat
1610612748,0022400786,"FEB 13, 2025",MIA @ DAL,L,25,28,0.472,240,43,91,0.473,10,36,0.278,17,26,0.654,16,26,42,23,9,4,13,14,113,Miami Heat
1610612748,0022400778,"FEB 12, 2025",MIA @ OKC,L,25,27,0.481,240,36,79,0.456,11,34,0.324,18,25,0.72,10,35,45,24,7,5,16,17,101,Miami Heat
1610612748,0022400759,"FEB 10, 2025",MIA vs. BOS,L,25,26,0.49,240,31,92,0.337,11,45,0.244,12,13,0.923,12,39,51,21,2,2,4,10,85,Miami Heat
1610612748,0022400737,"FEB 07, 2025",MIA @ BKN,L,25,25,0.5,240,32,90,0.356,12,40,0.3,10,12,0.833,11,28,39,23,9,5,14,19,86,Miami Heat
1610612748,0022400721,"FEB 05, 2025",MIA @ PHI,W,25,24,0.51,240,39,83,0.47,14,34,0.412,16,20,0.8,13,41,54,25,3,4,22,13,108,Miami Heat
1610612748,0022400714,"FEB 04, 2025",MIA @ CHI,L,24,24,0.5,240,43,90,0.478,17,44,0.386,21,26,0.808,11,33,44,29,4,3,13,17,124,Miami Heat
1610612748,0022400693,"FEB 01, 2025",MIA @ SAS,W,24,23,0.511,240,41,89,0.461,13,42,0.31,10,17,0.588,12,40,52,30,7,5,13,15,105,Miami Heat
1610612748,0022400667,"JAN 29, 2025",MIA vs. CLE,L,23,23,0.5,240,39,83,0.47,15,43,0.349,13,15,0.867,6,29,35,27,4,4,12,5,106,Miami Heat
1610612748,0022400652,"JAN 27, 2025",MIA vs. ORL,W,23,22,0.511,290,48,92,0.522,15,41,0.366,14,21,0.667,5,38,43,34,9,2,16,21,125,Miami Heat
1610612748,0022400636,"JAN 25, 2025",MIA @ BKN,W,22,22,0.5,240,35,79,0.443,13,28,0.464,23,24,0.958,12,39,51,22,9,6,22,23,106,Miami Heat
1610612748,0022400624,"JAN 23, 2025",MIA @ MIL,L,21,22,0.488,240,34,92,0.37,12,51,0.235,16,21,0.762,13,37,50,26,3,3,10,18,96,Miami Heat
1610612748,0022400607,"JAN 21, 2025",MIA vs. POR,L,21,21,0.5,240,41,93,0.441,14,42,0.333,11,12,0.917,12,33,45,26,2,3,8,14,107,Miami Heat
1610612748,0022400592,"JAN 19, 2025",MIA vs. SAS,W,21,20,0.512,240,50,95,0.526,18,33,0.545,10,10,1.0,12,37,49,35,8,6,11,12,128,Miami Heat
1610612748,0022400579,"JAN 17, 2025",MIA vs. DEN,L,20,20,0.5,240,45,91,0.495,9,33,0.273,14,14,1.0,6,35,41,30,2,0,8,15,113,Miami Heat
1610612748,0022400570,"JAN 15, 2025",MIA @ LAL,L,20,19,0.513,240,39,73,0.534,16,36,0.444,14,15,0.933,3,34,37,25,3,6,19,13,108,Miami Heat
1610612748,0022400553,"JAN 13, 2025",MIA @ LAC,L,20,18,0.526,240,33,85,0.388,17,52,0.327,15,18,0.833,9,40,49,22,7,3,15,9,98,Miami Heat
1610612748,0022400536,"JAN 11, 2025",MIA @ POR,W,20,17,0.541,240,44,92,0.478,19,44,0.432,12,16,0.75,8,35,43,31,13,5,10,16,119,Miami Heat
1610612748,0022400523,"JAN 09, 2025",MIA @ UTA,W,19,17,0.528,240,36,91,0.396,14,50,0.28,11,15,0.733,13,36,49,26,10,7,14,12,97,Miami Heat
1610612748,0022400508,"JAN 07, 2025",MIA @ GSW,W,18,17,0.514,240,43,91,0.473,16,40,0.4,12,17,0.706,9,39,48,32,6,3,9,9,114,Miami Heat
1610612748,0022400501,"JAN 06, 2025",MIA @ SAC,L,17,17,0.5,290,43,102,0.422,11,42,0.262,21,27,0.778,12,41,53,25,14,6,13,19,118,Miami Heat
1610612748,0022400481,"JAN 04, 2025",MIA vs. UTA,L,17,16,0.515,240,35,80,0.438,9,35,0.257,21,30,0.7,5,27,32,25,9,7,15,14,100,Miami Heat
1610612748,0022400463,"JAN 02, 2025",MIA vs. IND,L,17,15,0.531,240,43,75,0.573,11,26,0.423,18,21,0.857,5,34,39,34,6,6,14,13,115,Miami Heat
1610612748,0022400457,"JAN 01, 2025",MIA vs. NOP,W,17,14,0.548,240,44,83,0.53,14,34,0.412,17,21,0.81,5,33,38,34,6,1,10,16,119,Miami Heat
1610612748,0022400439,"DEC 29, 2024",MIA @ HOU,W,16,14,0.533,240,37,84,0.44,10,33,0.303,20,28,0.714,15,37,52,21,6,3,14,14,104,Miami Heat
1610612748,0022400427,"DEC 28, 2024",MIA @ ATL,L,15,14,0.517,240,40,90,0.444,13,41,0.317,17,18,0.944,8,34,42,23,9,4,8,19,110,Miami Heat
1610612748,0022400411,"DEC 26, 2024",MIA @ ORL,W,15,13,0.536,240,31,76,0.408,15,30,0.5,12,14,0.857,7,28,35,21,14,6,20,20,89,Miami Heat
1610612748,0022400396,"DEC 23, 2024",MIA vs. BKN,W,14,13,0.519,240,36,73,0.493,17,41,0.415,21,24,0.875,5,39,44,27,6,3,15,17,110,Miami Heat
1610612748,0022400377,"DEC 21, 2024",MIA @ ORL,L,13,13,0.5,240,36,75,0.48,9,32,0.281,33,42,0.786,7,31,38,16,7,2,14,25,114,Miami Heat
1610612748,0022400375,"DEC 20, 2024",MIA vs. OKC,L,13,12,0.52,240,36,83,0.434,12,40,0.3,13,20,0.65,7,34,41,20,9,3,18,16,97,Miami Heat
1610612748,0022401221,"DEC 16, 2024",MIA @ DET,L,13,11,0.542,265,45,99,0.455,12,43,0.279,22,24,0.917,9,35,44,30,16,2,13,19,124,Miami Heat
1610612748,0022401206,"DEC 12, 2024",MIA vs. TOR,W,13,10,0.565,240,40,83,0.482,13,32,0.406,21,32,0.656,11,41,52,21,4,3,15,11,114,Miami Heat
1610612748,0022400351,"DEC 08, 2024",MIA vs. CLE,W,12,10,0.545,240,41,86,0.477,16,37,0.432,24,26,0.923,10,37,47,27,4,4,11,15,122,Miami Heat
1610612748,0022400346,"DEC 07, 2024",MIA vs. PHX,W,11,10,0.524,240,45,86,0.523,13,32,0.406,18,23,0.783,11,30,41,30,9,4,11,20,121,Miami Heat
1610612748,0022400321,"DEC 04, 2024",MIA vs. LAL,W,10,10,0.5,240,52,90,0.578,24,47,0.511,6,9,0.667,13,39,52,42,11,5,15,16,134,Miami Heat
1610612748,0022400316,"DEC 02, 2024",MIA @ BOS,L,9,10,0.474,240,31,87,0.356,8,35,0.229,19,23,0.826,11,33,44,24,6,1,10,11,89,Miami Heat
1610612748,0022400309,"DEC 01, 2024",MIA @ TOR,L,9,9,0.5,240,39,88,0.443,15,40,0.375,23,28,0.821,12,33,45,25,11,4,14,17,116,Miami Heat
1610612748,0022400046,"NOV 29, 2024",MIA vs. TOR,W,9,8,0.529,240,43,94,0.457,21,54,0.389,14,17,0.824,9,24,33,32,10,0,8,19,121,Miami Heat
1610612748,0022400286,"NOV 27, 2024",MIA @ CHA,W,8,8,0.5,240,33,73,0.452,14,37,0.378,18,22,0.818,4,40,44,21,6,5,18,9,98,Miami Heat
1610612748,0022400036,"NOV 26, 2024",MIA vs. MIL,L,7,8,0.467,240,35,77,0.455,10,29,0.345,23,30,0.767,9,29,38,26,6,2,8,14,103,Miami Heat
1610612748,0022400273,"NOV 24, 2024",MIA vs. DAL,W,7,7,0.5,265,46,107,0.43,14,41,0.341,17,27,0.63,12,45,57,27,6,6,9,22,123,Miami Heat
1610612748,0022400245,"NOV 18, 2024",MIA vs. PHI,W,6,7,0.462,240,36,87,0.414,13,44,0.295,21,23,0.913,9,44,53,26,10,2,13,13,106,Miami Heat
1610612748,0022400235,"NOV 17, 2024",MIA @ IND,L,5,7,0.417,240,36,90,0.4,19,43,0.442,19,20,0.95,15,23,38,21,4,1,10,13,110,Miami Heat
1610612748,0022400009,"NOV 15, 2024",MIA @ IND,W,5,6,0.455,240,45,87,0.517,15,42,0.357,19,23,0.826,4,32,36,27,16,1,10,12,124,Miami Heat
1610612748,0022400002,"NOV 12, 2024",MIA @ DET,L,4,6,0.4,265,47,101,0.465,17,45,0.378,10,13,0.769,12,31,43,25,14,3,10,22,121,Miami Heat
1610612748,0022400206,"NOV 10, 2024",MIA @ MIN,W,4,5,0.444,240,34,77,0.442,11,31,0.355,16,22,0.727,6,37,43,18,14,9,22,20,95,Miami Heat
1610612748,0022400194,"NOV 08, 2024",MIA @ DEN,L,3,5,0.375,240,46,94,0.489,20,43,0.465,10,13,0.769,9,24,33,33,11,1,11,19,122,Miami Heat
1610612748,0022400178,"NOV 06, 2024",MIA @ PHX,L,3,4,0.429,240,40,92,0.435,13,34,0.382,19,20,0.95,13,30,43,27,12,3,10,16,112,Miami Heat
1610612748,0022400159,"NOV 04, 2024",MIA vs. SAC,L,3,3,0.5,240,37,85,0.435,15,36,0.417,21,30,0.7,8,28,36,24,9,6,10,15,110,Miami Heat
1610612748,0022400147,"NOV 02, 2024",MIA @ WAS,W,3,2,0.6,240,43,102,0.422,15,37,0.405,17,24,0.708,21,44,65,19,6,3,13,18,118,Miami Heat
1610612748,0022400122,"OCT 30, 2024",MIA vs. NYK,L,2,2,0.5,240,37,81,0.457,17,40,0.425,16,24,0.667,7,32,39,27,6,3,10,17,107,Miami Heat
1610612748,0022400105,"OCT 28, 2024",MIA vs. DET,W,2,1,0.667,240,38,88,0.432,15,47,0.319,15,20,0.75,10,34,44,24,14,3,9,14,106,Miami Heat
1610612748,0022400088,"OCT 26, 2024",MIA @ CHA,W,1,1,0.5,240,40,86,0.465,14,34,0.412,20,28,0.714,13,30,43,33,8,6,13,19,114,Miami Heat
1610612748,0022400065,"OCT 23, 2024",MIA vs. ORL,L,0,1,0.0,240,32,82,0.39,11,34,0.324,22,29,0.759,9,32,41,24,5,8,11,19,97,Miami Heat
1610612749,0022401192,"APR 13, 2025",MIL vs. DET,W,48,34,0.585,265,50,86,0.581,23,44,0.523,17,22,0.773,6,32,38,30,5,7,20,17,140,Milwaukee Bucks
1610612749,0022401171,"APR 11, 2025",MIL @ DET,W,47,34,0.58,240,43,94,0.457,17,39,0.436,22,27,0.815,8,36,44,30,7,8,7,17,125,Milwaukee Bucks
1610612749,0022401161,"APR 10, 2025",MIL vs. NOP,W,46,34,0.575,240,49,90,0.544,18,45,0.4,20,30,0.667,7,36,43,27,13,4,11,17,136,Milwaukee Bucks
1610612749,0022401152,"APR 08, 2025",MIL vs. MIN,W,45,34,0.57,240,40,84,0.476,12,36,0.333,18,25,0.72,11,32,43,27,8,2,11,15,110,Milwaukee Bucks
1610612749,0022400617,"APR 06, 2025",MIL @ NOP,W,44,34,0.564,240,43,92,0.467,11,32,0.344,14,22,0.636,10,41,51,29,10,4,7,14,111,Milwaukee Bucks
1610612749,0022401131,"APR 05, 2025",MIL @ MIA,W,43,34,0.558,265,45,87,0.517,8,24,0.333,23,29,0.793,3,44,47,29,6,3,9,17,121,Milwaukee Bucks
1610612749,0022401115,"APR 03, 2025",MIL @ PHI,W,42,34,0.553,240,46,82,0.561,16,31,0.516,18,27,0.667,8,32,40,32,7,7,11,14,126,Milwaukee Bucks
1610612749,0022401101,"APR 01, 2025",MIL vs. PHX,W,41,34,0.547,240,51,74,0.689,17,29,0.586,14,15,0.933,3,26,29,32,6,5,18,22,133,Milwaukee Bucks
1610612749,0022401083,"MAR 30, 2025",MIL vs. ATL,L,40,34,0.541,240,39,82,0.476,12,35,0.343,34,43,0.791,6,30,36,21,5,2,14,24,124,Milwaukee Bucks
1610612749,0022401070,"MAR 28, 2025",MIL vs. NYK,L,40,33,0.548,240,41,75,0.547,13,33,0.394,12,19,0.632,3,29,32,24,2,3,16,14,107,Milwaukee Bucks
1610612749,0022401057,"MAR 26, 2025",MIL @ DEN,L,40,32,0.556,240,46,89,0.517,16,37,0.432,9,13,0.692,8,31,39,30,4,6,11,14,117,Milwaukee Bucks
1610612749,0022401043,"MAR 24, 2025",MIL @ PHX,L,40,31,0.563,240,37,83,0.446,12,39,0.308,20,29,0.69,9,27,36,24,12,0,7,16,106,Milwaukee Bucks
1610612749,0022401027,"MAR 22, 2025",MIL @ SAC,W,40,30,0.571,240,44,84,0.524,13,31,0.419,13,20,0.65,11,31,42,22,6,3,9,17,114,Milwaukee Bucks
1610612749,0022400996,"MAR 20, 2025",MIL @ LAL,W,39,30,0.565,240,40,84,0.476,11,35,0.314,27,34,0.794,10,31,41,24,12,4,9,14,118,Milwaukee Bucks
1610612749,0022401012,"MAR 18, 2025",MIL @ GSW,L,38,30,0.559,240,31,79,0.392,12,38,0.316,19,27,0.704,4,30,34,19,9,4,9,15,93,Milwaukee Bucks
1610612749,0022400982,"MAR 16, 2025",MIL vs. OKC,L,38,29,0.567,240,33,83,0.398,13,34,0.382,26,33,0.788,9,25,34,21,7,8,9,23,105,Milwaukee Bucks
1610612749,0022400972,"MAR 15, 2025",MIL vs. IND,W,38,28,0.576,240,43,79,0.544,15,37,0.405,25,26,0.962,7,38,45,28,9,4,15,16,126,Milwaukee Bucks
1610612749,0022400955,"MAR 13, 2025",MIL vs. LAL,W,37,28,0.569,240,41,86,0.477,17,40,0.425,27,33,0.818,7,41,48,30,9,8,11,21,126,Milwaukee Bucks
1610612749,0022400942,"MAR 11, 2025",MIL @ IND,L,36,28,0.563,240,43,84,0.512,14,36,0.389,14,19,0.737,6,38,44,32,4,2,15,19,114,Milwaukee Bucks
1610612749,0022400922,"MAR 09, 2025",MIL vs. CLE,L,36,27,0.571,240,39,91,0.429,9,31,0.29,13,18,0.722,15,35,50,17,9,2,18,15,100,Milwaukee Bucks
1610612749,0022400917,"MAR 08, 2025",MIL vs. ORL,L,36,26,0.581,240,41,75,0.547,11,23,0.478,16,23,0.696,4,34,38,17,8,4,12,18,109,Milwaukee Bucks
1610612749,0022400897,"MAR 05, 2025",MIL vs. DAL,W,36,25,0.59,240,52,89,0.584,16,35,0.457,17,19,0.895,8,47,55,29,6,4,17,9,137,Milwaukee Bucks
1610612749,0022400884,"MAR 04, 2025",MIL @ ATL,W,35,25,0.583,240,49,96,0.51,11,37,0.297,18,23,0.783,9,42,51,27,8,1,14,13,127,Milwaukee Bucks
1610612749,0022400865,"MAR 01, 2025",MIL @ DAL,W,34,25,0.576,240,44,87,0.506,13,39,0.333,31,35,0.886,14,38,52,33,6,6,13,19,132,Milwaukee Bucks
1610612749,0022400846,"FEB 27, 2025",MIL vs. DEN,W,33,25,0.569,240,42,90,0.467,14,34,0.412,23,28,0.821,7,41,48,25,8,4,11,11,121,Milwaukee Bucks
1610612749,0022400831,"FEB 25, 2025",MIL @ HOU,L,32,25,0.561,240,34,85,0.4,12,37,0.324,17,23,0.739,4,33,37,19,11,5,13,13,97,Milwaukee Bucks
1610612749,0022400817,"FEB 23, 2025",MIL vs. MIA,W,32,24,0.571,240,44,86,0.512,14,39,0.359,18,22,0.818,8,32,40,25,4,3,9,23,120,Milwaukee Bucks
1610612749,0022400799,"FEB 21, 2025",MIL @ WAS,W,31,24,0.564,240,39,82,0.476,9,32,0.281,17,26,0.654,8,36,44,24,11,6,16,24,104,Milwaukee Bucks
1610612749,0022400793,"FEB 20, 2025",MIL vs. LAC,W,30,24,0.556,240,38,80,0.475,17,43,0.395,23,27,0.852,8,33,41,22,5,5,17,18,116,Milwaukee Bucks
1610612749,0022400776,"FEB 12, 2025",MIL @ MIN,W,29,24,0.547,240,39,88,0.443,12,30,0.4,13,16,0.813,6,42,48,24,7,1,12,15,103,Milwaukee Bucks
1610612749,0022400760,"FEB 10, 2025",MIL vs. GSW,L,28,24,0.538,240,38,76,0.5,10,33,0.303,25,34,0.735,5,32,37,18,5,4,20,25,111,Milwaukee Bucks
1610612749,0022400754,"FEB 09, 2025",MIL vs. PHI,W,28,23,0.549,240,46,105,0.438,24,55,0.436,19,20,0.95,19,34,53,29,7,3,12,18,135,Milwaukee Bucks
1610612749,0022400736,"FEB 07, 2025",MIL @ ATL,L,27,23,0.54,240,41,96,0.427,19,50,0.38,9,10,0.9,7,36,43,28,5,3,10,17,110,Milwaukee Bucks
1610612749,0022400717,"FEB 05, 2025",MIL @ CHA,W,27,22,0.551,240,41,81,0.506,18,42,0.429,12,13,0.923,6,38,44,26,6,4,9,16,112,Milwaukee Bucks
1610612749,0022400705,"FEB 03, 2025",MIL @ OKC,L,26,22,0.542,240,35,93,0.376,13,39,0.333,13,21,0.619,9,28,37,24,12,3,14,12,96,Milwaukee Bucks
1610612749,0022400699,"FEB 02, 2025",MIL vs. MEM,L,26,21,0.553,240,44,91,0.484,20,45,0.444,11,19,0.579,8,28,36,32,7,5,13,21,119,Milwaukee Bucks
1610612749,0022400684,"JAN 31, 2025",MIL @ SAS,L,26,20,0.565,240,43,100,0.43,12,37,0.324,20,26,0.769,17,30,47,24,3,8,10,19,118,Milwaukee Bucks
1610612749,0022400662,"JAN 28, 2025",MIL @ POR,L,26,19,0.578,240,44,87,0.506,11,35,0.314,13,18,0.722,9,27,36,26,8,2,11,22,112,Milwaukee Bucks
1610612749,0022400658,"JAN 27, 2025",MIL @ UTA,W,26,18,0.591,240,52,86,0.605,12,34,0.353,9,17,0.529,5,41,46,33,6,5,12,18,125,Milwaukee Bucks
1610612749,0022400646,"JAN 25, 2025",MIL @ LAC,L,25,18,0.581,240,37,79,0.468,13,35,0.371,30,34,0.882,5,37,42,24,2,5,13,21,117,Milwaukee Bucks
1610612749,0022400624,"JAN 23, 2025",MIL vs. MIA,W,25,17,0.595,240,46,98,0.469,18,40,0.45,15,20,0.75,11,44,55,32,5,6,6,14,125,Milwaukee Bucks
1610612749,0022400594,"JAN 19, 2025",MIL vs. PHI,W,24,17,0.585,240,43,87,0.494,14,37,0.378,23,30,0.767,7,41,48,31,2,3,6,16,123,Milwaukee Bucks
1610612749,0022400580,"JAN 17, 2025",MIL vs. TOR,W,23,17,0.575,240,42,81,0.519,13,31,0.419,33,41,0.805,11,33,44,25,7,5,13,23,130,Milwaukee Bucks
1610612749,0022400564,"JAN 15, 2025",MIL vs. ORL,W,22,17,0.564,240,45,72,0.625,7,12,0.583,25,35,0.714,3,46,49,24,10,10,21,20,122,Milwaukee Bucks
1610612749,0022400558,"JAN 14, 2025",MIL vs. SAC,W,21,17,0.553,240,49,99,0.495,17,45,0.378,15,18,0.833,11,41,52,32,2,4,7,21,130,Milwaukee Bucks
1610612749,0022400539,"JAN 12, 2025",MIL @ NYK,L,20,17,0.541,240,43,94,0.457,10,34,0.294,10,17,0.588,15,24,39,22,6,3,14,20,106,Milwaukee Bucks
1610612749,0022400526,"JAN 10, 2025",MIL @ ORL,W,20,16,0.556,240,43,83,0.518,9,25,0.36,14,23,0.609,7,36,43,18,10,5,11,18,109,Milwaukee Bucks
1610612749,0022400516,"JAN 08, 2025",MIL vs. SAS,W,19,16,0.543,240,44,92,0.478,19,42,0.452,14,20,0.7,10,47,57,26,7,4,10,16,121,Milwaukee Bucks
1610612749,0022400497,"JAN 06, 2025",MIL @ TOR,W,18,16,0.529,240,47,82,0.573,22,44,0.5,12,15,0.8,7,39,46,37,7,8,21,19,128,Milwaukee Bucks
1610612749,0022400483,"JAN 04, 2025",MIL vs. POR,L,17,16,0.515,240,41,95,0.432,13,41,0.317,7,9,0.778,7,36,43,25,14,3,11,13,102,Milwaukee Bucks
1610612749,0022400465,"JAN 02, 2025",MIL vs. BKN,L,17,15,0.531,240,40,90,0.444,11,37,0.297,19,28,0.679,13,33,46,21,6,6,14,21,110,Milwaukee Bucks
1610612749,0022400450,"DEC 31, 2024",MIL @ IND,W,17,14,0.548,240,45,97,0.464,12,33,0.364,18,24,0.75,13,38,51,27,10,0,12,22,120,Milwaukee Bucks
1610612749,0022400430,"DEC 28, 2024",MIL @ CHI,L,16,14,0.533,240,41,102,0.402,15,45,0.333,14,14,1.0,6,37,43,27,6,7,7,16,111,Milwaukee Bucks
1610612749,0022400415,"DEC 26, 2024",MIL vs. BKN,L,16,13,0.552,240,41,83,0.494,15,38,0.395,8,12,0.667,8,31,39,23,12,3,22,18,105,Milwaukee Bucks
1610612749,0022400398,"DEC 23, 2024",MIL @ CHI,W,16,12,0.571,240,40,87,0.46,18,43,0.419,14,17,0.824,7,42,49,24,7,1,13,16,112,Milwaukee Bucks
1610612749,0022400382,"DEC 21, 2024",MIL vs. WAS,W,15,12,0.556,240,44,98,0.449,20,48,0.417,4,5,0.8,10,34,44,35,12,2,11,14,112,Milwaukee Bucks
1610612749,0022400374,"DEC 20, 2024",MIL @ CLE,L,14,12,0.538,240,40,85,0.471,10,27,0.37,11,18,0.611,10,35,45,23,14,4,20,17,101,Milwaukee Bucks
1610612749,0022401229,"DEC 14, 2024",MIL vs. ATL,W,14,11,0.56,240,39,86,0.453,14,45,0.311,18,27,0.667,6,41,47,28,8,8,12,27,110,Milwaukee Bucks
1610612749,0022401201,"DEC 10, 2024",MIL vs. ORL,W,13,11,0.542,240,42,77,0.545,11,30,0.367,19,25,0.76,5,32,37,27,9,6,16,17,114,Milwaukee Bucks
1610612749,0022400348,"DEC 08, 2024",MIL @ BKN,W,12,11,0.522,240,39,68,0.574,15,31,0.484,25,32,0.781,3,28,31,26,6,7,16,18,118,Milwaukee Bucks
1610612749,0022400335,"DEC 06, 2024",MIL @ BOS,L,11,11,0.5,240,40,94,0.426,11,29,0.379,14,17,0.824,12,39,51,16,4,2,9,16,105,Milwaukee Bucks
1610612749,0022400323,"DEC 04, 2024",MIL vs. ATL,L,11,10,0.524,240,33,78,0.423,15,45,0.333,23,35,0.657,8,32,40,23,7,4,18,22,104,Milwaukee Bucks
1610612749,0022400052,"DEC 03, 2024",MIL @ DET,W,11,9,0.55,240,45,80,0.563,23,41,0.561,15,21,0.714,4,32,36,26,10,6,16,17,128,Milwaukee Bucks
1610612749,0022400302,"NOV 30, 2024",MIL vs. WAS,W,10,9,0.526,240,44,86,0.512,16,35,0.457,20,25,0.8,7,31,38,31,5,6,11,18,124,Milwaukee Bucks
1610612749,0022400036,"NOV 26, 2024",MIL @ MIA,W,9,9,0.5,240,36,77,0.468,20,42,0.476,14,17,0.824,9,32,41,23,5,7,10,19,106,Milwaukee Bucks
1610612749,0022400268,"NOV 23, 2024",MIL vs. CHA,W,8,9,0.471,240,43,89,0.483,18,37,0.486,21,26,0.808,10,41,51,20,3,9,14,22,125,Milwaukee Bucks
1610612749,0022400029,"NOV 22, 2024",MIL vs. IND,W,7,9,0.438,240,48,90,0.533,17,36,0.472,16,20,0.8,10,34,44,33,10,4,17,19,129,Milwaukee Bucks
1610612749,0022400253,"NOV 20, 2024",MIL vs. CHI,W,6,9,0.4,240,44,80,0.55,13,36,0.361,21,31,0.677,10,35,45,30,7,2,11,13,122,Milwaukee Bucks
1610612749,0022400248,"NOV 18, 2024",MIL vs. HOU,W,5,9,0.357,240,38,83,0.458,13,33,0.394,12,19,0.632,4,39,43,21,8,8,15,18,101,Milwaukee Bucks
1610612749,0022400229,"NOV 16, 2024",MIL @ CHA,L,4,9,0.308,240,47,92,0.511,15,36,0.417,5,11,0.455,8,32,40,31,6,6,9,18,114,Milwaukee Bucks
1610612749,0022400223,"NOV 13, 2024",MIL vs. DET,W,4,8,0.333,265,45,95,0.474,15,35,0.429,22,25,0.88,9,38,47,26,10,9,11,12,127,Milwaukee Bucks
1610612749,0022400005,"NOV 12, 2024",MIL vs. TOR,W,3,8,0.273,240,38,94,0.404,16,56,0.286,7,12,0.583,12,35,47,25,16,9,16,18,99,Milwaukee Bucks
1610612749,0022400202,"NOV 10, 2024",MIL vs. BOS,L,2,8,0.2,240,39,81,0.481,13,32,0.406,16,21,0.762,5,36,41,21,9,8,12,18,107,Milwaukee Bucks
1610612749,0022400189,"NOV 08, 2024",MIL @ NYK,L,2,7,0.222,240,36,83,0.434,7,30,0.233,15,23,0.652,11,30,41,20,1,5,12,16,94,Milwaukee Bucks
1610612749,0022400182,"NOV 07, 2024",MIL vs. UTA,W,2,6,0.25,240,43,84,0.512,15,35,0.429,22,30,0.733,11,30,41,20,13,3,10,21,123,Milwaukee Bucks
1610612749,0022400154,"NOV 04, 2024",MIL @ CLE,L,1,6,0.143,240,42,86,0.488,17,35,0.486,13,15,0.867,7,42,49,21,6,6,14,15,114,Milwaukee Bucks
1610612749,0022400145,"NOV 02, 2024",MIL vs. CLE,L,1,5,0.167,240,43,89,0.483,18,39,0.462,9,15,0.6,10,35,45,24,3,3,13,23,113,Milwaukee Bucks
1610612749,0022400128,"OCT 31, 2024",MIL @ MEM,L,1,4,0.2,240,41,96,0.427,9,42,0.214,8,19,0.421,9,29,38,20,10,4,10,27,99,Milwaukee Bucks
1610612749,0022400104,"OCT 28, 2024",MIL @ BOS,L,1,3,0.25,240,37,82,0.451,8,31,0.258,26,31,0.839,8,35,43,18,7,6,16,24,108,Milwaukee Bucks
1610612749,0022400098,"OCT 27, 2024",MIL @ BKN,L,1,2,0.333,240,33,74,0.446,10,33,0.303,26,31,0.839,7,36,43,20,7,3,18,17,102,Milwaukee Bucks
1610612749,0022400083,"OCT 25, 2024",MIL vs. CHI,L,1,1,0.5,240,46,93,0.495,13,40,0.325,17,25,0.68,8,39,47,24,5,3,14,14,122,Milwaukee Bucks
1610612749,0022400066,"OCT 23, 2024",MIL @ PHI,W,1,0,1.0,240,43,80,0.538,16,37,0.432,22,31,0.71,8,38,46,27,4,9,14,23,124,Milwaukee Bucks
1610612750,0022401195,"APR 13, 2025",MIN vs. UTA,W,49,33,0.598,240,46,98,0.469,13,43,0.302,11,16,0.688,17,37,54,23,9,9,13,16,116,Minnesota Timberwolves
1610612750,0022401179,"APR 11, 2025",MIN vs. BKN,W,48,33,0.593,240,42,77,0.545,11,31,0.355,22,29,0.759,7,41,48,27,5,5,12,15,117,Minnesota Timberwolves
1610612750,0022401170,"APR 10, 2025",MIN @ MEM,W,47,33,0.588,240,48,87,0.552,20,44,0.455,25,28,0.893,8,33,41,29,6,3,16,25,141,Minnesota Timberwolves
1610612750,0022401152,"APR 08, 2025",MIN @ MIL,L,46,33,0.582,240,41,89,0.461,13,40,0.325,8,9,0.889,10,32,42,25,4,3,13,20,103,Minnesota Timberwolves
1610612750,0022401130,"APR 05, 2025",MIN @ PHI,W,46,32,0.59,240,41,81,0.506,11,34,0.324,21,29,0.724,14,33,47,22,5,7,15,15,114,Minnesota Timberwolves
1610612750,0022401113,"APR 03, 2025",MIN @ BKN,W,45,32,0.584,240,39,78,0.5,13,42,0.31,14,21,0.667,10,35,45,27,6,10,17,13,105,Minnesota Timberwolves
1610612750,0022401102,"APR 01, 2025",MIN @ DEN,W,44,32,0.579,290,52,111,0.468,19,50,0.38,17,25,0.68,21,31,52,35,5,2,14,34,140,Minnesota Timberwolves
1610612750,0022401084,"MAR 30, 2025",MIN vs. DET,W,43,32,0.573,240,44,93,0.473,12,31,0.387,23,31,0.742,15,44,59,24,3,9,9,24,123,Minnesota Timberwolves
1610612750,0022401071,"MAR 28, 2025",MIN vs. PHX,W,42,32,0.568,240,47,89,0.528,19,39,0.487,11,13,0.846,12,31,43,31,12,4,11,18,124,Minnesota Timberwolves
1610612750,0022401037,"MAR 24, 2025",MIN @ IND,L,41,32,0.562,240,44,91,0.484,9,35,0.257,6,10,0.6,9,36,45,26,5,3,17,13,103,Minnesota Timberwolves
1610612750,0022401016,"MAR 21, 2025",MIN vs. NOP,W,41,31,0.569,240,48,89,0.539,19,44,0.432,19,20,0.95,10,26,36,40,14,1,13,17,134,Minnesota Timberwolves
1610612750,0022401001,"MAR 19, 2025",MIN vs. NOP,L,40,31,0.563,240,35,77,0.455,16,39,0.41,29,36,0.806,9,31,40,21,7,6,14,19,115,Minnesota Timberwolves
1610612750,0022400986,"MAR 17, 2025",MIN vs. IND,L,40,30,0.571,265,44,97,0.454,13,42,0.31,29,36,0.806,9,35,44,25,11,7,14,22,130,Minnesota Timberwolves
1610612750,0022400981,"MAR 16, 2025",MIN vs. UTA,W,40,29,0.58,240,48,97,0.495,14,43,0.326,18,26,0.692,16,33,49,30,14,6,9,16,128,Minnesota Timberwolves
1610612750,0022400963,"MAR 14, 2025",MIN vs. ORL,W,39,29,0.574,240,42,80,0.525,14,33,0.424,20,28,0.714,6,39,45,26,8,6,15,21,118,Minnesota Timberwolves
1610612750,0022400952,"MAR 12, 2025",MIN @ DEN,W,38,29,0.567,240,43,90,0.478,17,40,0.425,12,16,0.75,12,36,48,31,7,5,15,16,115,Minnesota Timberwolves
1610612750,0022400925,"MAR 09, 2025",MIN vs. SAS,W,37,29,0.561,240,53,95,0.558,21,42,0.5,14,15,0.933,14,28,42,38,7,4,12,17,141,Minnesota Timberwolves
1610612750,0022400907,"MAR 07, 2025",MIN @ MIA,W,36,29,0.554,240,40,81,0.494,18,45,0.4,8,14,0.571,7,36,43,28,6,6,13,12,106,Minnesota Timberwolves
1610612750,0022400892,"MAR 05, 2025",MIN @ CHA,W,35,29,0.547,240,44,90,0.489,21,49,0.429,16,22,0.727,10,33,43,27,9,3,5,17,125,Minnesota Timberwolves
1610612750,0022400887,"MAR 04, 2025",MIN vs. PHI,W,34,29,0.54,240,46,81,0.568,18,40,0.45,16,17,0.941,7,30,37,29,7,5,17,21,126,Minnesota Timberwolves
1610612750,0022400873,"MAR 02, 2025",MIN @ PHX,W,33,29,0.532,240,39,92,0.424,21,52,0.404,17,21,0.81,5,30,35,28,18,2,8,17,116,Minnesota Timberwolves
1610612750,0022400858,"FEB 28, 2025",MIN @ UTA,L,32,29,0.525,240,44,101,0.436,20,52,0.385,8,14,0.571,11,29,40,35,17,4,7,13,116,Minnesota Timberwolves
1610612750,0022400849,"FEB 27, 2025",MIN @ LAL,L,32,28,0.533,240,35,84,0.417,12,41,0.293,20,26,0.769,10,31,41,25,9,3,10,29,102,Minnesota Timberwolves
1610612750,0022400826,"FEB 24, 2025",MIN @ OKC,W,32,27,0.542,265,44,97,0.454,9,32,0.281,34,39,0.872,11,43,54,29,6,5,13,23,131,Minnesota Timberwolves
1610612750,0022400820,"FEB 23, 2025",MIN vs. OKC,L,31,27,0.534,240,39,89,0.438,18,45,0.4,27,28,0.964,15,29,44,23,6,5,13,22,123,Minnesota Timberwolves
1610612750,0022400801,"FEB 21, 2025",MIN @ HOU,L,31,26,0.544,240,41,92,0.446,11,38,0.289,22,26,0.846,7,28,35,22,10,6,9,22,115,Minnesota Timberwolves
1610612750,0022400787,"FEB 13, 2025",MIN vs. OKC,W,31,25,0.554,240,42,99,0.424,12,46,0.261,20,22,0.909,20,34,54,28,5,2,8,17,116,Minnesota Timberwolves
1610612750,0022400776,"FEB 12, 2025",MIN vs. MIL,L,30,25,0.545,240,39,103,0.379,10,44,0.227,13,15,0.867,15,44,59,27,4,6,13,13,101,Minnesota Timberwolves
1610612750,0022400755,"FEB 10, 2025",MIN @ CLE,L,30,24,0.556,240,36,90,0.4,12,39,0.308,23,30,0.767,15,26,41,17,10,6,16,19,107,Minnesota Timberwolves
1610612750,0022400747,"FEB 08, 2025",MIN vs. POR,W,30,23,0.566,240,43,82,0.524,10,28,0.357,18,28,0.643,8,35,43,23,8,2,14,18,114,Minnesota Timberwolves
1610612750,0022400729,"FEB 06, 2025",MIN vs. HOU,W,29,23,0.558,240,45,94,0.479,16,39,0.41,21,24,0.875,18,29,47,23,5,6,13,21,127,Minnesota Timberwolves
1610612750,0022400723,"FEB 05, 2025",MIN vs. CHI,W,28,23,0.549,240,42,98,0.429,20,47,0.426,23,28,0.821,23,36,59,27,6,8,11,15,127,Minnesota Timberwolves
1610612750,0022400704,"FEB 03, 2025",MIN vs. SAC,L,27,23,0.54,240,43,94,0.457,12,40,0.3,16,16,1.0,11,25,36,28,5,8,8,16,114,Minnesota Timberwolves
1610612750,0022400690,"FEB 01, 2025",MIN vs. WAS,L,27,22,0.551,240,38,93,0.409,12,40,0.3,15,18,0.833,11,36,47,29,10,3,14,16,103,Minnesota Timberwolves
1610612750,0022400677,"JAN 30, 2025",MIN @ UTA,W,27,21,0.563,240,49,82,0.598,21,38,0.553,19,24,0.792,9,30,39,38,5,9,12,18,138,Minnesota Timberwolves
1610612750,0022400672,"JAN 29, 2025",MIN @ PHX,W,26,21,0.553,240,42,75,0.56,13,29,0.448,24,27,0.889,4,30,34,26,8,6,14,19,121,Minnesota Timberwolves
1610612750,0022400656,"JAN 27, 2025",MIN vs. ATL,W,25,21,0.543,240,34,86,0.395,12,40,0.3,20,29,0.69,14,37,51,18,13,4,16,18,100,Minnesota Timberwolves
1610612750,0022400634,"JAN 25, 2025",MIN vs. DEN,W,24,21,0.533,240,53,95,0.558,14,30,0.467,13,15,0.867,18,27,45,38,14,4,16,14,133,Minnesota Timberwolves
1610612750,0022400614,"JAN 22, 2025",MIN @ DAL,W,23,21,0.523,240,37,81,0.457,11,29,0.379,30,34,0.882,9,30,39,26,10,8,11,18,115,Minnesota Timberwolves
1610612750,0022400601,"JAN 20, 2025",MIN @ MEM,L,22,21,0.512,240,36,93,0.387,14,43,0.326,20,27,0.741,17,35,52,25,5,6,16,26,106,Minnesota Timberwolves
1610612750,0022400590,"JAN 18, 2025",MIN vs. CLE,L,22,20,0.524,240,43,90,0.478,15,38,0.395,16,19,0.842,9,33,42,27,4,4,7,19,117,Minnesota Timberwolves
1610612750,0022400578,"JAN 17, 2025",MIN @ NYK,W,22,19,0.537,240,42,79,0.532,22,40,0.55,10,14,0.714,11,35,46,23,5,2,15,16,116,Minnesota Timberwolves
1610612750,0022400565,"JAN 15, 2025",MIN vs. GSW,L,21,19,0.525,240,38,86,0.442,17,37,0.459,22,29,0.759,16,25,41,21,4,7,9,17,115,Minnesota Timberwolves
1610612750,0022400548,"JAN 13, 2025",MIN @ WAS,W,21,18,0.538,240,41,83,0.494,14,37,0.378,24,31,0.774,14,39,53,20,8,6,18,15,120,Minnesota Timberwolves
1610612750,0022400535,"JAN 11, 2025",MIN vs. MEM,L,20,18,0.526,240,47,83,0.566,17,42,0.405,14,19,0.737,7,34,41,37,7,5,18,16,125,Minnesota Timberwolves
1610612750,0022400519,"JAN 09, 2025",MIN @ ORL,W,20,17,0.541,240,34,85,0.4,12,34,0.353,24,31,0.774,14,36,50,21,9,4,8,19,104,Minnesota Timberwolves
1610612750,0022400505,"JAN 07, 2025",MIN @ NOP,W,19,17,0.528,240,38,89,0.427,15,44,0.341,13,19,0.684,11,42,53,26,9,8,16,17,104,Minnesota Timberwolves
1610612750,0022400500,"JAN 06, 2025",MIN vs. LAC,W,18,17,0.514,240,41,92,0.446,16,39,0.41,10,17,0.588,17,38,55,24,6,5,14,20,108,Minnesota Timberwolves
1610612750,0022400479,"JAN 04, 2025",MIN @ DET,L,17,17,0.5,240,34,80,0.425,16,40,0.4,21,26,0.808,7,26,33,20,7,4,17,21,105,Minnesota Timberwolves
1610612750,0022400464,"JAN 02, 2025",MIN vs. BOS,L,17,16,0.515,240,37,74,0.5,21,39,0.538,20,22,0.909,11,30,41,24,1,2,15,11,115,Minnesota Timberwolves
1610612750,0022400452,"DEC 31, 2024",MIN @ OKC,L,17,15,0.531,240,39,79,0.494,15,38,0.395,12,12,1.0,10,33,43,21,3,7,23,18,105,Minnesota Timberwolves
1610612750,0022400441,"DEC 29, 2024",MIN vs. SAS,W,17,14,0.548,240,43,100,0.43,11,44,0.25,15,19,0.789,18,38,56,23,4,5,10,23,112,Minnesota Timberwolves
1610612750,0022400422,"DEC 27, 2024",MIN @ HOU,W,16,14,0.533,240,42,83,0.506,21,43,0.488,8,16,0.5,10,30,40,25,8,6,14,22,113,Minnesota Timberwolves
1610612750,0022400406,"DEC 25, 2024",MIN @ DAL,W,15,14,0.517,240,40,86,0.465,14,32,0.438,11,13,0.846,8,38,46,23,8,5,10,14,105,Minnesota Timberwolves
1610612750,0022400395,"DEC 23, 2024",MIN @ ATL,L,14,14,0.5,240,39,91,0.429,14,43,0.326,12,13,0.923,16,27,43,31,12,3,21,17,104,Minnesota Timberwolves
1610612750,0022400383,"DEC 21, 2024",MIN vs. GSW,L,14,13,0.519,240,36,86,0.419,14,38,0.368,17,25,0.68,11,34,45,27,5,2,15,18,103,Minnesota Timberwolves
1610612750,0022400367,"DEC 19, 2024",MIN vs. NYK,L,14,12,0.538,240,41,89,0.461,17,42,0.405,8,13,0.615,6,31,37,29,10,5,13,15,107,Minnesota Timberwolves
1610612750,0022401218,"DEC 15, 2024",MIN @ SAS,W,14,11,0.56,240,40,100,0.4,12,35,0.343,14,16,0.875,14,37,51,26,11,4,12,13,106,Minnesota Timberwolves
1610612750,0022401210,"DEC 13, 2024",MIN vs. LAL,W,13,11,0.542,240,35,87,0.402,9,32,0.281,18,24,0.75,11,37,48,18,12,5,13,14,97,Minnesota Timberwolves
1610612750,0022400355,"DEC 08, 2024",MIN @ GSW,L,12,11,0.522,240,36,79,0.456,19,42,0.452,15,20,0.75,7,32,39,22,6,8,14,18,106,Minnesota Timberwolves
1610612750,0022400338,"DEC 06, 2024",MIN @ GSW,W,12,10,0.545,240,40,88,0.455,14,42,0.333,13,14,0.929,9,39,48,32,12,6,17,14,107,Minnesota Timberwolves
1610612750,0022400324,"DEC 04, 2024",MIN @ LAC,W,11,10,0.524,240,41,85,0.482,16,44,0.364,10,18,0.556,7,43,50,31,15,5,14,16,108,Minnesota Timberwolves
1610612750,0022400318,"DEC 02, 2024",MIN vs. LAL,W,10,10,0.5,240,41,81,0.506,15,35,0.429,12,15,0.8,7,36,43,31,11,2,15,17,109,Minnesota Timberwolves
1610612750,0022400044,"NOV 29, 2024",MIN vs. LAC,W,9,10,0.474,240,31,75,0.413,15,39,0.385,16,20,0.8,11,38,49,25,8,5,21,14,93,Minnesota Timberwolves
1610612750,0022400294,"NOV 27, 2024",MIN vs. SAC,L,8,10,0.444,240,33,74,0.446,14,39,0.359,24,27,0.889,4,29,33,25,11,9,15,19,104,Minnesota Timberwolves
1610612750,0022400037,"NOV 26, 2024",MIN vs. HOU,L,8,9,0.471,265,42,98,0.429,9,38,0.237,18,20,0.9,14,38,52,21,6,4,17,18,111,Minnesota Timberwolves
1610612750,0022400271,"NOV 24, 2024",MIN @ BOS,L,8,8,0.5,240,37,88,0.42,15,41,0.366,16,21,0.762,11,38,49,19,2,1,8,18,105,Minnesota Timberwolves
1610612750,0022400261,"NOV 21, 2024",MIN @ TOR,L,8,7,0.533,240,33,80,0.413,12,35,0.343,27,33,0.818,10,30,40,16,12,5,17,24,105,Minnesota Timberwolves
1610612750,0022400234,"NOV 17, 2024",MIN vs. PHX,W,8,6,0.571,240,42,80,0.525,17,39,0.436,19,26,0.731,9,23,32,27,8,6,14,13,120,Minnesota Timberwolves
1610612750,0022400020,"NOV 15, 2024",MIN @ SAC,W,7,6,0.538,265,48,101,0.475,20,49,0.408,14,16,0.875,10,31,41,26,9,4,11,19,130,Minnesota Timberwolves
1610612750,0022400226,"NOV 13, 2024",MIN @ POR,L,6,6,0.5,240,37,94,0.394,7,39,0.179,17,22,0.773,13,28,41,16,12,3,13,19,98,Minnesota Timberwolves
1610612750,0022400008,"NOV 12, 2024",MIN @ POR,L,6,5,0.545,240,37,73,0.507,13,35,0.371,21,23,0.913,4,28,32,22,13,4,21,22,108,Minnesota Timberwolves
1610612750,0022400206,"NOV 10, 2024",MIN vs. MIA,L,6,4,0.6,240,35,88,0.398,13,45,0.289,11,13,0.846,16,31,47,22,13,5,19,20,94,Minnesota Timberwolves
1610612750,0022400193,"NOV 08, 2024",MIN vs. POR,W,6,3,0.667,240,47,97,0.485,22,50,0.44,11,14,0.786,10,39,49,32,9,7,17,21,127,Minnesota Timberwolves
1610612750,0022400181,"NOV 07, 2024",MIN @ CHI,W,5,3,0.625,240,51,93,0.548,16,38,0.421,17,17,1.0,10,30,40,29,7,4,13,17,135,Minnesota Timberwolves
1610612750,0022400162,"NOV 04, 2024",MIN vs. CHA,W,4,3,0.571,240,39,79,0.494,18,38,0.474,18,26,0.692,9,36,45,23,7,8,15,19,114,Minnesota Timberwolves
1610612750,0022400146,"NOV 02, 2024",MIN @ SAS,L,3,3,0.5,240,39,82,0.476,11,37,0.297,14,20,0.7,6,26,32,21,7,2,12,16,103,Minnesota Timberwolves
1610612750,0022400139,"NOV 01, 2024",MIN vs. DEN,W,3,2,0.6,240,43,83,0.518,18,42,0.429,15,18,0.833,8,30,38,34,8,9,16,22,119,Minnesota Timberwolves
1610612750,0022400114,"OCT 29, 2024",MIN vs. DAL,L,2,2,0.5,240,39,77,0.506,19,39,0.487,17,26,0.654,11,31,42,33,5,2,20,20,114,Minnesota Timberwolves
1610612750,0022400093,"OCT 26, 2024",MIN vs. TOR,W,2,1,0.667,240,39,83,0.47,14,37,0.378,20,26,0.769,9,32,41,29,9,8,13,16,112,Minnesota Timberwolves
1610612750,0022400076,"OCT 24, 2024",MIN @ SAC,W,1,1,0.5,240,41,86,0.477,20,50,0.4,15,17,0.882,6,36,42,24,3,2,16,24,117,Minnesota Timberwolves
1610612750,0022400062,"OCT 22, 2024",MIN @ LAL,L,0,1,0.0,240,35,85,0.412,13,41,0.317,20,27,0.741,12,35,47,17,4,1,15,22,103,Minnesota Timberwolves
1610612751,0022401188,"APR 13, 2025",BKN vs. NYK,L,26,56,0.317,240,38,74,0.514,12,35,0.343,17,25,0.68,6,36,42,21,4,2,18,24,105,Brooklyn Nets
1610612751,0022401179,"APR 11, 2025",BKN @ MIN,L,26,55,0.321,240,33,90,0.367,12,41,0.293,13,17,0.765,15,26,41,24,7,1,9,24,91,Brooklyn Nets
1610612751,0022401169,"APR 10, 2025",BKN vs. ATL,L,26,54,0.325,240,36,90,0.4,22,52,0.423,15,22,0.682,10,31,41,31,8,2,17,26,109,Brooklyn Nets
1610612751,0022401150,"APR 08, 2025",BKN vs. NOP,W,26,53,0.329,240,41,83,0.494,17,40,0.425,20,24,0.833,7,33,40,30,11,4,16,22,119,Brooklyn Nets
1610612751,0022401134,"APR 06, 2025",BKN vs. TOR,L,25,53,0.321,240,39,82,0.476,10,35,0.286,21,27,0.778,8,38,46,25,8,7,23,18,109,Brooklyn Nets
1610612751,0022401113,"APR 03, 2025",BKN vs. MIN,L,25,52,0.325,240,38,89,0.427,11,36,0.306,3,4,0.75,8,26,34,30,11,0,10,17,90,Brooklyn Nets
1610612751,0022401095,"MAR 31, 2025",BKN @ DAL,W,25,51,0.329,240,39,90,0.433,20,51,0.392,15,20,0.75,7,33,40,32,6,3,8,23,113,Brooklyn Nets
1610612751,0022401075,"MAR 29, 2025",BKN @ WAS,W,24,51,0.32,240,39,88,0.443,18,46,0.391,19,20,0.95,12,37,49,25,2,4,12,23,115,Brooklyn Nets
1610612751,0022401068,"MAR 28, 2025",BKN vs. LAC,L,23,51,0.311,240,33,89,0.371,14,47,0.298,20,26,0.769,10,33,43,27,10,3,14,21,100,Brooklyn Nets
1610612751,0022401054,"MAR 26, 2025",BKN vs. TOR,L,23,50,0.315,240,31,87,0.356,8,41,0.195,16,19,0.842,10,33,43,16,6,9,19,21,86,Brooklyn Nets
1610612751,0022401040,"MAR 24, 2025",BKN vs. DAL,L,23,49,0.319,240,40,78,0.513,11,33,0.333,10,14,0.714,9,28,37,30,7,2,18,15,101,Brooklyn Nets
1610612751,0022401024,"MAR 22, 2025",BKN @ IND,L,23,48,0.324,240,39,90,0.433,15,43,0.349,10,17,0.588,11,37,48,20,6,1,14,20,103,Brooklyn Nets
1610612751,0022401011,"MAR 20, 2025",BKN @ IND,L,23,47,0.329,265,36,101,0.356,14,50,0.28,13,18,0.722,14,33,47,20,11,4,16,24,99,Brooklyn Nets
1610612751,0022400994,"MAR 18, 2025",BKN @ BOS,L,23,46,0.333,240,36,88,0.409,13,45,0.289,11,17,0.647,8,31,39,21,9,2,8,19,96,Brooklyn Nets
1610612751,0022400978,"MAR 16, 2025",BKN vs. ATL,W,23,45,0.338,240,43,90,0.478,17,35,0.486,19,23,0.826,12,28,40,33,7,5,15,18,122,Brooklyn Nets
1610612751,0022400968,"MAR 15, 2025",BKN vs. BOS,L,22,45,0.328,240,42,90,0.467,20,46,0.435,9,13,0.692,18,27,45,34,4,3,9,21,113,Brooklyn Nets
1610612751,0022400956,"MAR 13, 2025",BKN @ CHI,L,22,44,0.333,240,43,96,0.448,11,34,0.324,13,18,0.722,15,35,50,32,6,7,9,26,110,Brooklyn Nets
1610612751,0022400940,"MAR 11, 2025",BKN @ CLE,L,22,43,0.338,240,39,84,0.464,16,44,0.364,10,14,0.714,8,30,38,31,9,3,12,21,104,Brooklyn Nets
1610612751,0022400930,"MAR 10, 2025",BKN vs. LAL,W,22,42,0.344,240,37,90,0.411,18,45,0.4,19,30,0.633,16,31,47,22,10,6,7,16,111,Brooklyn Nets
1610612751,0022400912,"MAR 08, 2025",BKN @ CHA,L,21,42,0.333,240,38,82,0.463,14,50,0.28,12,15,0.8,8,29,37,20,6,10,11,19,102,Brooklyn Nets
1610612751,0022400901,"MAR 06, 2025",BKN vs. GSW,L,21,41,0.339,240,44,87,0.506,15,33,0.455,16,18,0.889,8,24,32,30,7,5,11,24,119,Brooklyn Nets
1610612751,0022400888,"MAR 04, 2025",BKN @ SAS,L,21,40,0.344,240,39,86,0.453,17,50,0.34,18,21,0.857,11,29,40,29,8,2,13,16,113,Brooklyn Nets
1610612751,0022400861,"MAR 01, 2025",BKN @ DET,L,21,39,0.35,240,29,95,0.305,6,39,0.154,30,35,0.857,14,24,38,19,12,8,12,24,94,Brooklyn Nets
1610612751,0022400853,"FEB 28, 2025",BKN vs. POR,L,21,38,0.356,240,36,87,0.414,7,29,0.241,23,27,0.852,21,24,45,20,13,2,21,23,102,Brooklyn Nets
1610612751,0022400840,"FEB 26, 2025",BKN vs. OKC,L,21,37,0.362,240,38,93,0.409,23,61,0.377,22,25,0.88,18,28,46,31,7,5,14,25,121,Brooklyn Nets
1610612751,0022400824,"FEB 24, 2025",BKN @ WAS,L,21,36,0.368,240,33,84,0.393,14,36,0.389,19,24,0.792,16,23,39,25,16,4,15,28,99,Brooklyn Nets
1610612751,0022400807,"FEB 22, 2025",BKN @ PHI,W,21,35,0.375,240,41,81,0.506,7,28,0.25,16,19,0.842,9,30,39,27,10,8,16,19,105,Brooklyn Nets
1610612751,0022400791,"FEB 20, 2025",BKN vs. CLE,L,20,35,0.364,240,38,95,0.4,10,38,0.263,11,19,0.579,14,31,45,25,7,10,15,23,97,Brooklyn Nets
1610612751,0022400772,"FEB 12, 2025",BKN vs. PHI,W,20,34,0.37,240,40,85,0.471,8,30,0.267,12,15,0.8,16,34,50,23,13,7,16,18,100,Brooklyn Nets
1610612751,0022400758,"FEB 10, 2025",BKN vs. CHA,W,19,34,0.358,240,37,93,0.398,10,42,0.238,13,14,0.929,19,28,47,24,10,6,16,24,97,Brooklyn Nets
1610612751,0022400737,"FEB 07, 2025",BKN vs. MIA,W,18,34,0.346,240,39,93,0.419,10,37,0.27,14,18,0.778,18,39,57,17,8,13,14,15,102,Brooklyn Nets
1610612751,0022400720,"FEB 05, 2025",BKN vs. WAS,L,17,34,0.333,240,36,83,0.434,13,38,0.342,17,23,0.739,12,25,37,26,7,3,10,20,102,Brooklyn Nets
1610612751,0022400711,"FEB 04, 2025",BKN vs. HOU,W,17,33,0.34,240,38,82,0.463,10,27,0.37,13,17,0.765,10,29,39,26,10,9,13,25,99,Brooklyn Nets
1610612751,0022400689,"FEB 01, 2025",BKN @ HOU,W,16,33,0.327,240,43,87,0.494,10,27,0.37,14,21,0.667,13,33,46,24,5,8,10,16,110,Brooklyn Nets
1610612751,0022400663,"JAN 29, 2025",BKN @ CHA,W,15,33,0.313,240,39,80,0.488,10,32,0.313,16,20,0.8,7,33,40,27,11,8,8,18,104,Brooklyn Nets
1610612751,0022400651,"JAN 27, 2025",BKN vs. SAC,L,14,33,0.298,240,30,82,0.366,10,36,0.278,26,30,0.867,16,23,39,19,9,3,14,20,96,Brooklyn Nets
1610612751,0022400636,"JAN 25, 2025",BKN vs. MIA,L,14,32,0.304,240,30,80,0.375,14,40,0.35,23,26,0.885,8,27,35,23,11,5,14,21,97,Brooklyn Nets
1610612751,0022400613,"JAN 22, 2025",BKN vs. PHX,L,14,31,0.311,240,34,91,0.374,7,36,0.194,9,14,0.643,20,32,52,16,8,1,16,11,84,Brooklyn Nets
1610612751,0022400606,"JAN 21, 2025",BKN vs. NYK,L,14,30,0.318,240,32,86,0.372,12,40,0.3,19,25,0.76,14,33,47,21,4,9,16,18,95,Brooklyn Nets
1610612751,0022400595,"JAN 19, 2025",BKN @ OKC,L,14,29,0.326,240,37,87,0.425,12,43,0.279,15,19,0.789,12,29,41,25,5,3,13,13,101,Brooklyn Nets
1610612751,0022400585,"JAN 17, 2025",BKN @ LAL,L,14,28,0.333,240,37,82,0.451,17,38,0.447,10,13,0.769,12,33,45,28,5,6,17,14,101,Brooklyn Nets
1610612751,0022400571,"JAN 15, 2025",BKN @ LAC,L,14,27,0.341,240,25,83,0.301,5,28,0.179,12,22,0.545,15,24,39,15,9,2,20,16,67,Brooklyn Nets
1610612751,0022400560,"JAN 14, 2025",BKN @ POR,W,14,26,0.35,240,49,90,0.544,19,41,0.463,15,18,0.833,10,34,44,36,11,2,11,21,132,Brooklyn Nets
1610612751,0022400546,"JAN 12, 2025",BKN @ UTA,L,13,26,0.333,265,39,92,0.424,10,40,0.25,23,35,0.657,15,39,54,26,5,5,8,17,111,Brooklyn Nets
1610612751,0022400531,"JAN 10, 2025",BKN @ DEN,L,13,25,0.342,240,38,90,0.422,14,45,0.311,15,19,0.789,10,29,39,26,9,5,17,24,105,Brooklyn Nets
1610612751,0022400513,"JAN 08, 2025",BKN vs. DET,L,13,24,0.351,240,33,86,0.384,13,39,0.333,19,21,0.905,9,29,38,24,10,4,15,15,98,Brooklyn Nets
1610612751,0022400495,"JAN 06, 2025",BKN vs. IND,L,13,23,0.361,240,41,98,0.418,10,33,0.303,7,11,0.636,20,31,51,23,8,3,14,19,99,Brooklyn Nets
1610612751,0022400478,"JAN 04, 2025",BKN vs. PHI,L,13,22,0.371,240,34,82,0.415,14,41,0.341,12,19,0.632,6,33,39,22,6,4,22,21,94,Brooklyn Nets
1610612751,0022400465,"JAN 02, 2025",BKN @ MIL,W,13,21,0.382,240,38,88,0.432,12,39,0.308,25,28,0.893,14,37,51,26,8,3,14,21,113,Brooklyn Nets
1610612751,0022400459,"JAN 01, 2025",BKN @ TOR,L,12,21,0.364,240,42,87,0.483,11,37,0.297,18,20,0.9,4,28,32,28,8,2,11,17,113,Brooklyn Nets
1610612751,0022400436,"DEC 29, 2024",BKN @ ORL,L,12,20,0.375,240,32,73,0.438,13,30,0.433,24,28,0.857,9,29,38,22,7,3,14,19,101,Brooklyn Nets
1610612751,0022400421,"DEC 27, 2024",BKN vs. SAS,L,12,19,0.387,240,35,90,0.389,12,41,0.293,5,8,0.625,12,33,45,22,8,4,16,22,87,Brooklyn Nets
1610612751,0022400415,"DEC 26, 2024",BKN @ MIL,W,12,18,0.4,240,39,82,0.476,16,38,0.421,17,22,0.773,9,29,38,25,8,1,21,11,111,Brooklyn Nets
1610612751,0022400396,"DEC 23, 2024",BKN @ MIA,L,11,18,0.379,240,33,84,0.393,13,34,0.382,16,20,0.8,11,31,42,23,9,2,14,18,95,Brooklyn Nets
1610612751,0022400379,"DEC 21, 2024",BKN vs. UTA,L,11,17,0.393,240,38,94,0.404,7,40,0.175,11,12,0.917,16,34,50,24,9,3,17,17,94,Brooklyn Nets
1610612751,0022400364,"DEC 19, 2024",BKN @ TOR,W,11,16,0.407,240,33,82,0.402,9,39,0.231,26,31,0.839,15,38,53,18,3,6,15,21,101,Brooklyn Nets
1610612751,0022401224,"DEC 16, 2024",BKN vs. CLE,L,10,16,0.385,240,34,81,0.42,14,34,0.412,19,24,0.792,9,26,35,25,11,2,20,28,101,Brooklyn Nets
1610612751,0022401211,"DEC 13, 2024",BKN @ MEM,L,10,15,0.4,240,42,92,0.457,20,53,0.377,15,19,0.789,8,33,41,30,9,7,16,20,119,Brooklyn Nets
1610612751,0022400348,"DEC 08, 2024",BKN vs. MIL,L,10,14,0.417,240,41,81,0.506,16,35,0.457,15,16,0.938,7,23,30,24,9,3,9,25,113,Brooklyn Nets
1610612751,0022400320,"DEC 04, 2024",BKN vs. IND,W,10,13,0.435,240,35,81,0.432,12,36,0.333,17,23,0.739,7,36,43,24,12,6,12,18,99,Brooklyn Nets
1610612751,0022400317,"DEC 02, 2024",BKN @ CHI,L,9,13,0.409,240,38,95,0.4,14,42,0.333,12,15,0.8,10,31,41,24,9,5,10,19,102,Brooklyn Nets
1610612751,0022400305,"DEC 01, 2024",BKN vs. ORL,L,9,12,0.429,240,30,79,0.38,8,31,0.258,24,31,0.774,8,25,33,19,10,3,16,31,92,Brooklyn Nets
1610612751,0022400043,"NOV 29, 2024",BKN vs. ORL,L,9,11,0.45,240,38,77,0.494,14,29,0.483,10,14,0.714,5,30,35,22,5,5,20,21,100,Brooklyn Nets
1610612751,0022400297,"NOV 27, 2024",BKN @ PHX,W,9,10,0.474,240,44,87,0.506,18,42,0.429,21,22,0.955,7,29,36,32,8,1,12,24,127,Brooklyn Nets
1610612751,0022400284,"NOV 25, 2024",BKN @ GSW,W,8,10,0.444,240,41,83,0.494,20,45,0.444,26,30,0.867,7,35,42,23,6,3,11,18,128,Brooklyn Nets
1610612751,0022400276,"NOV 24, 2024",BKN @ SAC,W,7,10,0.412,240,36,75,0.48,19,39,0.487,17,25,0.68,6,25,31,24,7,5,12,23,108,Brooklyn Nets
1610612751,0022400027,"NOV 22, 2024",BKN @ PHI,L,6,10,0.375,240,39,79,0.494,13,37,0.351,7,7,1.0,7,27,34,28,1,4,19,17,98,Brooklyn Nets
1610612751,0022400022,"NOV 19, 2024",BKN vs. CHA,W,6,9,0.4,240,42,85,0.494,18,41,0.439,14,19,0.737,10,26,36,31,8,8,13,19,116,Brooklyn Nets
1610612751,0022400240,"NOV 17, 2024",BKN @ NYK,L,5,9,0.357,240,32,76,0.421,17,41,0.415,23,30,0.767,7,28,35,31,1,3,9,19,104,Brooklyn Nets
1610612751,0022400014,"NOV 15, 2024",BKN @ NYK,L,5,8,0.385,240,39,89,0.438,19,46,0.413,25,28,0.893,10,27,37,27,8,2,9,22,122,Brooklyn Nets
1610612751,0022400218,"NOV 13, 2024",BKN vs. BOS,L,5,7,0.417,240,40,79,0.506,19,43,0.442,15,18,0.833,3,31,34,26,4,3,12,20,114,Brooklyn Nets
1610612751,0022400214,"NOV 11, 2024",BKN @ NOP,W,5,6,0.455,240,36,84,0.429,19,42,0.452,16,19,0.842,14,32,46,24,4,5,16,14,107,Brooklyn Nets
1610612751,0022400199,"NOV 09, 2024",BKN @ CLE,L,4,6,0.4,240,34,76,0.447,15,43,0.349,17,18,0.944,10,26,36,21,4,2,17,14,100,Brooklyn Nets
1610612751,0022400187,"NOV 08, 2024",BKN @ BOS,L,4,5,0.444,265,41,100,0.41,10,38,0.263,12,15,0.8,12,39,51,24,6,3,12,22,104,Brooklyn Nets
1610612751,0022400158,"NOV 04, 2024",BKN vs. MEM,W,4,4,0.5,240,40,84,0.476,13,36,0.361,13,18,0.722,12,25,37,28,7,1,13,22,106,Brooklyn Nets
1610612751,0022400151,"NOV 03, 2024",BKN vs. DET,L,3,4,0.429,240,32,71,0.451,9,31,0.29,19,31,0.613,4,23,27,23,9,3,13,24,92,Brooklyn Nets
1610612751,0022400136,"NOV 01, 2024",BKN vs. CHI,W,3,3,0.5,240,49,94,0.521,11,36,0.306,11,13,0.846,9,37,46,34,11,6,10,20,120,Brooklyn Nets
1610612751,0022400124,"OCT 30, 2024",BKN @ MEM,W,2,3,0.4,240,41,80,0.513,15,41,0.366,22,25,0.88,8,26,34,27,10,2,15,25,119,Brooklyn Nets
1610612751,0022400113,"OCT 29, 2024",BKN vs. DEN,L,1,3,0.25,265,49,96,0.51,20,52,0.385,21,27,0.778,7,34,41,37,4,6,8,32,139,Brooklyn Nets
1610612751,0022400098,"OCT 27, 2024",BKN vs. MIL,W,1,2,0.333,240,39,91,0.429,16,45,0.356,21,23,0.913,12,35,47,23,9,3,12,26,115,Brooklyn Nets
1610612751,0022400077,"OCT 25, 2024",BKN @ ORL,L,0,2,0.0,240,35,83,0.422,14,37,0.378,17,21,0.81,8,29,37,22,7,3,17,31,101,Brooklyn Nets
1610612751,0022400064,"OCT 23, 2024",BKN @ ATL,L,0,1,0.0,240,40,91,0.44,17,43,0.395,19,25,0.76,12,31,43,21,8,6,17,32,116,Brooklyn Nets
1610612752,0022401188,"APR 13, 2025",NYK @ BKN,W,51,31,0.622,240,37,86,0.43,16,42,0.381,23,26,0.885,10,30,40,27,10,3,11,25,113,New York Knicks
1610612752,0022401175,"APR 11, 2025",NYK vs. CLE,L,50,31,0.617,240,36,88,0.409,16,41,0.39,14,20,0.7,10,25,35,22,11,2,8,18,102,New York Knicks
1610612752,0022401167,"APR 10, 2025",NYK @ DET,L,50,30,0.625,240,42,90,0.467,11,34,0.324,11,14,0.786,11,23,34,32,11,6,14,19,106,New York Knicks
1610612752,0022401151,"APR 08, 2025",NYK vs. BOS,L,50,29,0.633,265,48,101,0.475,11,38,0.289,10,16,0.625,17,35,52,28,8,6,11,21,117,New York Knicks
1610612752,0022401140,"APR 06, 2025",NYK vs. PHX,W,50,28,0.641,240,40,74,0.541,12,28,0.429,20,24,0.833,6,35,41,28,6,3,14,18,112,New York Knicks
1610612752,0022401128,"APR 05, 2025",NYK @ ATL,W,49,28,0.636,240,45,84,0.536,15,29,0.517,16,19,0.842,6,32,38,32,8,5,13,13,121,New York Knicks
1610612752,0022401103,"APR 02, 2025",NYK @ CLE,L,48,28,0.632,240,40,90,0.444,11,36,0.306,14,17,0.824,15,24,39,24,7,2,14,19,105,New York Knicks
1610612752,0022401098,"APR 01, 2025",NYK vs. PHI,W,48,27,0.64,240,36,85,0.424,12,31,0.387,21,26,0.808,14,30,44,23,10,4,18,18,105,New York Knicks
1610612752,0022401082,"MAR 30, 2025",NYK vs. POR,W,47,27,0.635,240,45,84,0.536,10,25,0.4,10,13,0.769,9,35,44,27,10,10,13,17,110,New York Knicks
1610612752,0022401070,"MAR 28, 2025",NYK @ MIL,W,46,27,0.63,240,45,93,0.484,12,33,0.364,14,16,0.875,14,30,44,28,12,1,8,14,116,New York Knicks
1610612752,0022401056,"MAR 26, 2025",NYK vs. LAC,L,45,27,0.625,240,42,84,0.5,13,34,0.382,16,22,0.727,7,31,38,35,4,1,9,14,113,New York Knicks
1610612752,0022401048,"MAR 25, 2025",NYK vs. DAL,W,45,26,0.634,240,53,89,0.596,10,26,0.385,12,18,0.667,5,31,36,40,9,4,14,18,128,New York Knicks
1610612752,0022401026,"MAR 22, 2025",NYK vs. WAS,W,44,26,0.629,240,44,91,0.484,13,35,0.371,21,27,0.778,14,35,49,29,13,3,14,17,122,New York Knicks
1610612752,0022401010,"MAR 20, 2025",NYK @ CHA,L,43,26,0.623,240,36,90,0.4,10,39,0.256,16,20,0.8,9,29,38,26,9,2,7,18,98,New York Knicks
1610612752,0022401003,"MAR 19, 2025",NYK @ SAS,L,43,25,0.632,240,39,92,0.424,11,37,0.297,16,21,0.762,17,27,44,28,7,7,10,18,105,New York Knicks
1610612752,0022400984,"MAR 17, 2025",NYK vs. MIA,W,43,24,0.642,240,47,95,0.495,16,34,0.471,6,6,1.0,13,28,41,30,12,6,13,14,116,New York Knicks
1610612752,0022400974,"MAR 15, 2025",NYK @ GSW,L,42,24,0.636,240,37,86,0.43,9,24,0.375,11,13,0.846,13,36,49,20,6,6,13,16,94,New York Knicks
1610612752,0022400953,"MAR 12, 2025",NYK @ POR,W,42,23,0.646,265,44,94,0.468,12,31,0.387,14,20,0.7,11,27,38,27,12,7,15,21,114,New York Knicks
1610612752,0022400939,"MAR 10, 2025",NYK @ SAC,W,41,23,0.641,240,45,84,0.536,22,40,0.55,21,26,0.808,6,34,40,34,13,1,15,24,133,New York Knicks
1610612752,0022400911,"MAR 07, 2025",NYK @ LAC,L,40,23,0.635,240,35,91,0.385,9,34,0.265,16,18,0.889,14,39,53,25,6,4,15,15,95,New York Knicks
1610612752,0022400903,"MAR 06, 2025",NYK @ LAL,L,40,22,0.645,265,37,94,0.394,10,43,0.233,25,32,0.781,14,32,46,20,10,2,13,21,109,New York Knicks
1610612752,0022400885,"MAR 04, 2025",NYK vs. GSW,L,40,21,0.656,240,41,92,0.446,8,33,0.242,12,15,0.8,14,28,42,26,4,2,13,17,102,New York Knicks
1610612752,0022400869,"MAR 02, 2025",NYK @ MIA,W,40,20,0.667,265,46,95,0.484,14,44,0.318,10,15,0.667,11,35,46,27,5,6,10,16,116,New York Knicks
1610612752,0022400856,"FEB 28, 2025",NYK @ MEM,W,39,20,0.661,240,44,95,0.463,13,38,0.342,13,16,0.813,8,27,35,29,10,7,8,16,114,New York Knicks
1610612752,0022400838,"FEB 26, 2025",NYK vs. PHI,W,38,20,0.655,240,40,77,0.519,7,19,0.368,23,29,0.793,7,36,43,22,6,8,16,15,110,New York Knicks
1610612752,0022400811,"FEB 23, 2025",NYK @ BOS,L,37,20,0.649,240,40,92,0.435,14,36,0.389,11,11,1.0,7,33,40,21,4,1,11,15,105,New York Knicks
1610612752,0022400797,"FEB 21, 2025",NYK @ CLE,L,37,19,0.661,240,42,89,0.472,10,28,0.357,11,18,0.611,9,23,32,25,8,3,16,12,105,New York Knicks
1610612752,0022400792,"FEB 20, 2025",NYK vs. CHI,W,37,18,0.673,265,46,107,0.43,14,46,0.304,7,10,0.7,10,44,54,28,10,7,11,12,113,New York Knicks
1610612752,0022400773,"FEB 12, 2025",NYK vs. ATL,W,36,18,0.667,265,54,94,0.574,11,26,0.423,30,37,0.811,8,31,39,28,6,5,17,23,149,New York Knicks
1610612752,0022400765,"FEB 11, 2025",NYK @ IND,W,35,18,0.66,240,49,91,0.538,10,27,0.37,20,23,0.87,13,35,48,37,6,2,14,22,128,New York Knicks
1610612752,0022400748,"FEB 08, 2025",NYK vs. BOS,L,34,18,0.654,240,35,83,0.422,9,24,0.375,25,29,0.862,7,23,30,16,9,1,9,15,104,New York Knicks
1610612752,0022400713,"FEB 04, 2025",NYK @ TOR,W,34,17,0.667,240,47,94,0.5,8,25,0.32,19,23,0.826,17,26,43,26,10,4,11,15,121,New York Knicks
1610612752,0022400702,"FEB 03, 2025",NYK vs. HOU,W,33,17,0.66,240,47,93,0.505,6,26,0.231,24,30,0.8,12,28,40,24,9,5,11,15,124,New York Knicks
1610612752,0022400692,"FEB 01, 2025",NYK vs. LAL,L,32,17,0.653,240,44,95,0.463,10,28,0.357,14,19,0.737,16,28,44,33,7,3,14,16,112,New York Knicks
1610612752,0022400668,"JAN 29, 2025",NYK vs. DEN,W,32,16,0.667,240,48,93,0.516,14,34,0.412,12,18,0.667,6,29,35,33,7,2,5,16,122,New York Knicks
1610612752,0022400653,"JAN 27, 2025",NYK vs. MEM,W,31,16,0.66,240,56,108,0.519,17,44,0.386,14,18,0.778,17,29,46,32,20,7,10,16,143,New York Knicks
1610612752,0022400641,"JAN 25, 2025",NYK vs. SAC,W,30,16,0.652,240,52,105,0.495,17,36,0.472,22,23,0.957,17,36,53,40,9,4,11,13,143,New York Knicks
1610612752,0022400606,"JAN 21, 2025",NYK @ BKN,W,29,16,0.644,240,40,87,0.46,8,28,0.286,11,14,0.786,9,33,42,29,11,3,10,20,99,New York Knicks
1610612752,0022400602,"JAN 20, 2025",NYK vs. ATL,W,28,16,0.636,240,47,90,0.522,9,26,0.346,16,21,0.762,12,27,39,31,8,1,15,21,119,New York Knicks
1610612752,0022400578,"JAN 17, 2025",NYK vs. MIN,L,27,16,0.628,240,35,90,0.389,14,34,0.412,15,17,0.882,15,26,41,19,10,4,9,13,99,New York Knicks
1610612752,0022400561,"JAN 15, 2025",NYK @ PHI,W,27,15,0.643,265,46,86,0.535,16,37,0.432,17,24,0.708,15,30,45,28,10,3,13,14,125,New York Knicks
1610612752,0022400549,"JAN 13, 2025",NYK vs. DET,L,26,15,0.634,240,40,80,0.5,15,37,0.405,24,29,0.828,10,32,42,26,5,2,17,21,119,New York Knicks
1610612752,0022400539,"JAN 12, 2025",NYK vs. MIL,W,26,14,0.65,240,51,88,0.58,18,41,0.439,20,24,0.833,10,39,49,29,6,4,11,18,140,New York Knicks
1610612752,0022400529,"JAN 10, 2025",NYK vs. OKC,L,25,14,0.641,240,37,96,0.385,4,31,0.129,23,23,1.0,16,27,43,18,7,3,10,15,101,New York Knicks
1610612752,0022400511,"JAN 08, 2025",NYK vs. TOR,W,25,13,0.658,240,42,88,0.477,12,33,0.364,16,20,0.8,15,28,43,24,9,4,12,15,112,New York Knicks
1610612752,0022400496,"JAN 06, 2025",NYK vs. ORL,L,24,13,0.649,240,36,81,0.444,4,22,0.182,18,22,0.818,11,27,38,16,4,3,12,18,94,New York Knicks
1610612752,0022400482,"JAN 04, 2025",NYK @ CHI,L,24,12,0.667,240,48,97,0.495,8,30,0.267,22,28,0.786,18,31,49,27,7,3,13,13,126,New York Knicks
1610612752,0022400473,"JAN 03, 2025",NYK @ OKC,L,24,11,0.686,240,43,90,0.478,9,32,0.281,12,17,0.706,11,31,42,22,7,2,12,17,107,New York Knicks
1610612752,0022400458,"JAN 01, 2025",NYK vs. UTA,W,24,10,0.706,240,47,85,0.553,9,23,0.391,16,23,0.696,6,41,47,31,10,6,13,16,119,New York Knicks
1610612752,0022400443,"DEC 30, 2024",NYK @ WAS,W,23,10,0.697,240,45,98,0.459,15,44,0.341,21,25,0.84,15,39,54,34,9,2,7,19,126,New York Knicks
1610612752,0022400429,"DEC 28, 2024",NYK @ WAS,W,22,10,0.688,265,51,97,0.526,10,40,0.25,24,26,0.923,10,33,43,26,7,3,15,14,136,New York Knicks
1610612752,0022400419,"DEC 27, 2024",NYK @ ORL,W,21,10,0.677,240,40,75,0.533,4,15,0.267,24,34,0.706,12,32,44,18,10,3,18,20,108,New York Knicks
1610612752,0022400405,"DEC 25, 2024",NYK vs. SAS,W,20,10,0.667,240,45,100,0.45,13,39,0.333,14,16,0.875,17,30,47,26,7,3,5,17,117,New York Knicks
1610612752,0022400397,"DEC 23, 2024",NYK vs. TOR,W,19,10,0.655,240,51,86,0.593,17,37,0.459,20,29,0.69,8,27,35,34,9,1,14,27,139,New York Knicks
1610612752,0022400384,"DEC 21, 2024",NYK @ NOP,W,18,10,0.643,240,38,87,0.437,15,37,0.405,13,15,0.867,15,27,42,24,11,3,16,18,104,New York Knicks
1610612752,0022400367,"DEC 19, 2024",NYK @ MIN,W,17,10,0.63,240,50,97,0.515,20,45,0.444,13,16,0.813,16,41,57,39,10,2,15,12,133,New York Knicks
1610612752,0022401227,"DEC 15, 2024",NYK @ ORL,W,16,10,0.615,240,33,71,0.465,10,24,0.417,24,30,0.8,7,38,45,20,8,3,17,16,100,New York Knicks
1610612752,0022401202,"DEC 11, 2024",NYK vs. ATL,L,15,10,0.6,240,40,93,0.43,11,42,0.262,9,15,0.6,12,37,49,27,8,11,12,14,100,New York Knicks
1610612752,0022400359,"DEC 09, 2024",NYK @ TOR,W,15,9,0.625,240,42,82,0.512,17,40,0.425,12,19,0.632,6,34,40,32,7,7,10,13,113,New York Knicks
1610612752,0022400343,"DEC 07, 2024",NYK vs. DET,L,14,9,0.609,240,42,79,0.532,11,34,0.324,16,27,0.593,4,27,31,27,11,5,15,12,111,New York Knicks
1610612752,0022400327,"DEC 05, 2024",NYK vs. CHA,W,14,8,0.636,240,41,76,0.539,18,33,0.545,25,32,0.781,6,37,43,29,7,4,9,13,125,New York Knicks
1610612752,0022400053,"DEC 03, 2024",NYK vs. ORL,W,13,8,0.619,240,43,85,0.506,15,35,0.429,20,20,1.0,5,34,39,30,6,4,17,25,121,New York Knicks
1610612752,0022400308,"DEC 01, 2024",NYK vs. NOP,W,12,8,0.6,240,42,92,0.457,20,45,0.444,14,16,0.875,14,46,60,30,10,9,17,14,118,New York Knicks
1610612752,0022400040,"NOV 29, 2024",NYK @ CHA,W,11,8,0.579,240,36,81,0.444,12,32,0.375,15,19,0.789,12,32,44,20,7,5,19,19,99,New York Knicks
1610612752,0022400292,"NOV 27, 2024",NYK @ DAL,L,10,8,0.556,240,40,86,0.465,7,29,0.241,27,30,0.9,7,26,33,20,9,3,8,19,114,New York Knicks
1610612752,0022400283,"NOV 25, 2024",NYK @ DEN,W,10,7,0.588,240,56,92,0.609,19,36,0.528,14,16,0.875,8,35,43,45,5,4,9,23,145,New York Knicks
1610612752,0022400264,"NOV 23, 2024",NYK @ UTA,L,9,7,0.563,240,39,100,0.39,17,51,0.333,11,12,0.917,11,29,40,25,10,10,9,19,106,New York Knicks
1610612752,0022400257,"NOV 20, 2024",NYK @ PHX,W,9,6,0.6,240,50,86,0.581,19,39,0.487,19,21,0.905,10,31,41,30,10,0,13,15,138,New York Knicks
1610612752,0022400246,"NOV 18, 2024",NYK vs. WAS,W,8,6,0.571,240,51,91,0.56,20,40,0.5,12,13,0.923,7,34,41,37,4,1,8,12,134,New York Knicks
1610612752,0022400240,"NOV 17, 2024",NYK vs. BKN,W,7,6,0.538,240,43,88,0.489,13,40,0.325,15,19,0.789,10,37,47,33,4,5,6,23,114,New York Knicks
1610612752,0022400014,"NOV 15, 2024",NYK vs. BKN,W,6,6,0.5,240,44,83,0.53,13,38,0.342,23,28,0.821,8,37,45,25,7,6,13,21,124,New York Knicks
1610612752,0022400219,"NOV 13, 2024",NYK vs. CHI,L,5,6,0.455,240,48,94,0.511,15,37,0.405,12,18,0.667,10,30,40,31,7,3,15,17,123,New York Knicks
1610612752,0022400004,"NOV 12, 2024",NYK @ PHI,W,5,5,0.5,240,44,89,0.494,9,31,0.29,14,15,0.933,8,39,47,31,8,5,15,15,111,New York Knicks
1610612752,0022400203,"NOV 10, 2024",NYK @ IND,L,4,5,0.444,240,46,83,0.554,7,25,0.28,22,27,0.815,8,31,39,23,5,3,13,20,121,New York Knicks
1610612752,0022400189,"NOV 08, 2024",NYK vs. MIL,W,4,4,0.5,240,43,91,0.473,14,46,0.304,16,19,0.842,14,34,48,35,7,3,7,20,116,New York Knicks
1610612752,0022400171,"NOV 06, 2024",NYK @ ATL,L,3,4,0.429,240,41,84,0.488,22,47,0.468,12,15,0.8,7,34,41,29,5,5,15,18,116,New York Knicks
1610612752,0022400161,"NOV 04, 2024",NYK @ HOU,L,3,3,0.5,240,34,88,0.386,11,28,0.393,18,21,0.857,13,26,39,20,6,4,10,18,97,New York Knicks
1610612752,0022400134,"NOV 01, 2024",NYK @ DET,W,3,2,0.6,240,52,101,0.515,18,38,0.474,6,10,0.6,12,33,45,31,16,3,9,14,128,New York Knicks
1610612752,0022400122,"OCT 30, 2024",NYK @ MIA,W,2,2,0.5,240,40,82,0.488,18,40,0.45,18,20,0.9,7,35,42,30,8,4,9,16,116,New York Knicks
1610612752,0022400106,"OCT 28, 2024",NYK vs. CLE,L,1,2,0.333,240,40,90,0.444,9,28,0.321,15,18,0.833,13,30,43,22,8,3,16,21,104,New York Knicks
1610612752,0022400081,"OCT 25, 2024",NYK vs. IND,W,1,1,0.5,240,44,84,0.524,12,27,0.444,23,29,0.793,11,32,43,19,5,4,11,18,123,New York Knicks
1610612752,0022400061,"OCT 22, 2024",NYK @ BOS,L,0,1,0.0,240,43,78,0.551,11,30,0.367,12,16,0.75,5,29,34,20,2,3,11,12,109,New York Knicks
1610612753,0022401186,"APR 13, 2025",ORL @ ATL,L,41,41,0.5,240,40,88,0.455,15,35,0.429,10,15,0.667,12,31,43,25,11,5,14,8,105,Orlando Magic
1610612753,0022401172,"APR 11, 2025",ORL @ IND,W,41,40,0.506,240,49,85,0.576,13,32,0.406,18,21,0.857,8,27,35,32,14,11,19,28,129,Orlando Magic
1610612753,0022401156,"APR 09, 2025",ORL vs. BOS,W,40,40,0.5,240,37,91,0.407,16,45,0.356,6,8,0.75,12,37,49,23,5,3,10,9,96,Orlando Magic
1610612753,0022401149,"APR 08, 2025",ORL vs. ATL,W,39,40,0.494,240,42,84,0.5,14,34,0.412,21,31,0.677,13,30,43,23,13,6,13,20,119,Orlando Magic
1610612753,0022401112,"APR 03, 2025",ORL @ WAS,W,38,40,0.487,240,38,82,0.463,11,30,0.367,22,25,0.88,13,34,47,27,7,8,8,12,109,Orlando Magic
1610612753,0022400988,"APR 01, 2025",ORL @ SAS,W,37,40,0.481,240,43,90,0.478,18,47,0.383,12,12,1.0,10,31,41,28,12,7,10,15,116,Orlando Magic
1610612753,0022401091,"MAR 31, 2025",ORL vs. LAC,L,36,40,0.474,240,30,76,0.395,7,26,0.269,20,22,0.909,6,26,32,18,10,4,14,17,87,Orlando Magic
1610612753,0022401074,"MAR 29, 2025",ORL vs. SAC,W,36,39,0.48,240,44,89,0.494,18,39,0.462,15,24,0.625,13,36,49,31,10,2,12,18,121,Orlando Magic
1610612753,0022401060,"MAR 27, 2025",ORL vs. DAL,L,35,39,0.473,240,34,80,0.425,5,30,0.167,19,24,0.792,10,34,44,14,5,5,16,20,92,Orlando Magic
1610612753,0022401045,"MAR 25, 2025",ORL @ CHA,W,35,38,0.479,240,41,90,0.456,13,42,0.31,16,19,0.842,13,37,50,22,5,4,8,21,111,Orlando Magic
1610612753,0022401038,"MAR 24, 2025",ORL vs. LAL,W,34,38,0.472,240,42,85,0.494,15,40,0.375,19,23,0.826,12,31,43,25,6,4,8,18,118,Orlando Magic
1610612753,0022401014,"MAR 21, 2025",ORL @ WAS,W,33,38,0.465,240,46,96,0.479,17,42,0.405,11,13,0.846,13,42,55,25,9,8,12,17,120,Orlando Magic
1610612753,0022400999,"MAR 19, 2025",ORL vs. HOU,L,32,38,0.457,240,41,92,0.446,9,35,0.257,17,20,0.85,14,27,41,23,7,4,12,20,108,Orlando Magic
1610612753,0022400979,"MAR 16, 2025",ORL @ CLE,W,32,37,0.464,240,34,81,0.42,13,31,0.419,27,34,0.794,13,34,47,21,11,3,15,20,108,Orlando Magic
1610612753,0022400963,"MAR 14, 2025",ORL @ MIN,L,31,37,0.456,240,40,89,0.449,12,28,0.429,19,22,0.864,6,25,31,18,9,5,11,22,111,Orlando Magic
1610612753,0022401141,"MAR 13, 2025",ORL @ NOP,W,31,36,0.463,240,43,83,0.518,13,33,0.394,14,18,0.778,8,31,39,25,7,7,8,20,113,Orlando Magic
1610612753,0022400934,"MAR 10, 2025",ORL @ HOU,L,30,36,0.455,240,28,86,0.326,8,32,0.25,20,24,0.833,13,29,42,15,10,5,8,19,84,Orlando Magic
1610612753,0022400917,"MAR 08, 2025",ORL @ MIL,W,30,35,0.462,240,42,82,0.512,12,32,0.375,15,19,0.789,5,29,34,19,5,5,10,24,111,Orlando Magic
1610612753,0022400944,"MAR 06, 2025",ORL vs. CHI,L,29,35,0.453,240,40,87,0.46,9,33,0.273,34,40,0.85,9,24,33,26,10,5,12,21,123,Orlando Magic
1610612753,0022400883,"MAR 04, 2025",ORL vs. TOR,L,29,34,0.46,240,40,83,0.482,15,36,0.417,18,23,0.783,7,28,35,28,12,5,14,27,113,Orlando Magic
1610612753,0022400870,"MAR 02, 2025",ORL vs. TOR,L,29,33,0.468,240,30,67,0.448,7,21,0.333,35,42,0.833,7,28,35,17,3,5,14,26,102,Orlando Magic
1610612753,0022400845,"FEB 27, 2025",ORL vs. GSW,L,29,32,0.475,240,45,89,0.506,11,28,0.393,14,18,0.778,15,31,46,23,9,4,18,25,115,Orlando Magic
1610612753,0022400830,"FEB 25, 2025",ORL vs. CLE,L,29,31,0.483,240,33,90,0.367,5,28,0.179,11,14,0.786,12,23,35,21,7,8,10,14,82,Orlando Magic
1610612753,0022400815,"FEB 23, 2025",ORL vs. WAS,W,29,30,0.492,240,40,90,0.444,11,32,0.344,19,22,0.864,14,33,47,25,9,5,13,23,110,Orlando Magic
1610612753,0022400798,"FEB 21, 2025",ORL vs. MEM,L,28,30,0.483,240,36,88,0.409,9,31,0.29,23,33,0.697,13,37,50,23,7,9,12,21,104,Orlando Magic
1610612753,0022400790,"FEB 20, 2025",ORL @ ATL,W,28,29,0.491,240,41,85,0.482,6,25,0.24,26,38,0.684,11,42,53,15,6,7,7,22,114,Orlando Magic
1610612753,0022400770,"FEB 12, 2025",ORL vs. CHA,W,27,29,0.482,240,37,90,0.411,14,43,0.326,14,19,0.737,13,39,52,22,4,9,8,12,102,Orlando Magic
1610612753,0022400756,"FEB 10, 2025",ORL vs. ATL,L,26,29,0.473,240,37,78,0.474,12,30,0.4,20,24,0.833,7,29,36,22,10,8,17,21,106,Orlando Magic
1610612753,0022400743,"FEB 08, 2025",ORL vs. SAS,W,26,28,0.481,240,45,88,0.511,10,30,0.333,12,20,0.6,13,32,45,19,10,1,14,18,112,Orlando Magic
1610612753,0022400730,"FEB 06, 2025",ORL @ DEN,L,25,28,0.472,240,31,84,0.369,5,31,0.161,23,30,0.767,13,27,40,21,10,8,13,15,90,Orlando Magic
1610612753,0022400727,"FEB 05, 2025",ORL @ SAC,W,25,27,0.481,240,50,88,0.568,16,31,0.516,14,15,0.933,9,26,35,30,8,3,8,24,130,Orlando Magic
1610612753,0022400708,"FEB 03, 2025",ORL @ GSW,L,24,27,0.471,240,43,99,0.434,8,32,0.25,5,10,0.5,18,34,52,23,8,2,11,26,99,Orlando Magic
1610612753,0022400687,"FEB 01, 2025",ORL @ UTA,L,24,26,0.48,240,30,91,0.33,9,41,0.22,30,35,0.857,11,32,43,19,9,7,8,23,99,Orlando Magic
1610612753,0022400678,"JAN 30, 2025",ORL @ POR,L,24,25,0.49,240,34,81,0.42,5,26,0.192,17,20,0.85,13,20,33,14,8,6,13,23,90,Orlando Magic
1610612753,0022400652,"JAN 27, 2025",ORL @ MIA,L,24,24,0.5,290,45,98,0.459,14,39,0.359,15,25,0.6,12,35,47,32,9,4,14,19,119,Orlando Magic
1610612753,0022400638,"JAN 25, 2025",ORL vs. DET,W,24,23,0.511,240,40,83,0.482,15,33,0.455,26,38,0.684,8,32,40,22,8,4,14,23,121,Orlando Magic
1610612753,0022400622,"JAN 23, 2025",ORL vs. POR,L,23,23,0.5,240,26,76,0.342,6,25,0.24,21,31,0.677,14,30,44,17,9,6,19,18,79,Orlando Magic
1610612753,0022400608,"JAN 21, 2025",ORL @ TOR,L,23,22,0.511,240,35,85,0.412,9,31,0.29,14,19,0.737,14,34,48,16,5,2,14,24,93,Orlando Magic
1610612753,0022400593,"JAN 19, 2025",ORL vs. DEN,L,23,21,0.523,240,38,102,0.373,12,41,0.293,12,16,0.75,16,23,39,30,15,6,7,19,100,Orlando Magic
1610612753,0022400577,"JAN 17, 2025",ORL @ BOS,L,23,20,0.535,240,34,82,0.415,5,32,0.156,21,31,0.677,12,25,37,15,3,3,8,19,94,Orlando Magic
1610612753,0022400564,"JAN 15, 2025",ORL @ MIL,L,23,19,0.548,240,33,95,0.347,12,46,0.261,15,21,0.714,9,23,32,24,13,1,13,24,93,Orlando Magic
1610612753,0022400544,"JAN 12, 2025",ORL vs. PHI,W,23,18,0.561,240,39,80,0.488,7,30,0.233,19,28,0.679,12,29,41,23,10,9,16,23,104,Orlando Magic
1610612753,0022400526,"JAN 10, 2025",ORL vs. MIL,L,22,18,0.55,240,37,86,0.43,14,40,0.35,18,26,0.692,12,32,44,20,8,5,10,19,106,Orlando Magic
1610612753,0022400519,"JAN 09, 2025",ORL vs. MIN,L,22,17,0.564,240,33,87,0.379,10,40,0.25,13,19,0.684,13,34,47,21,4,10,14,22,89,Orlando Magic
1610612753,0022400496,"JAN 06, 2025",ORL @ NYK,W,22,16,0.579,240,39,78,0.5,11,31,0.355,14,18,0.778,9,30,39,23,7,5,9,19,103,Orlando Magic
1610612753,0022400490,"JAN 05, 2025",ORL vs. UTA,L,21,16,0.568,240,35,98,0.357,14,47,0.298,8,13,0.615,14,29,43,25,8,4,11,21,92,Orlando Magic
1610612753,0022400470,"JAN 03, 2025",ORL @ TOR,W,21,15,0.583,240,37,79,0.468,19,44,0.432,13,17,0.765,12,30,42,32,10,8,11,15,106,Orlando Magic
1610612753,0022400455,"JAN 01, 2025",ORL @ DET,L,20,15,0.571,240,37,91,0.407,8,35,0.229,14,20,0.7,9,24,33,18,18,5,12,21,96,Orlando Magic
1610612753,0022400436,"DEC 29, 2024",ORL vs. BKN,W,20,14,0.588,240,37,83,0.446,12,36,0.333,16,25,0.64,16,26,42,30,7,3,13,23,102,Orlando Magic
1610612753,0022400419,"DEC 27, 2024",ORL vs. NYK,L,19,14,0.576,240,32,87,0.368,10,33,0.303,11,12,0.917,11,22,33,20,7,3,17,23,85,Orlando Magic
1610612753,0022400411,"DEC 26, 2024",ORL vs. MIA,L,19,13,0.594,240,34,77,0.442,5,29,0.172,15,18,0.833,9,33,42,14,12,6,21,15,88,Orlando Magic
1610612753,0022400393,"DEC 23, 2024",ORL vs. BOS,W,19,12,0.613,240,37,83,0.446,13,33,0.394,21,21,1.0,7,35,42,26,11,9,20,24,108,Orlando Magic
1610612753,0022400377,"DEC 21, 2024",ORL vs. MIA,W,18,12,0.6,240,43,87,0.494,11,37,0.297,24,27,0.889,10,31,41,24,5,9,13,23,121,Orlando Magic
1610612753,0022400361,"DEC 19, 2024",ORL vs. OKC,L,17,12,0.586,240,35,78,0.449,11,35,0.314,18,25,0.72,10,30,40,25,6,6,18,16,99,Orlando Magic
1610612753,0022401227,"DEC 15, 2024",ORL vs. NYK,L,17,11,0.607,240,36,86,0.419,9,30,0.3,10,13,0.769,10,29,39,24,8,10,15,26,91,Orlando Magic
1610612753,0022401201,"DEC 10, 2024",ORL @ MIL,L,17,10,0.63,240,41,93,0.441,6,27,0.222,21,27,0.778,15,31,46,19,11,4,13,21,109,Orlando Magic
1610612753,0022400352,"DEC 08, 2024",ORL vs. PHX,W,17,9,0.654,240,42,88,0.477,12,36,0.333,19,30,0.633,14,30,44,17,11,6,13,19,115,Orlando Magic
1610612753,0022400333,"DEC 06, 2024",ORL @ PHI,L,16,9,0.64,240,33,78,0.423,13,46,0.283,15,17,0.882,8,30,38,21,8,6,19,23,94,Orlando Magic
1610612753,0022400322,"DEC 04, 2024",ORL @ PHI,W,16,8,0.667,240,41,84,0.488,8,29,0.276,16,21,0.762,16,26,42,21,13,7,13,18,106,Orlando Magic
1610612753,0022400053,"DEC 03, 2024",ORL @ NYK,L,15,8,0.652,240,38,87,0.437,9,39,0.231,21,25,0.84,9,29,38,20,9,4,15,19,106,Orlando Magic
1610612753,0022400305,"DEC 01, 2024",ORL @ BKN,W,15,7,0.682,240,34,74,0.459,7,28,0.25,25,32,0.781,14,38,52,23,10,11,22,29,100,Orlando Magic
1610612753,0022400043,"NOV 29, 2024",ORL @ BKN,W,14,7,0.667,240,44,83,0.53,18,35,0.514,17,22,0.773,11,29,40,29,13,13,17,21,123,Orlando Magic
1610612753,0022400289,"NOV 27, 2024",ORL vs. CHI,W,13,7,0.65,240,46,90,0.511,15,39,0.385,26,28,0.929,7,32,39,30,10,8,11,14,133,Orlando Magic
1610612753,0022400277,"NOV 25, 2024",ORL @ CHA,W,12,7,0.632,240,37,94,0.394,12,46,0.261,9,17,0.529,13,26,39,21,12,6,8,21,95,Orlando Magic
1610612753,0022400265,"NOV 23, 2024",ORL vs. DET,W,11,7,0.611,240,40,87,0.46,12,39,0.308,19,22,0.864,17,27,44,25,13,9,13,20,111,Orlando Magic
1610612753,0022400263,"NOV 21, 2024",ORL @ LAL,W,10,7,0.588,240,43,91,0.473,15,40,0.375,18,21,0.857,15,33,48,31,8,5,16,25,119,Orlando Magic
1610612753,0022400259,"NOV 20, 2024",ORL @ LAC,L,9,7,0.563,240,33,75,0.44,8,35,0.229,19,24,0.792,2,22,24,21,11,7,14,17,93,Orlando Magic
1610612753,0022400249,"NOV 18, 2024",ORL @ PHX,W,9,6,0.6,240,39,76,0.513,11,29,0.379,20,25,0.8,8,30,38,28,5,7,10,19,109,Orlando Magic
1610612753,0022400010,"NOV 15, 2024",ORL vs. PHI,W,8,6,0.571,240,34,78,0.436,11,37,0.297,19,22,0.864,11,32,43,15,11,6,17,21,98,Orlando Magic
1610612753,0022400217,"NOV 13, 2024",ORL vs. IND,W,7,6,0.538,240,34,84,0.405,13,38,0.342,13,15,0.867,13,37,50,26,8,10,17,19,94,Orlando Magic
1610612753,0022400003,"NOV 12, 2024",ORL vs. CHA,W,6,6,0.5,240,43,93,0.462,13,44,0.295,15,19,0.789,8,35,43,25,12,7,11,21,114,Orlando Magic
1610612753,0022400204,"NOV 10, 2024",ORL vs. WAS,W,5,6,0.455,240,41,91,0.451,17,48,0.354,22,25,0.88,15,29,44,25,6,5,11,21,121,Orlando Magic
1610612753,0022400186,"NOV 08, 2024",ORL vs. NOP,W,4,6,0.4,240,45,86,0.523,8,32,0.25,17,21,0.81,11,32,43,28,9,8,13,14,115,Orlando Magic
1610612753,0022400170,"NOV 06, 2024",ORL @ IND,L,3,6,0.333,240,42,82,0.512,7,25,0.28,20,26,0.769,10,28,38,26,6,5,16,22,111,Orlando Magic
1610612753,0022400163,"NOV 04, 2024",ORL @ OKC,L,3,5,0.375,240,29,82,0.354,5,34,0.147,23,27,0.852,7,34,41,20,12,5,18,16,86,Orlando Magic
1610612753,0022400153,"NOV 03, 2024",ORL @ DAL,L,3,4,0.429,240,31,93,0.333,8,41,0.195,15,19,0.789,13,30,43,19,8,4,14,22,85,Orlando Magic
1610612753,0022400133,"NOV 01, 2024",ORL @ CLE,L,3,3,0.5,240,41,90,0.456,11,33,0.333,16,24,0.667,7,32,39,26,10,4,14,17,109,Orlando Magic
1610612753,0022400123,"OCT 30, 2024",ORL @ CHI,L,3,2,0.6,240,35,86,0.407,11,46,0.239,18,20,0.9,6,36,42,25,9,8,12,19,99,Orlando Magic
1610612753,0022400102,"OCT 28, 2024",ORL vs. IND,W,3,1,0.75,240,39,83,0.47,13,41,0.317,28,38,0.737,11,35,46,26,7,6,15,25,119,Orlando Magic
1610612753,0022400092,"OCT 26, 2024",ORL @ MEM,L,2,1,0.667,240,37,87,0.425,17,48,0.354,20,28,0.714,12,29,41,21,10,6,19,20,111,Orlando Magic
1610612753,0022400077,"OCT 25, 2024",ORL vs. BKN,W,2,0,1.0,240,39,75,0.52,15,30,0.5,23,33,0.697,5,34,39,28,10,7,12,19,116,Orlando Magic
1610612753,0022400065,"OCT 23, 2024",ORL @ MIA,W,1,0,1.0,240,41,96,0.427,18,49,0.367,16,22,0.727,18,39,57,28,8,8,11,21,116,Orlando Magic
1610612754,0022401189,"APR 13, 2025",IND @ CLE,W,50,32,0.61,290,48,119,0.403,10,42,0.238,20,22,0.909,14,47,61,27,15,10,13,20,126,Indiana Pacers
1610612754,0022401172,"APR 11, 2025",IND vs. ORL,L,49,32,0.605,240,40,89,0.449,12,29,0.414,23,35,0.657,17,27,44,24,8,7,17,19,115,Indiana Pacers
1610612754,0022401168,"APR 10, 2025",IND vs. CLE,W,49,31,0.613,240,43,93,0.462,14,41,0.341,14,20,0.7,10,36,46,28,3,11,9,16,114,Indiana Pacers
1610612754,0022401148,"APR 08, 2025",IND vs. WAS,W,48,31,0.608,240,33,87,0.379,9,35,0.257,29,37,0.784,13,36,49,21,7,5,7,16,104,Indiana Pacers
1610612754,0022401142,"APR 06, 2025",IND @ DEN,W,47,31,0.603,240,46,96,0.479,15,44,0.341,18,21,0.857,7,34,41,34,10,7,6,17,125,Indiana Pacers
1610612754,0022401119,"APR 04, 2025",IND vs. UTA,W,46,31,0.597,240,51,89,0.573,12,32,0.375,26,38,0.684,11,40,51,38,8,17,7,17,140,Indiana Pacers
1610612754,0022401104,"APR 02, 2025",IND vs. CHA,W,45,31,0.592,240,47,95,0.495,18,44,0.409,7,10,0.7,11,27,38,29,10,6,6,16,119,Indiana Pacers
1610612754,0022401090,"MAR 31, 2025",IND vs. SAC,W,44,31,0.587,240,42,90,0.467,14,41,0.341,13,13,1.0,6,34,40,28,6,5,12,14,111,Indiana Pacers
1610612754,0022401079,"MAR 29, 2025",IND @ OKC,L,43,31,0.581,240,39,87,0.448,14,42,0.333,19,26,0.731,8,35,43,27,6,6,11,16,111,Indiana Pacers
1610612754,0022401061,"MAR 27, 2025",IND @ WAS,W,43,30,0.589,240,59,92,0.641,27,47,0.574,17,19,0.895,13,37,50,48,8,2,12,19,162,Indiana Pacers
1610612754,0022401055,"MAR 26, 2025",IND vs. LAL,L,42,30,0.583,240,44,87,0.506,15,36,0.417,16,19,0.842,7,29,36,31,9,4,9,16,119,Indiana Pacers
1610612754,0022401037,"MAR 24, 2025",IND vs. MIN,W,42,29,0.592,240,46,94,0.489,13,35,0.371,14,14,1.0,9,37,46,30,9,5,11,12,119,Indiana Pacers
1610612754,0022401024,"MAR 22, 2025",IND vs. BKN,W,41,29,0.586,240,40,84,0.476,11,35,0.314,17,21,0.81,6,38,44,32,5,6,13,24,108,Indiana Pacers
1610612754,0022401011,"MAR 20, 2025",IND vs. BKN,W,40,29,0.58,265,35,81,0.432,8,31,0.258,27,31,0.871,10,47,57,18,10,8,22,21,105,Indiana Pacers
1610612754,0022400998,"MAR 19, 2025",IND vs. DAL,W,39,29,0.574,240,45,82,0.549,16,35,0.457,29,37,0.784,6,32,38,29,4,5,11,26,135,Indiana Pacers
1610612754,0022400986,"MAR 17, 2025",IND @ MIN,W,38,29,0.567,265,48,97,0.495,17,37,0.459,19,23,0.826,14,34,48,28,7,6,20,25,132,Indiana Pacers
1610612754,0022400972,"MAR 15, 2025",IND @ MIL,L,37,29,0.561,240,46,96,0.479,17,43,0.395,10,13,0.769,10,22,32,29,9,4,11,15,119,Indiana Pacers
1610612754,0022400959,"MAR 14, 2025",IND @ PHI,W,37,28,0.569,240,44,89,0.494,10,35,0.286,14,18,0.778,12,33,45,31,6,4,10,17,112,Indiana Pacers
1610612754,0022400942,"MAR 11, 2025",IND vs. MIL,W,36,28,0.563,240,44,87,0.506,13,39,0.333,14,18,0.778,5,33,38,30,11,3,9,20,115,Indiana Pacers
1610612754,0022400933,"MAR 10, 2025",IND @ CHI,L,35,28,0.556,240,40,101,0.396,10,40,0.25,13,19,0.684,8,31,39,30,14,4,9,13,103,Indiana Pacers
1610612754,0022400914,"MAR 08, 2025",IND @ ATL,L,35,27,0.565,240,41,94,0.436,10,33,0.303,26,30,0.867,15,26,41,29,12,6,15,21,118,Indiana Pacers
1610612754,0022400899,"MAR 06, 2025",IND @ ATL,L,35,26,0.574,240,44,91,0.484,14,39,0.359,16,17,0.941,10,32,42,27,5,5,11,18,118,Indiana Pacers
1610612754,0022400882,"MAR 04, 2025",IND vs. HOU,W,35,25,0.583,240,44,86,0.512,17,42,0.405,10,10,1.0,5,30,35,34,9,6,11,19,115,Indiana Pacers
1610612754,0022400868,"MAR 02, 2025",IND vs. CHI,W,34,25,0.576,240,48,87,0.552,19,44,0.432,12,18,0.667,5,31,36,34,7,4,10,16,127,Indiana Pacers
1610612754,0022400854,"FEB 28, 2025",IND @ MIA,L,33,25,0.569,240,47,88,0.534,21,39,0.538,5,8,0.625,9,21,30,35,10,3,10,11,120,Indiana Pacers
1610612754,0022400837,"FEB 26, 2025",IND vs. TOR,W,33,24,0.579,240,43,81,0.531,15,37,0.405,10,16,0.625,4,37,41,28,10,7,19,18,111,Indiana Pacers
1610612754,0022400822,"FEB 24, 2025",IND vs. DEN,L,32,24,0.571,240,40,85,0.471,14,43,0.326,22,27,0.815,8,24,32,29,11,3,17,14,116,Indiana Pacers
1610612754,0022400813,"FEB 23, 2025",IND vs. LAC,W,32,23,0.582,240,46,84,0.548,12,36,0.333,25,27,0.926,8,38,46,31,7,5,12,24,129,Indiana Pacers
1610612754,0022400788,"FEB 20, 2025",IND vs. MEM,W,31,23,0.574,240,46,91,0.505,17,45,0.378,18,22,0.818,9,37,46,29,6,12,10,20,127,Indiana Pacers
1610612754,0022400771,"FEB 12, 2025",IND @ WAS,W,30,23,0.566,265,50,107,0.467,16,35,0.457,18,20,0.9,10,32,42,38,7,5,7,17,134,Indiana Pacers
1610612754,0022400765,"FEB 11, 2025",IND vs. NYK,L,29,23,0.558,240,43,89,0.483,9,31,0.29,20,26,0.769,9,27,36,32,8,3,10,17,115,Indiana Pacers
1610612754,0022400742,"FEB 08, 2025",IND @ LAL,L,29,22,0.569,240,37,87,0.425,12,38,0.316,31,32,0.969,11,27,38,27,10,2,10,20,117,Indiana Pacers
1610612754,0022400733,"FEB 06, 2025",IND @ LAC,W,29,21,0.58,240,43,95,0.453,13,39,0.333,20,24,0.833,12,34,46,31,13,3,7,14,119,Indiana Pacers
1610612754,0022400716,"FEB 04, 2025",IND @ POR,L,28,21,0.571,240,34,81,0.42,5,24,0.208,16,21,0.762,14,25,39,25,11,6,19,19,89,Indiana Pacers
1610612754,0022400707,"FEB 03, 2025",IND @ UTA,W,28,20,0.583,240,43,91,0.473,10,42,0.238,16,20,0.8,6,31,37,32,13,10,9,20,112,Indiana Pacers
1610612754,0022400686,"FEB 01, 2025",IND vs. ATL,W,27,20,0.574,240,49,90,0.544,12,33,0.364,22,25,0.88,7,34,41,35,6,5,11,26,132,Indiana Pacers
1610612754,0022400664,"JAN 29, 2025",IND vs. DET,W,26,20,0.565,240,46,81,0.568,19,38,0.5,22,31,0.71,5,31,36,28,7,5,13,18,133,Indiana Pacers
1610612754,0022400633,"JAN 25, 2025",IND @ SAS,W,25,20,0.556,240,53,102,0.52,17,39,0.436,13,14,0.929,16,34,50,32,14,9,10,20,136,Indiana Pacers
1610612754,0022400621,"JAN 23, 2025",IND vs. SAS,L,24,20,0.545,240,44,97,0.454,13,43,0.302,9,12,0.75,9,22,31,31,10,2,11,9,110,Indiana Pacers
1610612754,0022400588,"JAN 18, 2025",IND vs. PHI,W,24,19,0.558,240,44,83,0.53,11,34,0.324,16,23,0.696,14,36,50,30,4,4,17,21,115,Indiana Pacers
1610612754,0022400572,"JAN 16, 2025",IND @ DET,W,23,19,0.548,240,41,89,0.461,13,30,0.433,16,22,0.727,3,37,40,28,13,8,9,17,111,Indiana Pacers
1610612754,0022400554,"JAN 14, 2025",IND vs. CLE,L,22,19,0.537,240,44,91,0.484,12,28,0.429,17,22,0.773,9,28,37,30,10,3,11,18,117,Indiana Pacers
1610612754,0022400543,"JAN 12, 2025",IND @ CLE,W,22,18,0.55,240,43,92,0.467,11,35,0.314,11,18,0.611,9,41,50,30,11,7,10,22,108,Indiana Pacers
1610612754,0022400525,"JAN 10, 2025",IND vs. GSW,W,21,18,0.538,240,43,82,0.524,9,27,0.333,13,19,0.684,8,40,48,27,8,8,15,13,108,Indiana Pacers
1610612754,0022400510,"JAN 08, 2025",IND vs. CHI,W,20,18,0.526,240,52,100,0.52,10,29,0.345,15,24,0.625,15,31,46,37,11,1,8,19,129,Indiana Pacers
1610612754,0022400495,"JAN 06, 2025",IND @ BKN,W,19,18,0.514,240,40,79,0.506,12,31,0.387,21,23,0.913,5,30,35,22,8,5,10,17,113,Indiana Pacers
1610612754,0022400480,"JAN 04, 2025",IND vs. PHX,W,18,18,0.5,240,46,96,0.479,15,40,0.375,19,21,0.905,13,34,47,35,7,4,6,16,126,Indiana Pacers
1610612754,0022400463,"JAN 02, 2025",IND @ MIA,W,17,18,0.486,240,51,96,0.531,17,40,0.425,9,16,0.563,13,26,39,35,9,4,6,16,128,Indiana Pacers
1610612754,0022400450,"DEC 31, 2024",IND vs. MIL,L,16,18,0.471,240,40,90,0.444,13,37,0.351,19,30,0.633,9,41,50,26,8,7,16,20,112,Indiana Pacers
1610612754,0022400437,"DEC 29, 2024",IND @ BOS,W,16,17,0.485,240,46,87,0.529,9,23,0.391,22,27,0.815,11,39,50,27,6,2,9,17,123,Indiana Pacers
1610612754,0022400420,"DEC 27, 2024",IND @ BOS,L,15,17,0.469,240,38,91,0.418,11,39,0.282,18,25,0.72,13,26,39,27,5,3,12,20,105,Indiana Pacers
1610612754,0022400410,"DEC 26, 2024",IND vs. OKC,L,15,16,0.484,240,42,89,0.472,14,36,0.389,16,22,0.727,11,40,51,28,1,8,11,21,114,Indiana Pacers
1610612754,0022400403,"DEC 23, 2024",IND @ GSW,W,15,15,0.5,240,45,92,0.489,11,35,0.314,10,11,0.909,8,35,43,26,7,4,11,16,111,Indiana Pacers
1610612754,0022400389,"DEC 22, 2024",IND @ SAC,W,14,15,0.483,240,50,86,0.581,17,39,0.436,5,8,0.625,6,44,50,36,7,5,10,15,122,Indiana Pacers
1610612754,0022400369,"DEC 19, 2024",IND @ PHX,W,13,15,0.464,240,39,89,0.438,16,41,0.39,26,31,0.839,9,38,47,30,9,7,9,21,120,Indiana Pacers
1610612754,0022401216,"DEC 15, 2024",IND vs. NOP,W,12,15,0.444,240,41,81,0.506,16,38,0.421,21,24,0.875,7,36,43,33,10,9,17,21,119,Indiana Pacers
1610612754,0022401209,"DEC 13, 2024",IND @ PHI,W,11,15,0.423,240,47,91,0.516,14,38,0.368,13,17,0.765,8,33,41,35,9,4,10,21,121,Indiana Pacers
1610612754,0022400349,"DEC 08, 2024",IND vs. CHA,L,10,15,0.4,240,42,82,0.512,12,36,0.333,13,15,0.867,3,26,29,23,9,7,17,19,109,Indiana Pacers
1610612754,0022400336,"DEC 06, 2024",IND @ CHI,W,10,14,0.417,240,52,92,0.565,18,30,0.6,10,12,0.833,7,39,46,33,9,4,12,10,132,Indiana Pacers
1610612754,0022400320,"DEC 04, 2024",IND @ BKN,L,9,14,0.391,240,32,75,0.427,8,33,0.242,18,22,0.818,5,34,39,20,6,10,16,19,90,Indiana Pacers
1610612754,0022400054,"DEC 03, 2024",IND @ TOR,L,9,13,0.409,240,38,84,0.452,12,30,0.4,23,28,0.821,9,25,34,21,8,6,20,23,111,Indiana Pacers
1610612754,0022400306,"DEC 01, 2024",IND @ MEM,L,9,12,0.429,240,43,90,0.478,14,42,0.333,21,26,0.808,6,35,41,28,8,3,15,22,121,Indiana Pacers
1610612754,0022400045,"NOV 29, 2024",IND vs. DET,L,9,11,0.45,240,41,85,0.482,12,33,0.364,12,13,0.923,7,25,32,23,9,4,16,18,106,Indiana Pacers
1610612754,0022400288,"NOV 27, 2024",IND vs. POR,W,9,10,0.474,240,46,94,0.489,13,32,0.406,16,20,0.8,19,28,47,27,10,10,12,21,121,Indiana Pacers
1610612754,0022400279,"NOV 25, 2024",IND vs. NOP,W,8,10,0.444,240,43,91,0.473,17,47,0.362,11,16,0.688,7,34,41,30,10,2,13,16,114,Indiana Pacers
1610612754,0022400272,"NOV 24, 2024",IND vs. WAS,W,7,10,0.412,240,41,86,0.477,12,27,0.444,21,27,0.778,12,33,45,31,8,3,11,18,115,Indiana Pacers
1610612754,0022400029,"NOV 22, 2024",IND @ MIL,L,6,10,0.375,240,43,91,0.473,11,34,0.324,20,27,0.741,14,32,46,30,11,6,15,17,117,Indiana Pacers
1610612754,0022400254,"NOV 20, 2024",IND @ HOU,L,6,9,0.4,240,44,83,0.53,5,22,0.227,20,25,0.8,3,33,36,19,7,9,23,24,113,Indiana Pacers
1610612754,0022400247,"NOV 18, 2024",IND @ TOR,L,6,8,0.429,240,44,99,0.444,15,40,0.375,16,20,0.8,12,20,32,29,17,5,10,19,119,Indiana Pacers
1610612754,0022400235,"NOV 17, 2024",IND vs. MIA,W,6,7,0.462,240,44,85,0.518,13,29,0.448,18,20,0.9,10,35,45,30,6,6,10,16,119,Indiana Pacers
1610612754,0022400009,"NOV 15, 2024",IND vs. MIA,L,5,7,0.417,240,44,86,0.512,14,35,0.4,9,11,0.818,8,31,39,28,8,4,20,15,111,Indiana Pacers
1610612754,0022400217,"NOV 13, 2024",IND @ ORL,L,5,6,0.455,240,32,84,0.381,10,30,0.333,16,18,0.889,7,34,41,22,10,6,16,19,90,Indiana Pacers
1610612754,0022400203,"NOV 10, 2024",IND vs. NYK,W,5,5,0.5,240,45,88,0.511,21,46,0.457,21,25,0.84,5,27,32,27,6,4,6,22,132,Indiana Pacers
1610612754,0022400184,"NOV 08, 2024",IND @ CHA,L,4,5,0.444,240,33,83,0.398,9,29,0.31,8,14,0.571,7,30,37,24,10,4,12,16,83,Indiana Pacers
1610612754,0022400170,"NOV 06, 2024",IND vs. ORL,W,4,4,0.5,240,41,76,0.539,12,26,0.462,24,26,0.923,4,32,36,21,7,3,11,24,118,Indiana Pacers
1610612754,0022400165,"NOV 04, 2024",IND @ DAL,W,3,4,0.429,240,54,95,0.568,13,32,0.406,13,20,0.65,7,39,46,30,5,3,9,16,134,Indiana Pacers
1610612754,0022400138,"NOV 01, 2024",IND @ NOP,L,2,4,0.333,240,46,89,0.517,16,38,0.421,10,13,0.769,6,33,39,35,3,3,14,21,118,Indiana Pacers
1610612754,0022400119,"OCT 30, 2024",IND vs. BOS,W,2,3,0.4,265,50,104,0.481,15,38,0.395,20,24,0.833,16,41,57,33,10,5,18,26,135,Indiana Pacers
1610612754,0022400102,"OCT 28, 2024",IND @ ORL,L,1,3,0.25,240,41,88,0.466,13,29,0.448,20,30,0.667,15,29,44,25,7,4,12,28,115,Indiana Pacers
1610612754,0022400097,"OCT 27, 2024",IND vs. PHI,L,1,2,0.333,265,39,84,0.464,13,32,0.406,23,34,0.676,7,30,37,28,8,4,19,26,114,Indiana Pacers
1610612754,0022400081,"OCT 25, 2024",IND @ NYK,L,1,1,0.5,240,41,83,0.494,3,30,0.1,13,20,0.65,9,24,33,28,8,6,15,24,98,Indiana Pacers
1610612754,0022400063,"OCT 23, 2024",IND @ DET,W,1,0,1.0,240,42,83,0.506,9,31,0.29,22,25,0.88,7,32,39,32,10,8,15,23,115,Indiana Pacers
1610612755,0022401191,"APR 13, 2025",PHI vs. CHI,L,24,58,0.293,240,36,94,0.383,12,44,0.273,18,21,0.857,10,38,48,20,7,6,14,15,102,Philadelphia 76ers
1610612755,0022401173,"APR 11, 2025",PHI vs. ATL,L,24,57,0.296,240,43,97,0.443,12,35,0.343,12,15,0.8,14,31,45,29,6,6,14,17,110,Philadelphia 76ers
1610612755,0022401157,"APR 09, 2025",PHI @ WAS,W,24,56,0.3,240,39,91,0.429,16,50,0.32,28,38,0.737,18,37,55,20,10,8,16,20,122,Philadelphia 76ers
1610612755,0022401145,"APR 07, 2025",PHI @ MIA,L,23,56,0.291,240,38,88,0.432,12,38,0.316,17,25,0.68,14,31,45,20,7,4,13,14,105,Philadelphia 76ers
1610612755,0022401130,"APR 05, 2025",PHI vs. MIN,L,23,55,0.295,240,44,91,0.484,12,35,0.343,9,15,0.6,11,23,34,26,9,4,8,23,109,Philadelphia 76ers
1610612755,0022401115,"APR 03, 2025",PHI vs. MIL,L,23,54,0.299,240,43,89,0.483,12,39,0.308,15,19,0.789,11,29,40,30,8,4,13,18,113,Philadelphia 76ers
1610612755,0022401098,"APR 01, 2025",PHI @ NYK,L,23,53,0.303,240,34,81,0.42,6,31,0.194,17,22,0.773,13,29,42,23,11,5,19,21,91,Philadelphia 76ers
1610612755,0022401087,"MAR 30, 2025",PHI vs. TOR,L,23,52,0.307,240,42,89,0.472,8,29,0.276,17,19,0.895,8,38,46,25,6,10,16,12,109,Philadelphia 76ers
1610612755,0022401076,"MAR 29, 2025",PHI vs. MIA,L,23,51,0.311,240,38,76,0.5,13,32,0.406,6,14,0.429,6,31,37,28,7,7,18,15,95,Philadelphia 76ers
1610612755,0022401053,"MAR 26, 2025",PHI vs. WAS,L,23,50,0.315,240,42,98,0.429,14,46,0.304,16,20,0.8,13,34,47,22,7,5,4,15,114,Philadelphia 76ers
1610612755,0022401041,"MAR 24, 2025",PHI @ NOP,L,23,49,0.319,240,34,87,0.391,14,42,0.333,17,19,0.895,12,25,37,19,11,6,11,16,99,Philadelphia 76ers
1610612755,0022401031,"MAR 23, 2025",PHI @ ATL,L,23,48,0.324,240,40,91,0.44,11,34,0.324,28,37,0.757,13,24,37,24,8,4,13,18,119,Philadelphia 76ers
1610612755,0022401018,"MAR 21, 2025",PHI @ SAS,L,23,47,0.329,240,46,81,0.568,14,37,0.378,14,20,0.7,5,27,32,30,10,4,16,15,120,Philadelphia 76ers
1610612755,0022401002,"MAR 19, 2025",PHI @ OKC,L,23,46,0.333,240,35,95,0.368,18,57,0.316,12,16,0.75,12,29,41,24,8,3,12,15,100,Philadelphia 76ers
1610612755,0022400985,"MAR 17, 2025",PHI @ HOU,L,23,45,0.338,265,48,95,0.505,24,49,0.49,17,25,0.68,8,27,35,21,8,4,16,20,137,Philadelphia 76ers
1610612755,0022400976,"MAR 16, 2025",PHI @ DAL,W,23,44,0.343,240,48,92,0.522,14,36,0.389,20,24,0.833,9,30,39,21,13,3,11,21,130,Philadelphia 76ers
1610612755,0022400959,"MAR 14, 2025",PHI vs. IND,L,22,44,0.333,240,37,82,0.451,11,38,0.289,15,22,0.682,11,32,43,13,7,9,14,19,100,Philadelphia 76ers
1610612755,0022400947,"MAR 12, 2025",PHI @ TOR,L,22,43,0.338,240,41,96,0.427,7,35,0.2,16,22,0.727,10,30,40,19,13,11,9,20,105,Philadelphia 76ers
1610612755,0022400928,"MAR 10, 2025",PHI @ ATL,L,22,42,0.344,240,46,91,0.505,16,42,0.381,15,20,0.75,6,25,31,29,8,3,10,15,123,Philadelphia 76ers
1610612755,0022400924,"MAR 09, 2025",PHI vs. UTA,W,22,41,0.349,240,43,96,0.448,16,47,0.34,24,25,0.96,14,36,50,27,11,9,17,23,126,Philadelphia 76ers
1610612755,0022400900,"MAR 06, 2025",PHI @ BOS,L,21,41,0.339,240,40,95,0.421,15,39,0.385,10,12,0.833,18,27,45,29,6,5,15,15,105,Philadelphia 76ers
1610612755,0022400887,"MAR 04, 2025",PHI @ MIN,L,21,40,0.344,240,42,86,0.488,9,32,0.281,19,27,0.704,12,24,36,22,10,2,13,16,112,Philadelphia 76ers
1610612755,0022400876,"MAR 03, 2025",PHI vs. POR,L,21,39,0.35,240,41,95,0.432,11,35,0.314,9,13,0.692,14,29,43,27,6,3,8,15,102,Philadelphia 76ers
1610612755,0022400864,"MAR 01, 2025",PHI vs. GSW,W,21,38,0.356,240,45,85,0.529,19,33,0.576,17,28,0.607,10,30,40,27,8,3,14,19,126,Philadelphia 76ers
1610612755,0022400838,"FEB 26, 2025",PHI @ NYK,L,20,38,0.345,240,39,88,0.443,11,34,0.324,16,20,0.8,9,26,35,21,13,6,13,19,105,Philadelphia 76ers
1610612755,0022400823,"FEB 24, 2025",PHI vs. CHI,L,20,37,0.351,240,37,95,0.389,10,40,0.25,26,29,0.897,15,32,47,19,11,5,16,23,110,Philadelphia 76ers
1610612755,0022400807,"FEB 22, 2025",PHI vs. BKN,L,20,36,0.357,240,36,85,0.424,10,39,0.256,21,24,0.875,15,28,43,21,8,5,13,15,103,Philadelphia 76ers
1610612755,0022400789,"FEB 20, 2025",PHI vs. BOS,L,20,35,0.364,240,40,93,0.43,8,39,0.205,16,17,0.941,10,34,44,23,7,0,10,17,104,Philadelphia 76ers
1610612755,0022400772,"FEB 12, 2025",PHI @ BKN,L,20,34,0.37,240,35,81,0.432,8,33,0.242,18,22,0.818,9,29,38,25,10,9,14,15,96,Philadelphia 76ers
1610612755,0022400764,"FEB 11, 2025",PHI vs. TOR,L,20,33,0.377,240,37,91,0.407,9,38,0.237,20,24,0.833,14,32,46,22,10,2,14,18,103,Philadelphia 76ers
1610612755,0022400754,"FEB 09, 2025",PHI @ MIL,L,20,32,0.385,240,47,89,0.528,18,45,0.4,15,19,0.789,8,34,42,28,9,5,14,21,127,Philadelphia 76ers
1610612755,0022400738,"FEB 07, 2025",PHI @ DET,L,20,31,0.392,240,41,83,0.494,13,31,0.419,17,20,0.85,7,31,38,26,7,7,13,20,112,Philadelphia 76ers
1610612755,0022400721,"FEB 05, 2025",PHI vs. MIA,L,20,30,0.4,240,37,96,0.385,12,40,0.3,15,20,0.75,11,28,39,22,14,4,4,15,101,Philadelphia 76ers
1610612755,0022400712,"FEB 04, 2025",PHI vs. DAL,W,20,29,0.408,240,47,86,0.547,11,33,0.333,13,19,0.684,9,25,34,37,5,4,12,21,118,Philadelphia 76ers
1610612755,0022400698,"FEB 02, 2025",PHI vs. BOS,L,19,29,0.396,240,37,82,0.451,15,32,0.469,21,28,0.75,8,38,46,20,7,2,10,19,110,Philadelphia 76ers
1610612755,0022400681,"JAN 31, 2025",PHI vs. DEN,L,19,28,0.404,240,50,90,0.556,21,40,0.525,13,16,0.813,11,16,27,29,12,3,11,16,134,Philadelphia 76ers
1610612755,0022400669,"JAN 29, 2025",PHI vs. SAC,W,19,27,0.413,240,43,82,0.524,12,29,0.414,19,22,0.864,5,30,35,30,8,1,9,20,117,Philadelphia 76ers
1610612755,0022400660,"JAN 28, 2025",PHI vs. LAL,W,18,27,0.4,240,43,91,0.473,11,34,0.324,21,25,0.84,12,31,43,20,14,4,9,20,118,Philadelphia 76ers
1610612755,0022400642,"JAN 25, 2025",PHI @ CHI,W,17,27,0.386,240,42,92,0.457,13,45,0.289,12,17,0.706,6,34,40,23,10,4,8,15,109,Philadelphia 76ers
1610612755,0022400631,"JAN 24, 2025",PHI vs. CLE,W,16,27,0.372,240,44,87,0.506,21,39,0.538,23,27,0.852,16,27,43,23,9,6,18,16,132,Philadelphia 76ers
1610612755,0022400609,"JAN 21, 2025",PHI @ DEN,L,15,27,0.357,240,44,96,0.458,15,38,0.395,6,8,0.75,8,17,25,34,7,4,10,20,109,Philadelphia 76ers
1610612755,0022400594,"JAN 19, 2025",PHI @ MIL,L,15,26,0.366,240,39,86,0.453,16,45,0.356,15,22,0.682,5,33,38,26,4,4,7,25,109,Philadelphia 76ers
1610612755,0022400588,"JAN 18, 2025",PHI @ IND,L,15,25,0.375,240,38,89,0.427,10,34,0.294,16,22,0.727,10,22,32,21,8,1,9,19,102,Philadelphia 76ers
1610612755,0022400561,"JAN 15, 2025",PHI vs. NYK,L,15,24,0.385,265,46,92,0.5,13,35,0.371,14,14,1.0,11,24,35,27,8,2,12,19,119,Philadelphia 76ers
1610612755,0022400555,"JAN 14, 2025",PHI vs. OKC,L,15,23,0.395,240,37,84,0.44,13,44,0.295,15,20,0.75,11,24,35,23,10,1,21,18,102,Philadelphia 76ers
1610612755,0022400544,"JAN 12, 2025",PHI @ ORL,L,15,22,0.405,240,33,72,0.458,12,29,0.414,21,22,0.955,3,26,29,17,10,4,16,24,99,Philadelphia 76ers
1610612755,0022400527,"JAN 10, 2025",PHI vs. NOP,L,15,21,0.417,240,42,91,0.462,14,38,0.368,17,19,0.895,11,31,42,23,7,3,9,25,115,Philadelphia 76ers
1610612755,0022400512,"JAN 08, 2025",PHI vs. WAS,W,15,20,0.429,240,40,88,0.455,15,44,0.341,14,19,0.737,10,26,36,21,8,11,7,14,109,Philadelphia 76ers
1610612755,0022400494,"JAN 06, 2025",PHI vs. PHX,L,14,20,0.412,240,34,87,0.391,15,40,0.375,16,26,0.615,12,34,46,20,6,4,10,19,99,Philadelphia 76ers
1610612755,0022400478,"JAN 04, 2025",PHI @ BKN,W,14,19,0.424,240,42,82,0.512,15,40,0.375,24,30,0.8,8,42,50,31,11,2,17,17,123,Philadelphia 76ers
1610612755,0022400467,"JAN 02, 2025",PHI @ GSW,L,13,19,0.406,240,34,81,0.42,9,31,0.29,28,34,0.824,6,27,33,17,11,6,11,16,105,Philadelphia 76ers
1610612755,0022400462,"JAN 01, 2025",PHI @ SAC,L,13,18,0.419,240,40,84,0.476,15,40,0.375,12,14,0.857,8,26,34,24,10,5,18,22,107,Philadelphia 76ers
1610612755,0022400447,"DEC 30, 2024",PHI @ POR,W,13,17,0.433,240,43,75,0.573,11,24,0.458,28,31,0.903,8,24,32,20,12,3,19,27,125,Philadelphia 76ers
1610612755,0022400433,"DEC 28, 2024",PHI @ UTA,W,12,17,0.414,240,36,83,0.434,13,36,0.361,29,37,0.784,10,22,32,22,15,8,8,22,114,Philadelphia 76ers
1610612755,0022400407,"DEC 25, 2024",PHI @ BOS,W,11,17,0.393,240,41,88,0.466,17,40,0.425,19,19,1.0,5,34,39,28,10,5,6,17,118,Philadelphia 76ers
1610612755,0022400394,"DEC 23, 2024",PHI vs. SAS,W,10,17,0.37,240,39,93,0.419,16,44,0.364,17,23,0.739,9,38,47,22,11,2,9,18,111,Philadelphia 76ers
1610612755,0022400380,"DEC 21, 2024",PHI @ CLE,L,9,17,0.346,240,34,85,0.4,11,34,0.324,20,27,0.741,11,30,41,13,7,3,13,16,99,Philadelphia 76ers
1610612755,0022400373,"DEC 20, 2024",PHI vs. CHA,W,9,16,0.36,240,41,83,0.494,12,33,0.364,14,18,0.778,11,28,39,30,14,6,14,21,108,Philadelphia 76ers
1610612755,0022401222,"DEC 16, 2024",PHI @ CHA,W,8,16,0.333,240,41,80,0.513,16,38,0.421,23,30,0.767,9,33,42,21,14,4,20,20,121,Philadelphia 76ers
1610612755,0022401209,"DEC 13, 2024",PHI vs. IND,L,7,16,0.304,240,37,85,0.435,10,25,0.4,23,32,0.719,15,32,47,18,5,4,15,16,107,Philadelphia 76ers
1610612755,0022400347,"DEC 08, 2024",PHI @ CHI,W,7,15,0.318,240,43,92,0.467,9,36,0.25,13,14,0.929,10,46,56,25,8,5,15,15,108,Philadelphia 76ers
1610612755,0022400333,"DEC 06, 2024",PHI vs. ORL,W,6,15,0.286,240,38,79,0.481,7,26,0.269,19,29,0.655,10,27,37,23,11,0,15,19,102,Philadelphia 76ers
1610612755,0022400322,"DEC 04, 2024",PHI vs. ORL,L,5,15,0.25,240,40,82,0.488,11,30,0.367,11,19,0.579,10,25,35,23,9,1,14,19,102,Philadelphia 76ers
1610612755,0022400050,"DEC 03, 2024",PHI @ CHA,W,5,14,0.263,240,38,82,0.463,16,40,0.4,18,20,0.9,8,23,31,26,9,3,12,22,110,Philadelphia 76ers
1610612755,0022400301,"NOV 30, 2024",PHI @ DET,W,4,14,0.222,240,42,85,0.494,11,31,0.355,16,22,0.727,12,38,50,19,9,8,14,21,111,Philadelphia 76ers
1610612755,0022400290,"NOV 27, 2024",PHI vs. HOU,L,3,14,0.176,265,43,96,0.448,12,33,0.364,17,23,0.739,10,32,42,19,12,7,14,26,115,Philadelphia 76ers
1610612755,0022400274,"NOV 24, 2024",PHI vs. LAC,L,3,13,0.188,240,34,86,0.395,9,39,0.231,22,26,0.846,13,20,33,22,8,5,13,17,99,Philadelphia 76ers
1610612755,0022400027,"NOV 22, 2024",PHI vs. BKN,W,3,12,0.2,240,41,92,0.446,16,43,0.372,15,20,0.75,15,25,40,25,13,9,11,16,113,Philadelphia 76ers
1610612755,0022400255,"NOV 20, 2024",PHI @ MEM,L,2,12,0.143,240,39,87,0.448,11,33,0.333,22,24,0.917,14,27,41,21,12,6,14,19,111,Philadelphia 76ers
1610612755,0022400245,"NOV 18, 2024",PHI @ MIA,L,2,11,0.154,240,35,84,0.417,10,41,0.244,9,12,0.75,2,40,42,25,10,3,14,17,89,Philadelphia 76ers
1610612755,0022400010,"NOV 15, 2024",PHI @ ORL,L,2,10,0.167,240,29,72,0.403,10,31,0.323,18,21,0.857,6,28,34,19,10,3,16,23,86,Philadelphia 76ers
1610612755,0022400220,"NOV 13, 2024",PHI vs. CLE,L,2,9,0.182,240,41,92,0.446,14,43,0.326,10,11,0.909,12,33,45,24,8,2,11,13,106,Philadelphia 76ers
1610612755,0022400004,"NOV 12, 2024",PHI vs. NYK,L,2,8,0.2,240,31,83,0.373,14,42,0.333,23,24,0.958,9,31,40,19,10,6,13,20,99,Philadelphia 76ers
1610612755,0022400205,"NOV 10, 2024",PHI vs. CHA,W,2,7,0.222,265,39,84,0.464,9,33,0.273,20,26,0.769,8,32,40,24,8,1,17,23,107,Philadelphia 76ers
1610612755,0022400195,"NOV 08, 2024",PHI @ LAL,L,1,7,0.125,240,39,96,0.406,13,39,0.333,15,23,0.652,13,31,44,28,6,4,5,14,106,Philadelphia 76ers
1610612755,0022400179,"NOV 06, 2024",PHI @ LAC,L,1,6,0.143,240,40,73,0.548,7,25,0.28,11,19,0.579,10,22,32,19,10,2,20,22,98,Philadelphia 76ers
1610612755,0022400167,"NOV 04, 2024",PHI @ PHX,L,1,5,0.167,240,40,87,0.46,20,51,0.392,16,18,0.889,9,29,38,27,10,4,14,22,116,Philadelphia 76ers
1610612755,0022400142,"NOV 02, 2024",PHI vs. MEM,L,1,4,0.2,240,36,89,0.404,19,46,0.413,16,20,0.8,8,25,33,22,11,5,14,19,107,Philadelphia 76ers
1610612755,0022400120,"OCT 30, 2024",PHI vs. DET,L,1,3,0.25,240,33,79,0.418,8,28,0.286,21,28,0.75,8,29,37,17,7,4,9,21,95,Philadelphia 76ers
1610612755,0022400097,"OCT 27, 2024",PHI @ IND,W,1,2,0.333,265,42,98,0.429,11,42,0.262,23,31,0.742,20,34,54,15,9,4,19,26,118,Philadelphia 76ers
1610612755,0022400078,"OCT 25, 2024",PHI @ TOR,L,0,2,0.0,240,29,76,0.382,9,29,0.31,40,53,0.755,10,18,28,19,11,5,16,32,107,Philadelphia 76ers
1610612755,0022400066,"OCT 23, 2024",PHI vs. MIL,L,0,1,0.0,240,41,98,0.418,8,31,0.258,19,27,0.704,17,32,49,18,4,2,10,28,109,Philadelphia 76ers
1610612756,0022401200,"APR 13, 2025",PHX @ SAC,L,36,46,0.439,240,40,84,0.476,15,44,0.341,3,6,0.5,9,28,37,28,6,1,11,9,98,Phoenix Suns
1610612756,0022401182,"APR 11, 2025",PHX vs. SAS,W,36,45,0.444,240,44,95,0.463,19,47,0.404,10,11,0.909,13,39,52,27,9,10,11,9,117,Phoenix Suns
1610612756,0022401164,"APR 09, 2025",PHX vs. OKC,L,35,45,0.438,240,42,87,0.483,15,42,0.357,13,19,0.684,9,29,38,31,10,3,13,17,112,Phoenix Suns
1610612756,0022401154,"APR 08, 2025",PHX vs. GSW,L,35,44,0.443,240,35,88,0.398,12,43,0.279,13,15,0.867,13,28,41,22,12,4,19,19,95,Phoenix Suns
1610612756,0022401140,"APR 06, 2025",PHX @ NYK,L,35,43,0.449,240,39,92,0.424,4,34,0.118,16,19,0.842,15,20,35,20,11,3,12,22,98,Phoenix Suns
1610612756,0022401120,"APR 04, 2025",PHX @ BOS,L,35,42,0.455,240,41,93,0.441,12,37,0.324,9,11,0.818,11,29,40,24,7,2,6,15,103,Phoenix Suns
1610612756,0022401101,"APR 01, 2025",PHX @ MIL,L,35,41,0.461,240,44,92,0.478,18,45,0.4,17,21,0.81,15,18,33,26,6,0,13,19,123,Phoenix Suns
1610612756,0022401088,"MAR 30, 2025",PHX vs. HOU,L,35,40,0.467,240,42,87,0.483,10,32,0.313,15,17,0.882,10,29,39,25,8,5,19,21,109,Phoenix Suns
1610612756,0022401071,"MAR 28, 2025",PHX @ MIN,L,35,39,0.473,240,41,79,0.519,18,37,0.486,9,13,0.692,8,26,34,28,6,4,16,16,109,Phoenix Suns
1610612756,0022401058,"MAR 26, 2025",PHX vs. BOS,L,35,38,0.479,240,36,87,0.414,13,41,0.317,17,21,0.81,11,27,38,22,7,3,13,18,102,Phoenix Suns
1610612756,0022401043,"MAR 24, 2025",PHX vs. MIL,W,35,37,0.486,240,39,82,0.476,14,36,0.389,16,18,0.889,14,38,52,25,2,4,16,21,108,Phoenix Suns
1610612756,0022401021,"MAR 21, 2025",PHX vs. CLE,W,34,37,0.479,240,48,92,0.522,19,42,0.452,8,8,1.0,12,34,46,33,6,3,13,16,123,Phoenix Suns
1610612756,0022401007,"MAR 19, 2025",PHX vs. CHI,W,33,37,0.471,240,47,96,0.49,15,40,0.375,18,20,0.9,13,33,46,34,9,6,11,13,127,Phoenix Suns
1610612756,0022400991,"MAR 17, 2025",PHX vs. TOR,W,32,37,0.464,240,47,92,0.511,20,39,0.513,15,15,1.0,12,42,54,34,7,4,10,21,129,Phoenix Suns
1610612756,0022400977,"MAR 16, 2025",PHX @ LAL,L,31,37,0.456,240,35,89,0.393,9,41,0.22,17,21,0.81,14,37,51,25,4,4,14,27,96,Phoenix Suns
1610612756,0022400967,"MAR 14, 2025",PHX vs. SAC,W,31,36,0.463,240,41,79,0.519,24,43,0.558,16,19,0.842,7,27,34,33,12,3,11,15,122,Phoenix Suns
1610612756,0022400949,"MAR 12, 2025",PHX @ HOU,L,30,36,0.455,240,39,73,0.534,10,28,0.357,16,20,0.8,5,32,37,22,7,8,16,18,104,Phoenix Suns
1610612756,0022400935,"MAR 10, 2025",PHX @ MEM,L,30,35,0.462,240,41,90,0.456,20,38,0.526,16,22,0.727,15,31,46,31,6,2,16,22,118,Phoenix Suns
1610612756,0022400921,"MAR 09, 2025",PHX @ DAL,W,30,34,0.469,240,49,84,0.583,10,28,0.357,17,18,0.944,6,40,46,33,4,4,11,10,125,Phoenix Suns
1610612756,0022400909,"MAR 07, 2025",PHX @ DEN,L,29,34,0.46,265,51,91,0.56,16,38,0.421,23,29,0.793,7,32,39,36,6,2,11,18,141,Phoenix Suns
1610612756,0022400889,"MAR 04, 2025",PHX vs. LAC,W,29,33,0.468,240,41,80,0.513,14,34,0.412,23,27,0.852,7,30,37,31,5,3,11,20,119,Phoenix Suns
1610612756,0022400873,"MAR 02, 2025",PHX vs. MIN,L,28,33,0.459,240,35,80,0.438,13,42,0.31,15,19,0.789,10,47,57,24,2,7,20,16,98,Phoenix Suns
1610612756,0022400857,"FEB 28, 2025",PHX vs. NOP,W,28,32,0.467,240,47,79,0.595,21,40,0.525,10,13,0.769,5,30,35,35,6,3,15,18,125,Phoenix Suns
1610612756,0022400848,"FEB 27, 2025",PHX vs. NOP,L,27,32,0.458,240,44,94,0.468,20,53,0.377,8,10,0.8,14,38,52,29,4,6,10,15,116,Phoenix Suns
1610612756,0022400832,"FEB 25, 2025",PHX @ MEM,L,27,31,0.466,265,53,99,0.535,21,37,0.568,21,26,0.808,8,38,46,39,6,6,16,25,148,Phoenix Suns
1610612756,0022400816,"FEB 23, 2025",PHX @ TOR,L,27,30,0.474,240,43,85,0.506,7,28,0.25,16,22,0.727,4,33,37,22,9,7,11,19,109,Phoenix Suns
1610612756,0022400806,"FEB 22, 2025",PHX @ CHI,W,27,29,0.482,240,43,89,0.483,10,30,0.333,25,28,0.893,8,41,49,29,7,3,11,11,121,Phoenix Suns
1610612756,0022400795,"FEB 20, 2025",PHX @ SAS,L,26,29,0.473,240,38,81,0.469,16,44,0.364,17,20,0.85,5,34,39,28,6,4,18,21,109,Phoenix Suns
1610612756,0022400779,"FEB 12, 2025",PHX @ HOU,L,26,28,0.481,240,46,89,0.517,10,26,0.385,9,11,0.818,11,32,43,25,7,5,17,19,111,Phoenix Suns
1610612756,0022400767,"FEB 11, 2025",PHX vs. MEM,L,26,27,0.491,240,41,92,0.446,12,44,0.273,18,22,0.818,7,35,42,35,8,9,11,17,112,Phoenix Suns
1610612756,0022400749,"FEB 08, 2025",PHX vs. DEN,L,26,26,0.5,240,38,98,0.388,17,50,0.34,12,15,0.8,17,26,43,25,5,6,6,15,105,Phoenix Suns
1610612756,0022400740,"FEB 07, 2025",PHX vs. UTA,W,26,25,0.51,265,47,104,0.452,22,56,0.393,19,21,0.905,12,37,49,31,6,15,7,17,135,Phoenix Suns
1610612756,0022400724,"FEB 05, 2025",PHX @ OKC,L,25,25,0.5,240,33,70,0.471,14,36,0.389,29,33,0.879,3,32,35,24,3,2,18,17,109,Phoenix Suns
1610612756,0022400709,"FEB 03, 2025",PHX @ POR,L,25,24,0.51,265,40,85,0.471,15,42,0.357,24,28,0.857,10,33,43,28,12,5,14,21,119,Phoenix Suns
1610612756,0022400694,"FEB 01, 2025",PHX @ POR,L,25,23,0.521,240,38,84,0.452,10,33,0.303,22,26,0.846,11,26,37,21,5,2,18,21,108,Phoenix Suns
1610612756,0022400685,"JAN 31, 2025",PHX @ GSW,W,25,22,0.532,240,50,89,0.562,19,39,0.487,11,16,0.688,4,44,48,41,7,7,14,20,130,Phoenix Suns
1610612756,0022400672,"JAN 29, 2025",PHX vs. MIN,L,24,22,0.522,240,43,85,0.506,12,32,0.375,15,20,0.75,10,26,36,30,7,6,15,25,113,Phoenix Suns
1610612756,0022400659,"JAN 27, 2025",PHX vs. LAC,W,24,21,0.533,240,40,85,0.471,22,47,0.468,9,11,0.818,11,28,39,23,10,5,17,17,111,Phoenix Suns
1610612756,0022400645,"JAN 25, 2025",PHX vs. WAS,W,23,21,0.523,240,40,90,0.444,13,40,0.325,26,28,0.929,12,41,53,23,4,4,10,11,119,Phoenix Suns
1610612756,0022400613,"JAN 22, 2025",PHX @ BKN,W,22,21,0.512,240,42,88,0.477,14,41,0.341,10,13,0.769,11,37,48,28,9,1,11,12,108,Phoenix Suns
1610612756,0022400603,"JAN 20, 2025",PHX @ CLE,L,21,21,0.5,240,36,77,0.468,10,26,0.385,10,13,0.769,1,33,34,22,3,5,17,20,92,Phoenix Suns
1610612756,0022400586,"JAN 18, 2025",PHX @ DET,W,21,20,0.512,240,43,86,0.5,7,25,0.28,32,40,0.8,13,37,50,25,6,3,9,24,125,Phoenix Suns
1610612756,0022400573,"JAN 16, 2025",PHX @ WAS,W,20,20,0.5,240,44,85,0.518,16,33,0.485,26,31,0.839,10,37,47,33,10,4,16,23,130,Phoenix Suns
1610612756,0022400556,"JAN 14, 2025",PHX @ ATL,L,19,20,0.487,240,43,84,0.512,13,35,0.371,18,27,0.667,6,31,37,28,10,4,13,17,117,Phoenix Suns
1610612756,0022400547,"JAN 12, 2025",PHX vs. CHA,W,19,19,0.5,240,42,87,0.483,17,41,0.415,19,22,0.864,8,31,39,31,9,6,12,17,120,Phoenix Suns
1610612756,0022400533,"JAN 11, 2025",PHX vs. UTA,W,18,19,0.486,240,44,86,0.512,13,37,0.351,13,19,0.684,12,26,38,26,9,4,11,17,114,Phoenix Suns
1610612756,0022400522,"JAN 09, 2025",PHX vs. ATL,W,17,19,0.472,240,49,85,0.576,13,33,0.394,12,15,0.8,12,30,42,33,7,6,16,15,123,Phoenix Suns
1610612756,0022400502,"JAN 07, 2025",PHX @ CHA,L,16,19,0.457,240,39,92,0.424,8,33,0.242,18,19,0.947,8,34,42,27,3,4,11,23,104,Phoenix Suns
1610612756,0022400494,"JAN 06, 2025",PHX @ PHI,W,16,18,0.471,240,41,81,0.506,14,31,0.452,13,19,0.684,4,40,44,32,7,4,12,18,109,Phoenix Suns
1610612756,0022400480,"JAN 04, 2025",PHX @ IND,L,15,18,0.455,240,38,78,0.487,12,30,0.4,20,21,0.952,5,31,36,30,3,7,11,14,108,Phoenix Suns
1610612756,0022400453,"DEC 31, 2024",PHX vs. MEM,L,15,17,0.469,240,42,92,0.457,9,30,0.3,19,25,0.76,10,33,43,28,9,10,17,25,112,Phoenix Suns
1610612756,0022400431,"DEC 28, 2024",PHX @ GSW,L,15,16,0.484,240,39,92,0.424,9,35,0.257,18,22,0.818,14,32,46,21,7,12,13,13,105,Phoenix Suns
1610612756,0022400425,"DEC 27, 2024",PHX vs. DAL,L,15,15,0.5,240,32,83,0.386,13,35,0.371,12,18,0.667,12,30,42,23,11,7,13,17,89,Phoenix Suns
1610612756,0022400409,"DEC 25, 2024",PHX vs. DEN,W,15,14,0.517,240,41,88,0.466,11,36,0.306,17,20,0.85,12,30,42,31,12,4,7,17,110,Phoenix Suns
1610612756,0022400402,"DEC 23, 2024",PHX @ DEN,L,14,14,0.5,240,33,83,0.398,13,33,0.394,11,15,0.733,9,30,39,23,6,5,13,13,90,Phoenix Suns
1610612756,0022400387,"DEC 21, 2024",PHX vs. DET,L,14,13,0.519,240,45,78,0.577,14,29,0.483,21,23,0.913,6,29,35,30,9,1,19,21,125,Phoenix Suns
1610612756,0022400369,"DEC 19, 2024",PHX vs. IND,L,14,12,0.538,240,40,82,0.488,9,30,0.3,22,28,0.786,7,37,44,28,6,4,16,20,111,Phoenix Suns
1610612756,0022401219,"DEC 15, 2024",PHX vs. POR,W,14,11,0.56,240,43,89,0.483,15,39,0.385,15,19,0.789,12,34,46,23,7,2,11,13,116,Phoenix Suns
1610612756,0022401214,"DEC 13, 2024",PHX @ UTA,W,13,11,0.542,240,47,89,0.528,22,45,0.489,18,20,0.9,9,28,37,36,10,7,7,18,134,Phoenix Suns
1610612756,0022400352,"DEC 08, 2024",PHX @ ORL,L,12,11,0.522,240,39,83,0.47,13,28,0.464,19,22,0.864,9,30,39,24,7,6,19,24,110,Phoenix Suns
1610612756,0022400346,"DEC 07, 2024",PHX @ MIA,L,12,10,0.545,240,36,82,0.439,16,41,0.39,23,25,0.92,13,28,41,29,8,3,14,20,111,Phoenix Suns
1610612756,0022400330,"DEC 05, 2024",PHX @ NOP,L,12,9,0.571,240,43,85,0.506,17,45,0.378,21,26,0.808,10,36,46,32,10,3,17,15,124,Phoenix Suns
1610612756,0022400057,"DEC 03, 2024",PHX vs. SAS,W,12,8,0.6,240,38,78,0.487,11,32,0.344,17,21,0.81,2,42,44,26,10,5,12,16,104,Phoenix Suns
1610612756,0022400303,"NOV 30, 2024",PHX vs. GSW,W,11,8,0.579,240,38,79,0.481,18,35,0.514,19,22,0.864,6,39,45,31,4,9,12,13,113,Phoenix Suns
1610612756,0022400297,"NOV 27, 2024",PHX vs. BKN,L,10,8,0.556,240,41,77,0.532,12,31,0.387,23,28,0.821,3,34,37,25,7,5,17,26,117,Phoenix Suns
1610612756,0022400039,"NOV 26, 2024",PHX vs. LAL,W,10,7,0.588,240,51,99,0.515,17,42,0.405,8,10,0.8,8,38,46,31,9,3,9,18,127,Phoenix Suns
1610612756,0022400257,"NOV 20, 2024",PHX vs. NYK,L,9,7,0.563,240,45,92,0.489,19,50,0.38,13,17,0.765,11,23,34,30,9,2,14,16,122,Phoenix Suns
1610612756,0022400249,"NOV 18, 2024",PHX vs. ORL,L,9,6,0.6,240,35,83,0.422,12,41,0.293,17,25,0.68,16,29,45,25,5,2,13,21,99,Phoenix Suns
1610612756,0022400234,"NOV 17, 2024",PHX @ MIN,L,9,5,0.643,240,46,85,0.541,14,31,0.452,11,15,0.733,12,29,41,29,9,2,19,26,117,Phoenix Suns
1610612756,0022400018,"NOV 15, 2024",PHX @ OKC,L,9,4,0.692,240,22,75,0.293,9,37,0.243,30,40,0.75,11,39,50,17,6,4,14,20,83,Phoenix Suns
1610612756,0022400227,"NOV 13, 2024",PHX @ SAC,L,9,3,0.75,240,36,97,0.371,13,43,0.302,19,26,0.731,19,21,40,23,12,2,10,12,104,Phoenix Suns
1610612756,0022400006,"NOV 12, 2024",PHX @ UTA,W,9,2,0.818,240,43,86,0.5,18,39,0.462,16,22,0.727,10,32,42,21,6,11,8,11,120,Phoenix Suns
1610612756,0022400209,"NOV 10, 2024",PHX vs. SAC,L,8,2,0.8,265,44,105,0.419,18,57,0.316,12,15,0.8,8,40,48,30,11,3,11,19,118,Phoenix Suns
1610612756,0022400190,"NOV 08, 2024",PHX @ DAL,W,8,1,0.889,240,43,86,0.5,15,39,0.385,13,18,0.722,11,26,37,26,6,2,8,18,114,Phoenix Suns
1610612756,0022400178,"NOV 06, 2024",PHX vs. MIA,W,7,1,0.875,240,42,84,0.5,18,43,0.419,13,18,0.722,10,36,46,29,5,6,16,14,115,Phoenix Suns
1610612756,0022400167,"NOV 04, 2024",PHX vs. PHI,W,6,1,0.857,240,42,82,0.512,11,32,0.344,23,26,0.885,9,34,43,24,6,4,14,16,118,Phoenix Suns
1610612756,0022400149,"NOV 02, 2024",PHX vs. POR,W,5,1,0.833,240,35,93,0.376,17,52,0.327,16,22,0.727,13,50,63,29,4,8,12,10,103,Phoenix Suns
1610612756,0022400131,"OCT 31, 2024",PHX @ LAC,W,4,1,0.8,240,42,82,0.512,18,39,0.462,23,28,0.821,8,31,39,29,12,4,12,20,125,Phoenix Suns
1610612756,0022400111,"OCT 28, 2024",PHX vs. LAL,W,3,1,0.75,240,40,87,0.46,11,36,0.306,18,20,0.9,9,37,46,21,7,11,10,22,109,Phoenix Suns
1610612756,0022400095,"OCT 26, 2024",PHX vs. DAL,W,2,1,0.667,240,36,80,0.45,14,39,0.359,28,37,0.757,7,40,47,26,3,4,11,17,114,Phoenix Suns
1610612756,0022400085,"OCT 25, 2024",PHX @ LAL,L,1,1,0.5,240,42,82,0.512,17,37,0.459,15,17,0.882,5,29,34,35,8,4,16,26,116,Phoenix Suns
1610612756,0022400071,"OCT 23, 2024",PHX @ LAC,W,1,0,1.0,265,38,78,0.487,15,38,0.395,25,34,0.735,4,38,42,25,12,9,22,23,116,Phoenix Suns
1610612757,0022401199,"APR 13, 2025",POR vs. LAL,W,36,46,0.439,240,42,96,0.438,15,42,0.357,10,21,0.476,27,29,56,27,7,6,14,16,109,Portland Trail Blazers
1610612757,0022401183,"APR 11, 2025",POR vs. GSW,L,35,46,0.432,240,32,85,0.376,6,30,0.2,16,22,0.727,13,39,52,21,9,5,22,20,86,Portland Trail Blazers
1610612757,0022401162,"APR 09, 2025",POR @ UTA,L,35,45,0.438,265,48,104,0.462,11,45,0.244,19,28,0.679,14,29,43,27,13,5,16,23,126,Portland Trail Blazers
1610612757,0022401139,"APR 06, 2025",POR vs. SAS,W,35,44,0.443,240,42,89,0.472,15,41,0.366,21,27,0.778,8,36,44,25,10,5,15,20,120,Portland Trail Blazers
1610612757,0022401122,"APR 04, 2025",POR @ CHI,L,34,44,0.436,240,44,115,0.383,11,42,0.262,14,18,0.778,19,35,54,23,7,5,5,21,113,Portland Trail Blazers
1610612757,0022401116,"APR 03, 2025",POR @ TOR,W,34,43,0.442,240,42,86,0.488,10,34,0.294,18,20,0.9,17,37,54,20,10,6,20,13,112,Portland Trail Blazers
1610612757,0022401097,"APR 01, 2025",POR @ ATL,W,33,43,0.434,240,47,103,0.456,13,41,0.317,20,27,0.741,19,35,54,30,13,5,17,18,127,Portland Trail Blazers
1610612757,0022401082,"MAR 30, 2025",POR @ NYK,L,32,43,0.427,240,38,87,0.437,9,36,0.25,8,14,0.571,13,26,39,19,9,4,14,12,93,Portland Trail Blazers
1610612757,0022401066,"MAR 27, 2025",POR @ SAC,L,32,42,0.432,240,35,88,0.398,16,50,0.32,21,26,0.808,15,17,32,23,11,3,10,20,107,Portland Trail Blazers
1610612757,0022401051,"MAR 25, 2025",POR vs. CLE,L,32,41,0.438,240,40,100,0.4,17,52,0.327,14,22,0.636,19,26,45,28,9,3,9,15,111,Portland Trail Blazers
1610612757,0022401034,"MAR 23, 2025",POR vs. BOS,L,32,40,0.444,240,43,88,0.489,19,47,0.404,11,16,0.688,11,27,38,24,6,3,12,11,116,Portland Trail Blazers
1610612757,0022401022,"MAR 21, 2025",POR vs. DEN,W,32,39,0.451,240,47,87,0.54,14,35,0.4,20,25,0.8,15,23,38,30,12,6,17,18,128,Portland Trail Blazers
1610612757,0022401008,"MAR 19, 2025",POR vs. MEM,W,31,39,0.443,240,40,96,0.417,18,46,0.391,17,21,0.81,22,43,65,25,3,6,17,17,115,Portland Trail Blazers
1610612757,0022400995,"MAR 17, 2025",POR vs. WAS,W,30,39,0.435,240,42,99,0.424,15,46,0.326,13,19,0.684,14,36,50,25,15,3,8,10,112,Portland Trail Blazers
1610612757,0022400980,"MAR 16, 2025",POR vs. TOR,W,29,39,0.426,240,36,88,0.409,18,50,0.36,15,18,0.833,19,32,51,21,10,7,20,20,105,Portland Trail Blazers
1610612757,0022400953,"MAR 12, 2025",POR vs. NYK,L,28,39,0.418,265,40,90,0.444,17,42,0.405,16,25,0.64,21,31,52,20,6,6,23,18,113,Portland Trail Blazers
1610612757,0022400938,"MAR 10, 2025",POR @ GSW,L,28,38,0.424,240,44,91,0.484,18,42,0.429,14,17,0.824,15,28,43,31,9,5,19,13,120,Portland Trail Blazers
1610612757,0022400926,"MAR 09, 2025",POR vs. DET,L,28,37,0.431,240,36,93,0.387,15,50,0.3,25,32,0.781,10,31,41,17,7,4,12,27,112,Portland Trail Blazers
1610612757,0022400908,"MAR 07, 2025",POR @ OKC,L,28,36,0.438,240,33,95,0.347,8,43,0.186,15,18,0.833,14,39,53,15,6,4,17,16,89,Portland Trail Blazers
1610612757,0022400891,"MAR 05, 2025",POR @ BOS,L,28,35,0.444,240,45,90,0.5,16,40,0.4,12,17,0.706,8,31,39,19,4,3,8,16,118,Portland Trail Blazers
1610612757,0022400876,"MAR 03, 2025",POR @ PHI,W,28,34,0.452,240,48,99,0.485,11,35,0.314,12,19,0.632,22,39,61,26,6,6,10,13,119,Portland Trail Blazers
1610612757,0022400867,"MAR 02, 2025",POR @ CLE,L,27,34,0.443,265,42,96,0.438,14,40,0.35,31,35,0.886,13,33,46,25,8,1,19,26,129,Portland Trail Blazers
1610612757,0022400853,"FEB 28, 2025",POR @ BKN,W,27,33,0.45,240,45,78,0.577,15,36,0.417,16,27,0.593,9,27,36,31,11,4,20,20,121,Portland Trail Blazers
1610612757,0022400839,"FEB 26, 2025",POR @ WAS,W,26,33,0.441,240,45,101,0.446,12,37,0.324,27,35,0.771,17,29,46,27,11,4,15,28,129,Portland Trail Blazers
1610612757,0022400827,"FEB 24, 2025",POR @ UTA,W,25,33,0.431,240,41,98,0.418,14,44,0.318,18,24,0.75,16,35,51,26,7,6,13,16,114,Portland Trail Blazers
1610612757,0022400810,"FEB 22, 2025",POR vs. CHA,W,24,33,0.421,240,51,87,0.586,20,43,0.465,19,27,0.704,11,46,57,37,11,7,18,22,141,Portland Trail Blazers
1610612757,0022400796,"FEB 20, 2025",POR vs. LAL,L,23,33,0.411,240,38,86,0.442,12,37,0.324,14,21,0.667,6,27,33,27,16,7,17,24,102,Portland Trail Blazers
1610612757,0022400780,"FEB 12, 2025",POR @ DEN,L,23,32,0.418,240,43,94,0.457,14,38,0.368,21,29,0.724,14,31,45,27,7,6,11,19,121,Portland Trail Blazers
1610612757,0022400763,"FEB 10, 2025",POR @ DEN,L,23,31,0.426,240,40,88,0.455,15,37,0.405,22,26,0.846,10,23,33,25,4,4,16,20,117,Portland Trail Blazers
1610612757,0022400747,"FEB 08, 2025",POR @ MIN,L,23,30,0.434,240,37,92,0.402,7,35,0.2,17,22,0.773,16,29,45,18,11,6,17,24,98,Portland Trail Blazers
1610612757,0022400732,"FEB 06, 2025",POR vs. SAC,W,23,29,0.442,240,39,90,0.433,16,40,0.4,14,18,0.778,10,37,47,25,5,7,13,18,108,Portland Trail Blazers
1610612757,0022400716,"FEB 04, 2025",POR vs. IND,W,22,29,0.431,240,41,92,0.446,14,37,0.378,16,17,0.941,16,35,51,23,8,4,18,17,112,Portland Trail Blazers
1610612757,0022400709,"FEB 03, 2025",POR vs. PHX,W,21,29,0.42,265,40,89,0.449,16,40,0.4,25,30,0.833,14,34,48,30,6,2,12,21,121,Portland Trail Blazers
1610612757,0022400694,"FEB 01, 2025",POR vs. PHX,W,20,29,0.408,240,46,89,0.517,9,31,0.29,26,31,0.839,10,33,43,24,11,5,9,20,127,Portland Trail Blazers
1610612757,0022400678,"JAN 30, 2025",POR vs. ORL,W,19,29,0.396,240,41,78,0.526,12,25,0.48,25,31,0.806,9,29,38,23,7,5,12,18,119,Portland Trail Blazers
1610612757,0022400662,"JAN 28, 2025",POR vs. MIL,W,18,29,0.383,240,45,88,0.511,12,28,0.429,23,28,0.821,17,35,52,26,6,2,13,18,125,Portland Trail Blazers
1610612757,0022400647,"JAN 26, 2025",POR vs. OKC,L,17,29,0.37,240,33,81,0.407,18,40,0.45,24,28,0.857,13,31,44,21,2,6,15,27,108,Portland Trail Blazers
1610612757,0022400630,"JAN 24, 2025",POR @ CHA,W,17,28,0.378,240,32,79,0.405,11,38,0.289,27,39,0.692,15,32,47,17,12,6,16,21,102,Portland Trail Blazers
1610612757,0022400622,"JAN 23, 2025",POR @ ORL,W,16,28,0.364,240,40,82,0.488,9,28,0.321,12,19,0.632,8,34,42,23,14,12,13,21,101,Portland Trail Blazers
1610612757,0022400607,"JAN 21, 2025",POR @ MIA,W,15,28,0.349,240,43,87,0.494,15,43,0.349,15,23,0.652,11,36,47,25,3,5,6,13,116,Portland Trail Blazers
1610612757,0022400597,"JAN 19, 2025",POR vs. CHI,W,14,28,0.333,240,42,89,0.472,9,31,0.29,20,25,0.8,14,36,50,21,7,6,17,19,113,Portland Trail Blazers
1610612757,0022400591,"JAN 18, 2025",POR vs. HOU,L,13,28,0.317,240,39,86,0.453,12,36,0.333,13,18,0.722,8,32,40,28,6,10,19,24,103,Portland Trail Blazers
1610612757,0022400575,"JAN 16, 2025",POR vs. LAC,L,13,27,0.325,240,34,91,0.374,9,34,0.265,12,13,0.923,14,23,37,24,9,1,16,17,89,Portland Trail Blazers
1610612757,0022400560,"JAN 14, 2025",POR vs. BKN,L,13,26,0.333,240,39,86,0.453,17,38,0.447,19,24,0.792,13,25,38,20,8,3,17,16,114,Portland Trail Blazers
1610612757,0022400536,"JAN 11, 2025",POR vs. MIA,L,13,25,0.342,240,36,95,0.379,13,45,0.289,13,19,0.684,16,35,51,24,6,6,16,15,98,Portland Trail Blazers
1610612757,0022400521,"JAN 09, 2025",POR @ DAL,L,13,24,0.351,240,39,93,0.419,16,36,0.444,17,20,0.85,14,29,43,24,6,7,12,22,111,Portland Trail Blazers
1610612757,0022400514,"JAN 08, 2025",POR @ NOP,W,13,23,0.361,240,48,88,0.545,13,36,0.361,10,13,0.769,15,29,44,24,11,7,13,14,119,Portland Trail Blazers
1610612757,0022400493,"JAN 06, 2025",POR @ DET,L,12,23,0.343,240,48,90,0.533,16,35,0.457,3,5,0.6,7,31,38,32,6,4,16,18,115,Portland Trail Blazers
1610612757,0022400483,"JAN 04, 2025",POR @ MIL,W,12,22,0.353,240,41,85,0.482,13,36,0.361,10,13,0.769,8,47,55,21,7,3,17,9,105,Portland Trail Blazers
1610612757,0022400468,"JAN 02, 2025",POR @ LAL,L,11,22,0.333,240,40,80,0.5,9,26,0.346,17,21,0.81,8,34,42,24,6,4,18,15,106,Portland Trail Blazers
1610612757,0022400447,"DEC 30, 2024",POR vs. PHI,L,11,21,0.344,240,37,77,0.481,8,36,0.222,21,30,0.7,12,21,33,23,8,4,24,26,103,Portland Trail Blazers
1610612757,0022400434,"DEC 28, 2024",POR vs. DAL,W,11,20,0.355,240,46,92,0.5,11,26,0.423,23,29,0.793,14,36,50,27,8,7,14,19,126,Portland Trail Blazers
1610612757,0022400417,"DEC 26, 2024",POR vs. UTA,W,10,20,0.333,240,45,89,0.506,15,38,0.395,17,22,0.773,9,34,43,26,10,8,11,20,122,Portland Trail Blazers
1610612757,0022400401,"DEC 23, 2024",POR @ DAL,L,9,20,0.31,240,43,93,0.462,8,29,0.276,14,19,0.737,16,32,48,23,6,1,18,25,108,Portland Trail Blazers
1610612757,0022400386,"DEC 21, 2024",POR @ SAS,L,9,19,0.321,240,38,96,0.396,12,43,0.279,6,9,0.667,11,33,44,21,8,3,13,15,94,Portland Trail Blazers
1610612757,0022400371,"DEC 19, 2024",POR vs. DEN,W,9,18,0.333,240,45,97,0.464,16,46,0.348,20,24,0.833,15,30,45,29,7,7,10,18,126,Portland Trail Blazers
1610612757,0022401219,"DEC 15, 2024",POR @ PHX,L,8,18,0.308,240,42,94,0.447,15,49,0.306,10,13,0.769,12,36,48,30,6,4,13,22,109,Portland Trail Blazers
1610612757,0022401215,"DEC 13, 2024",POR vs. SAS,L,8,17,0.32,240,42,82,0.512,16,41,0.39,16,17,0.941,8,28,36,25,9,5,13,22,116,Portland Trail Blazers
1610612757,0022400358,"DEC 08, 2024",POR @ LAL,L,8,16,0.333,240,35,84,0.417,9,36,0.25,19,21,0.905,12,37,49,17,4,3,17,19,98,Portland Trail Blazers
1610612757,0022400339,"DEC 06, 2024",POR vs. UTA,L,8,15,0.348,240,37,95,0.389,14,47,0.298,11,17,0.647,6,28,34,23,4,7,10,22,99,Portland Trail Blazers
1610612757,0022400060,"DEC 03, 2024",POR @ LAC,L,8,14,0.364,240,41,80,0.513,10,29,0.345,13,16,0.813,11,18,29,25,6,4,15,15,105,Portland Trail Blazers
1610612757,0022400312,"DEC 01, 2024",POR vs. DAL,L,8,13,0.381,240,49,84,0.583,18,31,0.581,15,18,0.833,10,29,39,29,7,0,21,25,131,Portland Trail Blazers
1610612757,0022400049,"NOV 29, 2024",POR vs. SAC,W,8,12,0.4,240,46,90,0.511,11,37,0.297,12,15,0.8,8,32,40,27,10,3,11,17,115,Portland Trail Blazers
1610612757,0022400288,"NOV 27, 2024",POR @ IND,L,7,12,0.368,240,44,87,0.506,16,35,0.457,10,17,0.588,13,25,38,31,6,5,14,18,114,Portland Trail Blazers
1610612757,0022400282,"NOV 25, 2024",POR @ MEM,L,7,11,0.389,240,34,102,0.333,8,46,0.174,22,28,0.786,19,25,44,22,10,7,11,21,98,Portland Trail Blazers
1610612757,0022400267,"NOV 23, 2024",POR @ HOU,W,7,10,0.412,240,34,90,0.378,18,44,0.409,18,23,0.783,16,37,53,16,5,12,16,26,104,Portland Trail Blazers
1610612757,0022400031,"NOV 22, 2024",POR @ HOU,L,6,10,0.375,240,30,91,0.33,11,43,0.256,17,22,0.773,13,32,45,17,9,8,20,20,88,Portland Trail Blazers
1610612757,0022400256,"NOV 20, 2024",POR @ OKC,L,6,9,0.4,240,32,79,0.405,15,38,0.395,20,28,0.714,16,33,49,18,6,7,22,20,99,Portland Trail Blazers
1610612757,0022400239,"NOV 17, 2024",POR vs. ATL,W,6,8,0.429,240,44,95,0.463,14,38,0.368,12,19,0.632,18,22,40,31,16,10,20,21,114,Portland Trail Blazers
1610612757,0022400226,"NOV 13, 2024",POR vs. MIN,W,5,8,0.385,240,38,83,0.458,9,25,0.36,21,23,0.913,11,36,47,17,10,10,19,18,106,Portland Trail Blazers
1610612757,0022400008,"NOV 12, 2024",POR vs. MIN,W,4,8,0.333,240,43,84,0.512,18,32,0.563,18,20,0.9,11,28,39,30,14,7,19,23,122,Portland Trail Blazers
1610612757,0022400210,"NOV 10, 2024",POR vs. MEM,L,3,8,0.273,240,34,100,0.34,4,42,0.095,17,21,0.81,16,27,43,18,9,3,23,21,89,Portland Trail Blazers
1610612757,0022400193,"NOV 08, 2024",POR @ MIN,L,3,7,0.3,240,39,91,0.429,6,25,0.24,18,24,0.75,12,25,37,13,11,7,16,17,102,Portland Trail Blazers
1610612757,0022400183,"NOV 07, 2024",POR @ SAS,L,3,6,0.333,240,41,86,0.477,9,32,0.281,14,22,0.636,14,27,41,23,7,3,14,14,105,Portland Trail Blazers
1610612757,0022400164,"NOV 04, 2024",POR @ NOP,W,3,5,0.375,240,46,84,0.548,10,29,0.345,16,24,0.667,11,27,38,21,10,5,11,15,118,Portland Trail Blazers
1610612757,0022400149,"NOV 02, 2024",POR @ PHX,L,2,5,0.286,240,37,111,0.333,14,43,0.326,9,11,0.818,14,42,56,17,10,5,6,18,97,Portland Trail Blazers
1610612757,0022400140,"NOV 01, 2024",POR vs. OKC,L,2,4,0.333,240,39,83,0.47,15,35,0.429,21,31,0.677,11,25,36,27,8,5,19,17,114,Portland Trail Blazers
1610612757,0022400127,"OCT 30, 2024",POR @ LAC,W,2,3,0.4,240,41,92,0.446,14,33,0.424,10,12,0.833,12,35,47,19,9,6,12,18,106,Portland Trail Blazers
1610612757,0022400112,"OCT 28, 2024",POR @ SAC,L,1,3,0.25,240,35,83,0.422,4,22,0.182,24,30,0.8,12,34,46,17,5,4,17,22,98,Portland Trail Blazers
1610612757,0022400099,"OCT 27, 2024",POR vs. NOP,W,1,2,0.333,240,43,93,0.462,14,35,0.4,25,32,0.781,22,29,51,25,9,8,16,21,125,Portland Trail Blazers
1610612757,0022400086,"OCT 25, 2024",POR vs. NOP,L,0,2,0.0,240,37,90,0.411,13,37,0.351,16,20,0.8,10,38,48,26,7,11,19,22,103,Portland Trail Blazers
1610612757,0022400072,"OCT 23, 2024",POR vs. GSW,L,0,1,0.0,240,36,92,0.391,8,34,0.235,24,30,0.8,13,29,42,21,10,4,17,22,104,Portland Trail Blazers
1610612758,0022401200,"APR 13, 2025",SAC vs. PHX,W,40,42,0.488,240,46,88,0.523,14,34,0.412,3,3,1.0,10,33,43,31,6,4,11,7,109,Sacramento Kings
1610612758,0022401184,"APR 11, 2025",SAC vs. LAC,L,39,42,0.481,240,37,85,0.435,10,31,0.323,16,17,0.941,11,32,43,23,5,1,11,18,100,Sacramento Kings
1610612758,0022401165,"APR 09, 2025",SAC vs. DEN,L,39,41,0.488,240,43,92,0.467,16,36,0.444,14,17,0.824,11,29,40,25,2,5,8,22,116,Sacramento Kings
1610612758,0022401144,"APR 07, 2025",SAC @ DET,W,39,40,0.494,240,47,91,0.516,11,27,0.407,22,27,0.815,18,32,50,20,5,4,10,21,127,Sacramento Kings
1610612758,0022401138,"APR 06, 2025",SAC @ CLE,W,38,40,0.487,240,44,82,0.537,14,33,0.424,18,22,0.818,8,31,39,25,10,3,14,14,120,Sacramento Kings
1610612758,0022401118,"APR 04, 2025",SAC @ CHA,W,37,40,0.481,240,45,91,0.495,16,36,0.444,19,23,0.826,10,34,44,26,4,3,6,28,125,Sacramento Kings
1610612758,0022401105,"APR 02, 2025",SAC @ WAS,L,36,40,0.474,240,40,95,0.421,10,39,0.256,21,28,0.75,17,31,48,25,10,3,11,16,111,Sacramento Kings
1610612758,0022401090,"MAR 31, 2025",SAC @ IND,L,36,39,0.48,240,43,92,0.467,12,27,0.444,11,17,0.647,6,39,45,22,7,2,11,18,109,Sacramento Kings
1610612758,0022401074,"MAR 29, 2025",SAC @ ORL,L,36,38,0.486,240,34,81,0.42,7,28,0.25,16,20,0.8,9,32,41,17,6,6,16,21,91,Sacramento Kings
1610612758,0022401066,"MAR 27, 2025",SAC vs. POR,W,36,37,0.493,240,48,74,0.649,10,27,0.37,22,27,0.815,9,37,46,24,8,3,20,23,128,Sacramento Kings
1610612758,0022401052,"MAR 25, 2025",SAC vs. OKC,L,35,37,0.486,240,37,91,0.407,23,47,0.489,8,12,0.667,5,31,36,32,10,7,11,15,105,Sacramento Kings
1610612758,0022401044,"MAR 24, 2025",SAC vs. BOS,L,35,36,0.493,240,39,86,0.453,8,24,0.333,9,11,0.818,8,37,45,23,7,1,14,18,95,Sacramento Kings
1610612758,0022401027,"MAR 22, 2025",SAC vs. MIL,L,35,35,0.5,240,41,91,0.451,9,38,0.237,17,22,0.773,14,30,44,21,4,2,8,17,108,Sacramento Kings
1610612758,0022401013,"MAR 20, 2025",SAC vs. CHI,L,35,34,0.507,240,41,86,0.477,15,39,0.385,19,23,0.826,9,27,36,27,4,5,11,22,116,Sacramento Kings
1610612758,0022401009,"MAR 19, 2025",SAC vs. CLE,W,35,33,0.515,240,46,91,0.505,16,35,0.457,15,16,0.938,14,27,41,28,9,1,11,20,123,Sacramento Kings
1610612758,0022400992,"MAR 17, 2025",SAC vs. MEM,W,34,33,0.507,240,46,88,0.523,20,41,0.488,20,30,0.667,10,28,38,35,11,7,12,21,132,Sacramento Kings
1610612758,0022400967,"MAR 14, 2025",SAC @ PHX,L,33,33,0.5,240,40,81,0.494,8,32,0.25,18,20,0.9,12,28,40,25,7,1,19,18,106,Sacramento Kings
1610612758,0022400957,"MAR 13, 2025",SAC @ GSW,L,33,32,0.508,240,37,79,0.468,14,37,0.378,16,22,0.727,5,25,30,25,7,4,14,15,104,Sacramento Kings
1610612758,0022400939,"MAR 10, 2025",SAC vs. NYK,L,33,31,0.516,240,36,86,0.419,10,34,0.294,22,26,0.846,14,23,37,18,7,4,16,20,104,Sacramento Kings
1610612758,0022400927,"MAR 09, 2025",SAC @ LAC,L,33,30,0.524,265,40,87,0.46,9,34,0.265,21,25,0.84,8,40,48,27,6,1,8,19,110,Sacramento Kings
1610612758,0022400910,"MAR 07, 2025",SAC vs. SAS,W,33,29,0.532,240,49,96,0.51,17,38,0.447,12,19,0.632,16,35,51,31,6,4,8,16,127,Sacramento Kings
1610612758,0022400896,"MAR 05, 2025",SAC @ DEN,L,32,29,0.525,240,44,96,0.458,11,27,0.407,11,14,0.786,14,31,45,22,8,6,12,20,110,Sacramento Kings
1610612758,0022400880,"MAR 03, 2025",SAC @ DAL,W,32,28,0.533,240,47,90,0.522,16,34,0.471,12,12,1.0,9,28,37,34,4,4,7,16,122,Sacramento Kings
1610612758,0022400862,"MAR 01, 2025",SAC @ HOU,W,31,28,0.525,240,44,87,0.506,9,28,0.321,16,21,0.762,13,33,46,21,13,5,13,17,113,Sacramento Kings
1610612758,0022400843,"FEB 26, 2025",SAC @ UTA,W,30,28,0.517,240,46,87,0.529,15,36,0.417,11,12,0.917,7,40,47,28,6,7,12,13,118,Sacramento Kings
1610612758,0022400828,"FEB 24, 2025",SAC vs. CHA,W,29,28,0.509,240,47,87,0.54,20,38,0.526,16,18,0.889,11,38,49,30,12,4,18,18,130,Sacramento Kings
1610612758,0022400805,"FEB 21, 2025",SAC vs. GSW,L,28,28,0.5,240,40,79,0.506,11,32,0.344,17,18,0.944,11,28,39,26,8,3,21,16,108,Sacramento Kings
1610612758,0022400785,"FEB 13, 2025",SAC @ NOP,L,28,27,0.509,265,49,112,0.438,17,47,0.362,18,21,0.857,21,37,58,38,8,1,14,19,133,Sacramento Kings
1610612758,0022400777,"FEB 12, 2025",SAC @ NOP,W,28,26,0.519,240,41,87,0.471,16,45,0.356,21,29,0.724,12,36,48,28,4,7,11,16,119,Sacramento Kings
1610612758,0022400762,"FEB 10, 2025",SAC @ DAL,W,27,26,0.509,265,53,96,0.552,9,26,0.346,14,19,0.737,13,37,50,28,3,3,20,22,129,Sacramento Kings
1610612758,0022400750,"FEB 08, 2025",SAC vs. NOP,W,26,26,0.5,240,43,91,0.473,11,41,0.268,26,33,0.788,11,40,51,24,10,7,18,22,123,Sacramento Kings
1610612758,0022400732,"FEB 06, 2025",SAC @ POR,L,25,26,0.49,240,37,88,0.42,10,30,0.333,18,22,0.818,11,36,47,21,8,6,10,20,102,Sacramento Kings
1610612758,0022400727,"FEB 05, 2025",SAC vs. ORL,L,25,25,0.5,240,40,80,0.5,10,27,0.37,21,28,0.75,14,23,37,23,6,4,17,14,111,Sacramento Kings
1610612758,0022400704,"FEB 03, 2025",SAC @ MIN,W,25,24,0.51,240,45,92,0.489,10,24,0.417,16,20,0.8,11,36,47,23,7,6,10,16,116,Sacramento Kings
1610612758,0022400691,"FEB 01, 2025",SAC @ OKC,L,24,24,0.5,240,40,100,0.4,11,44,0.25,19,26,0.731,9,28,37,25,8,5,7,10,110,Sacramento Kings
1610612758,0022400669,"JAN 29, 2025",SAC @ PHI,L,24,23,0.511,240,40,90,0.444,10,41,0.244,14,17,0.824,14,32,46,34,5,1,12,16,104,Sacramento Kings
1610612758,0022400651,"JAN 27, 2025",SAC @ BKN,W,24,22,0.522,240,45,82,0.549,9,28,0.321,11,17,0.647,11,33,44,31,7,4,17,24,110,Sacramento Kings
1610612758,0022400641,"JAN 25, 2025",SAC @ NYK,L,23,22,0.511,240,46,95,0.484,14,36,0.389,14,16,0.875,9,29,38,33,5,5,12,19,120,Sacramento Kings
1610612758,0022400626,"JAN 23, 2025",SAC @ DEN,L,23,21,0.523,240,47,107,0.439,15,41,0.366,14,19,0.737,17,36,53,31,5,3,13,20,123,Sacramento Kings
1610612758,0022400619,"JAN 22, 2025",SAC vs. GSW,W,23,20,0.535,240,41,81,0.506,11,30,0.367,30,32,0.938,5,33,38,24,9,7,8,14,123,Sacramento Kings
1610612758,0022400598,"JAN 19, 2025",SAC vs. WAS,W,22,20,0.524,240,46,95,0.484,12,39,0.308,19,24,0.792,10,41,51,28,12,4,11,20,123,Sacramento Kings
1610612758,0022400576,"JAN 16, 2025",SAC vs. HOU,W,21,20,0.512,240,49,98,0.5,14,33,0.424,20,22,0.909,12,32,44,32,5,3,12,15,132,Sacramento Kings
1610612758,0022400558,"JAN 14, 2025",SAC @ MIL,L,20,20,0.5,240,42,95,0.442,17,42,0.405,14,18,0.778,9,36,45,25,4,5,9,16,115,Sacramento Kings
1610612758,0022400541,"JAN 12, 2025",SAC @ CHI,W,20,19,0.513,240,47,95,0.495,13,39,0.333,17,21,0.81,11,42,53,33,4,3,8,14,124,Sacramento Kings
1610612758,0022400528,"JAN 10, 2025",SAC @ BOS,W,19,19,0.5,240,44,102,0.431,18,47,0.383,8,9,0.889,16,40,56,26,11,8,9,18,114,Sacramento Kings
1610612758,0022400501,"JAN 06, 2025",SAC vs. MIA,W,18,19,0.486,290,45,108,0.417,13,38,0.342,20,26,0.769,18,42,60,30,7,8,15,20,123,Sacramento Kings
1610612758,0022400492,"JAN 05, 2025",SAC @ GSW,W,17,19,0.472,240,45,87,0.517,19,43,0.442,20,22,0.909,10,33,43,31,15,3,15,19,129,Sacramento Kings
1610612758,0022400476,"JAN 03, 2025",SAC vs. MEM,W,16,19,0.457,240,49,99,0.495,21,47,0.447,19,23,0.826,10,27,37,32,10,8,9,23,138,Sacramento Kings
1610612758,0022400462,"JAN 01, 2025",SAC vs. PHI,W,15,19,0.441,240,41,84,0.488,9,31,0.29,22,24,0.917,14,31,45,24,11,4,17,14,113,Sacramento Kings
1610612758,0022400448,"DEC 30, 2024",SAC vs. DAL,W,14,19,0.424,240,42,100,0.42,10,32,0.313,16,19,0.842,18,40,58,25,8,1,15,23,110,Sacramento Kings
1610612758,0022400435,"DEC 28, 2024",SAC @ LAL,L,13,19,0.406,240,50,98,0.51,11,40,0.275,11,15,0.733,13,26,39,38,7,2,9,26,122,Sacramento Kings
1610612758,0022400418,"DEC 26, 2024",SAC vs. DET,L,13,18,0.419,240,39,82,0.476,14,39,0.359,21,26,0.808,8,36,44,20,3,6,14,20,113,Sacramento Kings
1610612758,0022400389,"DEC 22, 2024",SAC vs. IND,L,13,17,0.433,240,35,96,0.365,12,38,0.316,13,17,0.765,15,32,47,21,3,3,10,11,95,Sacramento Kings
1610612758,0022400376,"DEC 21, 2024",SAC vs. LAL,L,13,16,0.448,240,39,90,0.433,10,37,0.27,11,14,0.786,11,35,46,25,10,1,13,20,99,Sacramento Kings
1610612758,0022400372,"DEC 19, 2024",SAC vs. LAL,L,13,15,0.464,240,37,82,0.451,11,29,0.379,15,22,0.682,4,39,43,27,7,6,15,20,100,Sacramento Kings
1610612758,0022401225,"DEC 16, 2024",SAC vs. DEN,L,13,14,0.481,240,49,102,0.48,12,35,0.343,19,20,0.95,11,31,42,28,10,9,11,23,129,Sacramento Kings
1610612758,0022401207,"DEC 12, 2024",SAC @ NOP,W,13,13,0.5,240,37,92,0.402,10,33,0.303,27,29,0.931,17,33,50,24,12,2,11,19,111,Sacramento Kings
1610612758,0022400357,"DEC 08, 2024",SAC vs. UTA,W,12,13,0.48,240,57,100,0.57,22,44,0.5,5,8,0.625,9,34,43,39,10,7,8,17,141,Sacramento Kings
1610612758,0022400337,"DEC 06, 2024",SAC @ SAS,W,11,13,0.458,240,51,90,0.567,16,34,0.471,22,24,0.917,7,37,44,33,7,6,11,20,140,Sacramento Kings
1610612758,0022400329,"DEC 05, 2024",SAC @ MEM,L,10,13,0.435,240,39,98,0.398,8,35,0.229,24,28,0.857,14,32,46,19,11,1,13,23,110,Sacramento Kings
1610612758,0022400059,"DEC 03, 2024",SAC vs. HOU,W,10,12,0.455,240,47,91,0.516,14,30,0.467,12,20,0.6,10,24,34,33,7,8,10,20,120,Sacramento Kings
1610612758,0022400313,"DEC 01, 2024",SAC vs. SAS,L,9,12,0.429,240,47,101,0.465,12,32,0.375,19,24,0.792,21,30,51,32,8,5,10,23,125,Sacramento Kings
1610612758,0022400049,"NOV 29, 2024",SAC @ POR,L,9,11,0.45,240,35,78,0.449,15,42,0.357,21,28,0.75,11,30,41,29,7,4,20,19,106,Sacramento Kings
1610612758,0022400294,"NOV 27, 2024",SAC @ MIN,W,9,10,0.474,240,46,94,0.489,12,37,0.324,11,15,0.733,12,35,47,28,8,3,16,21,115,Sacramento Kings
1610612758,0022400285,"NOV 25, 2024",SAC vs. OKC,L,8,10,0.444,240,42,87,0.483,8,32,0.25,17,23,0.739,9,22,31,24,10,4,12,22,109,Sacramento Kings
1610612758,0022400276,"NOV 24, 2024",SAC vs. BKN,L,8,9,0.471,240,37,77,0.481,9,25,0.36,20,31,0.645,11,33,44,21,6,6,16,22,103,Sacramento Kings
1610612758,0022400034,"NOV 22, 2024",SAC @ LAC,L,8,8,0.5,240,32,83,0.386,7,35,0.2,17,24,0.708,8,40,48,19,5,8,15,13,88,Sacramento Kings
1610612758,0022400250,"NOV 18, 2024",SAC vs. ATL,L,8,7,0.533,240,37,85,0.435,20,46,0.435,14,19,0.737,9,36,45,24,9,4,17,20,108,Sacramento Kings
1610612758,0022400233,"NOV 16, 2024",SAC vs. UTA,W,8,6,0.571,240,42,83,0.506,19,41,0.463,18,25,0.72,9,26,35,24,6,3,14,29,121,Sacramento Kings
1610612758,0022400020,"NOV 15, 2024",SAC vs. MIN,L,7,6,0.538,265,48,96,0.5,12,37,0.324,18,20,0.9,11,40,51,21,6,7,13,17,126,Sacramento Kings
1610612758,0022400227,"NOV 13, 2024",SAC vs. PHX,W,7,5,0.583,240,50,78,0.641,15,28,0.536,12,17,0.706,6,39,45,38,7,8,17,20,127,Sacramento Kings
1610612758,0022400216,"NOV 11, 2024",SAC @ SAS,L,6,5,0.545,240,39,91,0.429,10,38,0.263,8,9,0.889,9,28,37,18,11,4,11,14,96,Sacramento Kings
1610612758,0022400209,"NOV 10, 2024",SAC @ PHX,W,6,4,0.6,265,50,102,0.49,11,37,0.297,16,19,0.842,8,49,57,23,7,3,14,20,127,Sacramento Kings
1610612758,0022400196,"NOV 08, 2024",SAC vs. LAC,L,5,4,0.556,240,37,78,0.474,3,26,0.115,21,24,0.875,5,30,35,19,6,3,13,19,98,Sacramento Kings
1610612758,0022400180,"NOV 06, 2024",SAC vs. TOR,W,5,3,0.625,240,42,90,0.467,10,35,0.286,28,32,0.875,15,32,47,26,7,5,9,13,122,Sacramento Kings
1610612758,0022400159,"NOV 04, 2024",SAC @ MIA,W,4,3,0.571,240,44,86,0.512,10,27,0.37,13,15,0.867,11,28,39,23,5,4,12,28,111,Sacramento Kings
1610612758,0022400143,"NOV 02, 2024",SAC @ TOR,L,3,3,0.5,265,46,100,0.46,10,40,0.25,26,32,0.813,15,34,49,21,16,3,18,22,128,Sacramento Kings
1610612758,0022400135,"NOV 01, 2024",SAC @ ATL,W,3,2,0.6,240,43,89,0.483,11,33,0.333,26,30,0.867,10,41,51,28,9,4,14,21,123,Sacramento Kings
1610612758,0022400115,"OCT 29, 2024",SAC @ UTA,W,2,2,0.5,240,48,92,0.522,8,31,0.258,9,14,0.643,9,40,49,26,9,9,11,19,113,Sacramento Kings
1610612758,0022400112,"OCT 28, 2024",SAC vs. POR,W,1,2,0.333,240,37,81,0.457,14,35,0.4,23,25,0.92,9,31,40,25,8,6,14,27,111,Sacramento Kings
1610612758,0022400096,"OCT 26, 2024",SAC @ LAL,L,0,2,0.0,240,45,88,0.511,15,44,0.341,22,25,0.88,5,27,32,32,12,5,14,19,127,Sacramento Kings
1610612758,0022400076,"OCT 24, 2024",SAC vs. MIN,L,0,1,0.0,240,38,82,0.463,11,29,0.379,28,35,0.8,4,34,38,21,7,2,9,18,115,Sacramento Kings
1610612759,0022401197,"APR 13, 2025",SAS vs. TOR,W,34,48,0.415,240,43,84,0.512,11,32,0.344,28,32,0.875,9,41,50,22,11,2,12,13,125,San Antonio Spurs
1610612759,0022401182,"APR 11, 2025",SAS @ PHX,L,33,48,0.407,240,39,90,0.433,13,34,0.382,7,10,0.7,5,35,40,28,7,2,14,7,98,San Antonio Spurs
1610612759,0022401163,"APR 09, 2025",SAS @ GSW,W,33,47,0.413,240,39,81,0.481,18,46,0.391,18,21,0.857,10,33,43,23,6,5,13,23,114,San Antonio Spurs
1610612759,0022401155,"APR 08, 2025",SAS @ LAC,L,32,47,0.405,240,45,85,0.529,17,42,0.405,10,16,0.625,8,26,34,29,8,4,16,16,117,San Antonio Spurs
1610612759,0022401139,"APR 06, 2025",SAS @ POR,L,32,46,0.41,240,41,95,0.432,11,34,0.324,16,21,0.762,13,32,45,26,9,4,18,21,109,San Antonio Spurs
1610612759,0022401124,"APR 04, 2025",SAS vs. CLE,L,32,45,0.416,240,41,94,0.436,16,48,0.333,15,19,0.789,9,35,44,27,9,4,11,15,113,San Antonio Spurs
1610612759,0022401110,"APR 02, 2025",SAS @ DEN,W,32,44,0.421,240,43,97,0.443,17,46,0.37,10,13,0.769,8,44,52,27,6,5,10,17,113,San Antonio Spurs
1610612759,0022400988,"APR 01, 2025",SAS vs. ORL,L,31,44,0.413,240,40,81,0.494,13,32,0.406,12,17,0.706,9,29,38,24,7,4,17,14,105,San Antonio Spurs
1610612759,0022401086,"MAR 30, 2025",SAS vs. GSW,L,31,43,0.419,240,40,84,0.476,16,42,0.381,10,16,0.625,7,27,34,30,4,3,21,20,106,San Antonio Spurs
1610612759,0022401080,"MAR 29, 2025",SAS vs. BOS,L,31,42,0.425,240,38,87,0.437,14,40,0.35,21,27,0.778,10,25,35,25,6,1,4,16,111,San Antonio Spurs
1610612759,0022401059,"MAR 27, 2025",SAS @ CLE,L,31,41,0.431,240,43,106,0.406,14,43,0.326,16,21,0.762,19,31,50,27,10,3,10,20,116,San Antonio Spurs
1610612759,0022401046,"MAR 25, 2025",SAS @ DET,L,31,40,0.437,240,33,91,0.363,14,44,0.318,16,20,0.8,16,25,41,21,7,2,10,19,96,San Antonio Spurs
1610612759,0022401033,"MAR 23, 2025",SAS @ TOR,W,31,39,0.443,240,41,86,0.477,14,43,0.326,27,32,0.844,13,33,46,27,15,6,14,14,123,San Antonio Spurs
1610612759,0022401018,"MAR 21, 2025",SAS vs. PHI,W,30,39,0.435,240,47,89,0.528,19,39,0.487,15,18,0.833,9,25,34,36,11,5,14,14,128,San Antonio Spurs
1610612759,0022401003,"MAR 19, 2025",SAS vs. NYK,W,29,39,0.426,240,45,90,0.5,16,35,0.457,14,20,0.7,15,37,52,28,7,7,13,22,120,San Antonio Spurs
1610612759,0022400537,"MAR 17, 2025",SAS @ LAL,L,28,39,0.418,240,41,88,0.466,15,38,0.395,12,14,0.857,9,35,44,30,6,5,17,18,109,San Antonio Spurs
1610612759,0022400973,"MAR 15, 2025",SAS vs. NOP,W,28,38,0.424,240,39,84,0.464,16,39,0.41,25,33,0.758,8,29,37,26,10,2,10,15,119,San Antonio Spurs
1610612759,0022400964,"MAR 14, 2025",SAS vs. CHA,L,27,38,0.415,240,48,95,0.505,21,46,0.457,17,22,0.773,17,19,36,27,14,5,13,17,134,San Antonio Spurs
1610612759,0022400951,"MAR 12, 2025",SAS vs. DAL,W,27,37,0.422,240,50,94,0.532,11,35,0.314,15,16,0.938,13,34,47,32,11,2,16,19,126,San Antonio Spurs
1610612759,0022400937,"MAR 10, 2025",SAS vs. DAL,L,26,37,0.413,240,49,94,0.521,17,41,0.415,14,24,0.583,12,26,38,29,6,2,9,24,129,San Antonio Spurs
1610612759,0022400925,"MAR 09, 2025",SAS @ MIN,L,26,36,0.419,240,47,85,0.553,11,30,0.367,19,24,0.792,11,25,36,26,8,3,12,14,124,San Antonio Spurs
1610612759,0022400910,"MAR 07, 2025",SAS @ SAC,L,26,35,0.426,240,40,87,0.46,16,42,0.381,13,23,0.565,9,27,36,27,7,4,7,17,109,San Antonio Spurs
1610612759,0022400888,"MAR 04, 2025",SAS vs. BKN,W,26,34,0.433,240,52,95,0.547,18,39,0.462,5,10,0.5,13,33,46,37,9,4,13,15,127,San Antonio Spurs
1610612759,0022400871,"MAR 02, 2025",SAS vs. OKC,L,25,34,0.424,240,51,91,0.56,18,43,0.419,12,16,0.75,6,29,35,36,2,3,12,17,132,San Antonio Spurs
1610612759,0022400863,"MAR 01, 2025",SAS @ MEM,W,25,33,0.431,240,50,96,0.521,14,36,0.389,16,22,0.727,13,29,42,33,8,4,11,18,130,San Antonio Spurs
1610612759,0022400844,"FEB 26, 2025",SAS @ HOU,L,24,33,0.421,240,42,100,0.42,7,39,0.179,15,21,0.714,12,29,41,28,10,5,8,14,106,San Antonio Spurs
1610612759,0022400833,"FEB 25, 2025",SAS @ NOP,L,24,32,0.429,240,38,93,0.409,13,44,0.295,14,18,0.778,13,32,45,29,14,4,20,19,103,San Antonio Spurs
1610612759,0022400818,"FEB 23, 2025",SAS @ NOP,L,24,31,0.436,240,32,97,0.33,15,51,0.294,17,25,0.68,13,33,46,29,11,7,10,19,96,San Antonio Spurs
1610612759,0022400802,"FEB 21, 2025",SAS vs. DET,L,24,30,0.444,240,43,84,0.512,10,29,0.345,14,22,0.636,8,24,32,27,12,5,15,20,110,San Antonio Spurs
1610612759,0022400795,"FEB 20, 2025",SAS vs. PHX,W,24,29,0.453,240,44,93,0.473,15,41,0.366,17,22,0.773,6,38,44,30,13,3,9,20,120,San Antonio Spurs
1610612759,0022400769,"FEB 12, 2025",SAS @ BOS,L,23,29,0.442,240,42,96,0.438,9,39,0.231,10,12,0.833,9,29,38,30,9,2,8,16,103,San Antonio Spurs
1610612759,0022400757,"FEB 10, 2025",SAS @ WAS,W,23,28,0.451,240,45,88,0.511,17,38,0.447,24,29,0.828,11,32,43,28,11,4,11,17,131,San Antonio Spurs
1610612759,0022400743,"FEB 08, 2025",SAS @ ORL,L,22,28,0.44,240,41,77,0.532,13,30,0.433,16,20,0.8,4,30,34,27,10,7,14,14,111,San Antonio Spurs
1610612759,0022400734,"FEB 07, 2025",SAS @ CHA,L,22,27,0.449,240,42,92,0.457,12,39,0.308,20,24,0.833,13,25,38,25,8,5,8,13,116,San Antonio Spurs
1610612759,0022400719,"FEB 05, 2025",SAS @ ATL,W,22,26,0.458,240,51,101,0.505,12,37,0.324,12,16,0.75,11,30,41,36,16,3,10,20,126,San Antonio Spurs
1610612759,0022400703,"FEB 03, 2025",SAS @ MEM,L,21,26,0.447,240,41,91,0.451,12,36,0.333,15,20,0.75,9,39,48,31,8,2,23,18,109,San Antonio Spurs
1610612759,0022400693,"FEB 01, 2025",SAS vs. MIA,L,21,25,0.457,240,38,91,0.418,12,36,0.333,15,21,0.714,13,35,48,27,8,3,10,18,103,San Antonio Spurs
1610612759,0022400684,"JAN 31, 2025",SAS vs. MIL,W,21,24,0.467,240,50,102,0.49,24,50,0.48,20,25,0.8,13,40,53,37,7,11,4,20,144,San Antonio Spurs
1610612759,0022400671,"JAN 29, 2025",SAS vs. LAC,L,20,24,0.455,240,42,87,0.483,14,42,0.333,18,25,0.72,7,23,30,27,11,5,9,22,116,San Antonio Spurs
1610612759,0022400633,"JAN 25, 2025",SAS vs. IND,L,20,23,0.465,240,35,85,0.412,11,32,0.344,17,25,0.68,15,29,44,22,9,5,22,17,98,San Antonio Spurs
1610612759,0022400621,"JAN 23, 2025",SAS @ IND,W,20,22,0.476,240,58,96,0.604,18,36,0.5,6,6,1.0,15,42,57,43,10,10,19,13,140,San Antonio Spurs
1610612759,0022400592,"JAN 19, 2025",SAS @ MIA,L,19,22,0.463,240,41,91,0.451,15,40,0.375,10,16,0.625,13,31,44,28,4,5,14,9,107,San Antonio Spurs
1610612759,0022400582,"JAN 17, 2025",SAS vs. MEM,L,19,21,0.475,240,40,84,0.476,13,36,0.361,19,23,0.826,10,30,40,29,4,8,17,15,112,San Antonio Spurs
1610612759,0022400567,"JAN 15, 2025",SAS vs. MEM,L,19,20,0.487,240,40,89,0.449,16,43,0.372,19,27,0.704,7,37,44,22,5,11,11,17,115,San Antonio Spurs
1610612759,0022400552,"JAN 13, 2025",SAS @ LAL,W,19,19,0.5,240,48,90,0.533,13,35,0.371,17,20,0.85,12,29,41,30,16,5,10,15,126,San Antonio Spurs
1610612759,0022400516,"JAN 08, 2025",SAS @ MIL,L,18,19,0.486,240,35,95,0.368,18,52,0.346,17,20,0.85,12,34,46,24,8,5,9,14,105,San Antonio Spurs
1610612759,0022400498,"JAN 06, 2025",SAS @ CHI,L,18,18,0.5,240,44,95,0.463,15,46,0.326,7,12,0.583,13,36,49,31,8,12,17,18,110,San Antonio Spurs
1610612759,0022400484,"JAN 04, 2025",SAS vs. DEN,L,18,17,0.514,265,41,104,0.394,13,48,0.271,16,18,0.889,13,45,58,28,3,7,12,20,111,San Antonio Spurs
1610612759,0022400475,"JAN 03, 2025",SAS @ DEN,W,18,16,0.529,240,46,99,0.465,13,36,0.361,8,13,0.615,14,42,56,31,4,3,13,15,113,San Antonio Spurs
1610612759,0022400451,"DEC 31, 2024",SAS vs. LAC,W,17,16,0.515,240,48,98,0.49,9,40,0.225,17,19,0.895,15,43,58,37,10,7,9,15,122,San Antonio Spurs
1610612759,0022400441,"DEC 29, 2024",SAS @ MIN,L,16,16,0.5,240,38,87,0.437,11,39,0.282,23,28,0.821,8,33,41,25,6,4,9,18,110,San Antonio Spurs
1610612759,0022400421,"DEC 27, 2024",SAS @ BKN,W,16,15,0.516,240,32,78,0.41,12,28,0.429,20,27,0.741,11,32,43,26,10,8,13,11,96,San Antonio Spurs
1610612759,0022400405,"DEC 25, 2024",SAS @ NYK,L,15,15,0.5,240,42,83,0.506,16,38,0.421,14,17,0.824,8,37,45,33,3,6,15,15,114,San Antonio Spurs
1610612759,0022400394,"DEC 23, 2024",SAS @ PHI,L,15,14,0.517,240,37,81,0.457,15,45,0.333,17,18,0.944,3,39,42,24,4,12,18,21,106,San Antonio Spurs
1610612759,0022400386,"DEC 21, 2024",SAS vs. POR,W,15,13,0.536,240,44,93,0.473,10,36,0.278,16,18,0.889,12,37,49,33,7,13,12,12,114,San Antonio Spurs
1610612759,0022400370,"DEC 19, 2024",SAS vs. ATL,W,14,13,0.519,265,49,101,0.485,19,42,0.452,16,23,0.696,8,34,42,32,15,8,17,15,133,San Antonio Spurs
1610612759,0022401218,"DEC 15, 2024",SAS vs. MIN,L,13,13,0.5,240,37,91,0.407,11,45,0.244,7,9,0.778,12,38,50,34,6,8,18,18,92,San Antonio Spurs
1610612759,0022401215,"DEC 13, 2024",SAS @ POR,W,13,12,0.52,240,44,85,0.518,14,30,0.467,16,21,0.762,13,28,41,32,5,6,14,13,118,San Antonio Spurs
1610612759,0022400354,"DEC 08, 2024",SAS vs. NOP,W,12,12,0.5,240,42,93,0.452,12,39,0.308,25,31,0.806,16,39,55,27,7,11,13,18,121,San Antonio Spurs
1610612759,0022400337,"DEC 06, 2024",SAS vs. SAC,L,11,12,0.478,240,39,91,0.429,14,41,0.341,21,30,0.7,12,30,42,28,8,5,14,20,113,San Antonio Spurs
1610612759,0022400331,"DEC 05, 2024",SAS vs. CHI,L,11,11,0.5,240,44,95,0.463,8,28,0.286,28,39,0.718,15,26,41,26,11,4,11,17,124,San Antonio Spurs
1610612759,0022400057,"DEC 03, 2024",SAS @ PHX,L,11,10,0.524,240,35,100,0.35,8,44,0.182,15,20,0.75,18,35,53,26,9,2,14,17,93,San Antonio Spurs
1610612759,0022400313,"DEC 01, 2024",SAS @ SAC,W,11,9,0.55,240,42,82,0.512,23,46,0.5,20,24,0.833,8,30,38,32,6,9,15,17,127,San Antonio Spurs
1610612759,0022400296,"NOV 27, 2024",SAS vs. LAL,L,10,9,0.526,240,36,85,0.424,14,40,0.35,15,16,0.938,11,27,38,26,7,4,15,13,101,San Antonio Spurs
1610612759,0022400038,"NOV 26, 2024",SAS @ UTA,W,10,8,0.556,240,45,93,0.484,18,48,0.375,20,26,0.769,13,26,39,30,12,5,10,17,128,San Antonio Spurs
1610612759,0022400269,"NOV 23, 2024",SAS vs. GSW,W,9,8,0.529,240,38,85,0.447,13,47,0.277,15,19,0.789,9,39,48,29,5,9,8,16,104,San Antonio Spurs
1610612759,0022400262,"NOV 21, 2024",SAS vs. UTA,W,8,8,0.5,240,41,88,0.466,9,32,0.281,35,46,0.761,11,40,51,32,8,9,11,20,126,San Antonio Spurs
1610612759,0022400025,"NOV 19, 2024",SAS vs. OKC,W,7,8,0.467,240,39,83,0.47,19,46,0.413,13,19,0.684,8,38,46,32,5,5,21,13,110,San Antonio Spurs
1610612759,0022400232,"NOV 16, 2024",SAS @ DAL,L,6,8,0.429,240,28,88,0.318,11,40,0.275,26,30,0.867,13,32,45,21,10,9,11,17,93,San Antonio Spurs
1610612759,0022400015,"NOV 15, 2024",SAS vs. LAL,L,6,7,0.462,240,43,88,0.489,17,45,0.378,12,16,0.75,11,29,40,32,6,5,13,19,115,San Antonio Spurs
1610612759,0022400224,"NOV 13, 2024",SAS vs. WAS,W,6,6,0.5,240,48,92,0.522,18,44,0.409,25,32,0.781,8,31,39,38,7,7,9,15,139,San Antonio Spurs
1610612759,0022400216,"NOV 11, 2024",SAS vs. SAC,W,5,6,0.455,240,43,85,0.506,22,46,0.478,8,8,1.0,8,36,44,31,5,5,16,10,116,San Antonio Spurs
1610612759,0022400197,"NOV 09, 2024",SAS vs. UTA,L,4,6,0.4,240,38,85,0.447,17,47,0.362,17,19,0.895,6,31,37,29,8,10,20,26,110,San Antonio Spurs
1610612759,0022400183,"NOV 07, 2024",SAS vs. POR,W,4,5,0.444,240,44,82,0.537,16,39,0.41,14,18,0.778,12,33,45,35,9,4,15,15,118,San Antonio Spurs
1610612759,0022400173,"NOV 06, 2024",SAS @ HOU,L,3,5,0.375,240,37,83,0.446,14,36,0.389,12,16,0.75,8,33,41,20,6,6,19,13,100,San Antonio Spurs
1610612759,0022400168,"NOV 04, 2024",SAS @ LAC,L,3,4,0.429,240,38,86,0.442,11,41,0.268,17,19,0.895,12,33,45,22,9,10,10,16,104,San Antonio Spurs
1610612759,0022400146,"NOV 02, 2024",SAS vs. MIN,W,3,3,0.5,240,43,83,0.518,13,42,0.31,14,17,0.824,7,37,44,32,6,5,11,16,113,San Antonio Spurs
1610612759,0022400130,"OCT 31, 2024",SAS @ UTA,W,2,3,0.4,240,38,92,0.413,12,43,0.279,18,23,0.783,11,31,42,25,17,7,11,17,106,San Antonio Spurs
1610612759,0022400125,"OCT 30, 2024",SAS @ OKC,L,1,3,0.25,240,35,85,0.412,12,36,0.333,11,13,0.846,13,39,52,22,6,6,22,8,93,San Antonio Spurs
1610612759,0022400109,"OCT 28, 2024",SAS vs. HOU,L,1,2,0.333,240,37,87,0.425,10,33,0.303,17,21,0.81,17,32,49,22,6,6,17,21,101,San Antonio Spurs
1610612759,0022400094,"OCT 26, 2024",SAS vs. HOU,W,1,1,0.5,240,39,79,0.494,8,20,0.4,23,28,0.821,10,39,49,23,6,7,17,18,109,San Antonio Spurs
1610612759,0022400074,"OCT 24, 2024",SAS @ DAL,L,0,1,0.0,240,39,86,0.453,12,36,0.333,19,24,0.792,12,40,52,30,6,5,19,18,109,San Antonio Spurs
1610612760,0022401196,"APR 13, 2025",OKC @ NOP,W,68,14,0.829,240,41,98,0.418,9,47,0.191,24,27,0.889,17,37,54,16,8,4,10,25,115,Oklahoma City Thunder
1610612760,0022401181,"APR 11, 2025",OKC @ UTA,W,67,14,0.827,240,56,100,0.56,24,53,0.453,9,13,0.692,5,42,47,41,12,4,10,17,145,Oklahoma City Thunder
1610612760,0022401164,"APR 09, 2025",OKC @ PHX,W,66,14,0.825,240,45,86,0.523,12,30,0.4,23,27,0.852,8,36,44,24,11,2,10,18,125,Oklahoma City Thunder
1610612760,0022401153,"APR 08, 2025",OKC vs. LAL,W,65,14,0.823,240,52,104,0.5,18,37,0.486,14,20,0.7,15,29,44,26,9,5,6,26,136,Oklahoma City Thunder
1610612760,0022401135,"APR 06, 2025",OKC vs. LAL,L,64,14,0.821,240,39,90,0.433,12,37,0.324,9,12,0.75,9,25,34,20,9,3,7,17,99,Oklahoma City Thunder
1610612760,0022401123,"APR 04, 2025",OKC @ HOU,L,64,13,0.831,240,43,89,0.483,13,35,0.371,12,15,0.8,7,26,33,24,7,6,15,20,111,Oklahoma City Thunder
1610612760,0022401108,"APR 02, 2025",OKC vs. DET,W,64,12,0.842,240,42,96,0.438,10,38,0.263,25,31,0.806,13,33,46,25,12,11,10,19,119,Oklahoma City Thunder
1610612760,0022401094,"MAR 31, 2025",OKC vs. CHI,W,63,12,0.84,240,52,98,0.531,23,43,0.535,18,23,0.783,9,35,44,39,11,6,14,16,145,Oklahoma City Thunder
1610612760,0022401079,"MAR 29, 2025",OKC vs. IND,W,62,12,0.838,240,48,94,0.511,17,36,0.472,19,23,0.826,8,39,47,26,9,4,9,17,132,Oklahoma City Thunder
1610612760,0022401064,"MAR 27, 2025",OKC vs. MEM,W,61,12,0.836,240,44,90,0.489,13,31,0.419,24,28,0.857,7,38,45,28,9,4,12,17,125,Oklahoma City Thunder
1610612760,0022401052,"MAR 25, 2025",OKC @ SAC,W,60,12,0.833,240,43,82,0.524,19,32,0.594,16,20,0.8,6,46,52,30,7,6,15,18,121,Oklahoma City Thunder
1610612760,0022401036,"MAR 23, 2025",OKC @ LAC,W,59,12,0.831,240,37,92,0.402,12,35,0.343,17,20,0.85,10,32,42,28,9,8,9,22,103,Oklahoma City Thunder
1610612760,0022401017,"MAR 21, 2025",OKC vs. CHA,W,58,12,0.829,240,54,94,0.574,21,39,0.538,12,17,0.706,10,33,43,29,10,7,7,13,141,Oklahoma City Thunder
1610612760,0022401002,"MAR 19, 2025",OKC vs. PHI,W,57,12,0.826,240,47,90,0.522,24,52,0.462,15,20,0.75,11,44,55,36,10,5,12,12,133,Oklahoma City Thunder
1610612760,0022400982,"MAR 16, 2025",OKC @ MIL,W,56,12,0.824,240,46,89,0.517,10,29,0.345,19,25,0.76,8,42,50,30,3,3,9,20,121,Oklahoma City Thunder
1610612760,0022400969,"MAR 15, 2025",OKC @ DET,W,55,12,0.821,240,43,89,0.483,10,34,0.294,17,22,0.773,10,34,44,17,11,8,17,20,113,Oklahoma City Thunder
1610612760,0022400946,"MAR 12, 2025",OKC @ BOS,W,54,12,0.818,240,40,82,0.488,13,37,0.351,25,35,0.714,11,33,44,19,7,2,12,17,118,Oklahoma City Thunder
1610612760,0022400936,"MAR 10, 2025",OKC vs. DEN,L,53,12,0.815,240,47,100,0.47,19,47,0.404,14,16,0.875,13,24,37,29,9,6,10,16,127,Oklahoma City Thunder
1610612760,0022400920,"MAR 09, 2025",OKC vs. DEN,W,53,11,0.828,240,46,94,0.489,13,38,0.342,22,25,0.88,10,46,56,25,5,14,5,20,127,Oklahoma City Thunder
1610612760,0022400908,"MAR 07, 2025",OKC vs. POR,W,52,11,0.825,240,39,84,0.464,14,38,0.368,15,17,0.882,4,39,43,25,12,8,11,13,107,Oklahoma City Thunder
1610612760,0022400895,"MAR 05, 2025",OKC @ MEM,W,51,11,0.823,240,44,87,0.506,15,36,0.417,17,19,0.895,3,36,39,27,10,4,11,22,120,Oklahoma City Thunder
1610612760,0022400879,"MAR 03, 2025",OKC vs. HOU,W,50,11,0.82,240,48,97,0.495,17,37,0.459,24,27,0.889,14,35,49,31,11,6,13,18,137,Oklahoma City Thunder
1610612760,0022400871,"MAR 02, 2025",OKC @ SAS,W,49,11,0.817,240,55,101,0.545,19,44,0.432,17,20,0.85,12,33,45,34,7,6,7,16,146,Oklahoma City Thunder
1610612760,0022400851,"FEB 28, 2025",OKC @ ATL,W,48,11,0.814,240,51,101,0.505,23,50,0.46,10,12,0.833,9,34,43,37,10,1,11,18,135,Oklahoma City Thunder
1610612760,0022400840,"FEB 26, 2025",OKC @ BKN,W,47,11,0.81,240,48,90,0.533,9,30,0.3,24,29,0.828,11,34,45,27,10,4,11,21,129,Oklahoma City Thunder
1610612760,0022400826,"FEB 24, 2025",OKC vs. MIN,L,46,11,0.807,265,45,106,0.425,15,49,0.306,23,29,0.793,16,37,53,27,10,8,11,30,128,Oklahoma City Thunder
1610612760,0022400820,"FEB 23, 2025",OKC @ MIN,W,46,10,0.821,240,48,86,0.558,19,35,0.543,15,20,0.75,7,30,37,32,9,8,13,22,130,Oklahoma City Thunder
1610612760,0022400804,"FEB 21, 2025",OKC @ UTA,W,45,10,0.818,240,46,97,0.474,19,43,0.442,19,20,0.95,17,34,51,38,10,10,12,20,130,Oklahoma City Thunder
1610612760,0022400787,"FEB 13, 2025",OKC @ MIN,L,44,10,0.815,240,37,88,0.42,7,29,0.241,20,24,0.833,12,37,49,25,4,7,9,17,101,Oklahoma City Thunder
1610612760,0022400778,"FEB 12, 2025",OKC vs. MIA,W,44,9,0.83,240,43,88,0.489,15,39,0.385,14,20,0.7,11,30,41,22,10,3,13,19,115,Oklahoma City Thunder
1610612760,0022400761,"FEB 10, 2025",OKC vs. NOP,W,43,9,0.827,240,49,95,0.516,27,55,0.491,12,16,0.75,10,35,45,29,15,8,10,20,137,Oklahoma City Thunder
1610612760,0022400746,"FEB 08, 2025",OKC @ MEM,W,42,9,0.824,240,45,105,0.429,18,42,0.429,17,21,0.81,21,34,55,29,5,5,8,27,125,Oklahoma City Thunder
1610612760,0022400739,"FEB 07, 2025",OKC vs. TOR,W,41,9,0.82,240,43,84,0.512,9,31,0.29,26,31,0.839,11,33,44,26,10,7,12,14,121,Oklahoma City Thunder
1610612760,0022400724,"FEB 05, 2025",OKC vs. PHX,W,40,9,0.816,240,52,102,0.51,12,42,0.286,24,27,0.889,17,29,46,24,15,4,5,23,140,Oklahoma City Thunder
1610612760,0022400705,"FEB 03, 2025",OKC vs. MIL,W,39,9,0.813,240,51,99,0.515,16,41,0.39,7,8,0.875,14,41,55,28,9,5,17,18,125,Oklahoma City Thunder
1610612760,0022400691,"FEB 01, 2025",OKC vs. SAC,W,38,9,0.809,240,57,107,0.533,19,46,0.413,11,16,0.688,20,50,70,37,5,6,11,18,144,Oklahoma City Thunder
1610612760,0022400673,"JAN 29, 2025",OKC @ GSW,L,37,9,0.804,240,40,99,0.404,9,39,0.231,20,25,0.8,17,33,50,21,8,3,11,21,109,Oklahoma City Thunder
1610612760,0022400647,"JAN 26, 2025",OKC @ POR,W,37,8,0.822,240,42,89,0.472,10,30,0.333,24,29,0.828,14,29,43,24,7,3,7,19,118,Oklahoma City Thunder
1610612760,0022400625,"JAN 23, 2025",OKC vs. DAL,L,36,8,0.818,240,42,88,0.477,15,37,0.405,16,22,0.727,8,25,33,26,9,4,12,27,115,Oklahoma City Thunder
1610612760,0022400618,"JAN 22, 2025",OKC vs. UTA,W,36,7,0.837,240,44,95,0.463,12,39,0.308,23,25,0.92,13,26,39,20,15,4,10,23,123,Oklahoma City Thunder
1610612760,0022400595,"JAN 19, 2025",OKC vs. BKN,W,35,7,0.833,240,48,87,0.552,19,43,0.442,12,13,0.923,8,35,43,37,8,5,11,19,127,Oklahoma City Thunder
1610612760,0022400583,"JAN 17, 2025",OKC @ DAL,L,34,7,0.829,240,35,91,0.385,20,46,0.435,8,12,0.667,14,32,46,24,7,2,15,20,98,Oklahoma City Thunder
1610612760,0022400574,"JAN 16, 2025",OKC vs. CLE,W,34,6,0.85,240,53,105,0.505,18,53,0.34,10,11,0.909,8,31,39,25,12,5,6,20,134,Oklahoma City Thunder
1610612760,0022400555,"JAN 14, 2025",OKC @ PHI,W,33,6,0.846,240,45,81,0.556,12,36,0.333,16,18,0.889,10,28,38,32,10,4,17,22,118,Oklahoma City Thunder
1610612760,0022400545,"JAN 12, 2025",OKC @ WAS,W,32,6,0.842,240,45,95,0.474,13,35,0.371,33,35,0.943,15,41,56,26,11,4,13,22,136,Oklahoma City Thunder
1610612760,0022400529,"JAN 10, 2025",OKC @ NYK,W,31,6,0.838,240,48,89,0.539,14,27,0.519,16,18,0.889,8,38,46,20,9,9,15,23,126,Oklahoma City Thunder
1610612760,0022400509,"JAN 08, 2025",OKC @ CLE,L,30,6,0.833,240,48,90,0.533,11,31,0.355,15,17,0.882,9,29,38,35,9,5,13,24,122,Oklahoma City Thunder
1610612760,0022400487,"JAN 05, 2025",OKC vs. BOS,W,30,5,0.857,240,39,87,0.448,16,38,0.421,11,13,0.846,9,37,46,22,11,6,15,18,105,Oklahoma City Thunder
1610612760,0022400473,"JAN 03, 2025",OKC vs. NYK,W,29,5,0.853,240,43,84,0.512,14,27,0.519,17,21,0.81,7,34,41,27,9,7,13,17,117,Oklahoma City Thunder
1610612760,0022400466,"JAN 02, 2025",OKC vs. LAC,W,28,5,0.848,240,43,86,0.5,14,38,0.368,16,20,0.8,4,31,35,29,11,3,9,14,116,Oklahoma City Thunder
1610612760,0022400452,"DEC 31, 2024",OKC vs. MIN,W,27,5,0.844,240,42,89,0.472,12,36,0.333,17,23,0.739,9,28,37,25,16,2,9,13,113,Oklahoma City Thunder
1610612760,0022400440,"DEC 29, 2024",OKC vs. MEM,W,26,5,0.839,240,52,103,0.505,14,44,0.318,12,12,1.0,9,36,45,35,10,9,10,24,130,Oklahoma City Thunder
1610612760,0022400428,"DEC 28, 2024",OKC @ CHA,W,25,5,0.833,240,42,88,0.477,10,38,0.263,12,14,0.857,9,40,49,29,9,1,15,19,106,Oklahoma City Thunder
1610612760,0022400410,"DEC 26, 2024",OKC @ IND,W,24,5,0.828,240,44,95,0.463,13,37,0.351,19,24,0.792,9,36,45,20,4,4,3,18,120,Oklahoma City Thunder
1610612760,0022400400,"DEC 23, 2024",OKC vs. WAS,W,23,5,0.821,240,47,106,0.443,10,38,0.263,19,22,0.864,19,40,59,25,15,9,12,18,123,Oklahoma City Thunder
1610612760,0022400375,"DEC 20, 2024",OKC @ MIA,W,22,5,0.815,240,39,86,0.453,14,34,0.412,12,17,0.706,12,36,48,24,8,5,14,17,104,Oklahoma City Thunder
1610612760,0022400361,"DEC 19, 2024",OKC @ ORL,W,21,5,0.808,240,40,83,0.482,10,31,0.323,15,16,0.938,4,28,32,23,15,6,13,20,105,Oklahoma City Thunder
1610612760,0022401230,"DEC 14, 2024",OKC vs. HOU,W,20,5,0.8,240,36,80,0.45,11,30,0.367,28,32,0.875,4,39,43,19,12,4,12,24,111,Oklahoma City Thunder
1610612760,0022401203,"DEC 10, 2024",OKC vs. DAL,W,19,5,0.792,240,46,101,0.455,20,50,0.4,6,7,0.857,17,35,52,29,14,5,13,17,118,Oklahoma City Thunder
1610612760,0022400342,"DEC 07, 2024",OKC @ NOP,W,18,5,0.783,240,45,85,0.529,12,32,0.375,17,21,0.81,10,35,45,27,13,3,18,24,119,Oklahoma City Thunder
1610612760,0022400328,"DEC 05, 2024",OKC @ TOR,W,17,5,0.773,240,49,102,0.48,17,47,0.362,14,17,0.824,13,42,55,28,15,11,6,16,129,Oklahoma City Thunder
1610612760,0022400055,"DEC 03, 2024",OKC vs. UTA,W,16,5,0.762,240,53,102,0.52,17,47,0.362,10,11,0.909,15,19,34,32,18,3,8,23,133,Oklahoma City Thunder
1610612760,0022400310,"DEC 01, 2024",OKC @ HOU,L,15,5,0.75,240,42,94,0.447,13,39,0.333,19,25,0.76,11,35,46,30,5,4,7,26,116,Oklahoma City Thunder
1610612760,0022400048,"NOV 29, 2024",OKC @ LAL,W,15,4,0.789,240,38,93,0.409,13,40,0.325,12,16,0.75,15,32,47,20,12,3,9,17,101,Oklahoma City Thunder
1610612760,0022400299,"NOV 27, 2024",OKC @ GSW,W,14,4,0.778,240,39,85,0.459,11,37,0.297,16,26,0.615,8,40,48,26,10,9,14,21,105,Oklahoma City Thunder
1610612760,0022400285,"NOV 25, 2024",OKC @ SAC,W,13,4,0.765,240,48,86,0.558,14,31,0.452,20,25,0.8,11,33,44,28,6,3,15,18,130,Oklahoma City Thunder
1610612760,0022400256,"NOV 20, 2024",OKC vs. POR,W,12,4,0.75,240,40,91,0.44,9,31,0.29,20,23,0.87,15,31,46,24,14,8,13,20,109,Oklahoma City Thunder
1610612760,0022400025,"NOV 19, 2024",OKC @ SAS,L,11,4,0.733,240,41,100,0.41,16,53,0.302,6,7,0.857,13,34,47,24,16,4,13,18,104,Oklahoma City Thunder
1610612760,0022400242,"NOV 17, 2024",OKC vs. DAL,L,11,3,0.786,240,43,87,0.494,14,42,0.333,19,25,0.76,7,22,29,29,11,5,6,25,119,Oklahoma City Thunder
1610612760,0022400018,"NOV 15, 2024",OKC vs. PHX,W,11,2,0.846,240,36,91,0.396,10,40,0.25,17,18,0.944,13,40,53,21,6,11,10,26,99,Oklahoma City Thunder
1610612760,0022400221,"NOV 13, 2024",OKC vs. NOP,W,10,2,0.833,240,39,88,0.443,15,39,0.385,13,16,0.813,5,26,31,20,16,7,5,17,106,Oklahoma City Thunder
1610612760,0022400215,"NOV 11, 2024",OKC vs. LAC,W,9,2,0.818,240,47,91,0.516,18,46,0.391,22,23,0.957,9,20,29,31,16,5,11,23,134,Oklahoma City Thunder
1610612760,0022400207,"NOV 10, 2024",OKC vs. GSW,L,8,2,0.8,240,42,94,0.447,11,33,0.333,21,26,0.808,14,27,41,25,4,6,11,18,116,Oklahoma City Thunder
1610612760,0022400192,"NOV 08, 2024",OKC vs. HOU,W,8,1,0.889,240,46,90,0.511,14,37,0.378,20,23,0.87,7,34,41,24,9,8,10,23,126,Oklahoma City Thunder
1610612760,0022400177,"NOV 06, 2024",OKC @ DEN,L,7,1,0.875,240,44,100,0.44,16,40,0.4,18,23,0.783,13,34,47,29,15,6,14,28,122,Oklahoma City Thunder
1610612760,0022400163,"NOV 04, 2024",OKC vs. ORL,W,7,0,1.0,240,39,85,0.459,12,31,0.387,12,16,0.75,5,37,42,23,12,4,15,21,102,Oklahoma City Thunder
1610612760,0022400150,"NOV 02, 2024",OKC @ LAC,W,6,0,1.0,240,36,84,0.429,16,39,0.41,17,19,0.895,3,38,41,25,11,3,12,22,105,Oklahoma City Thunder
1610612760,0022400140,"NOV 01, 2024",OKC @ POR,W,5,0,1.0,240,51,95,0.537,19,49,0.388,16,19,0.842,14,31,45,31,14,9,13,29,137,Oklahoma City Thunder
1610612760,0022400125,"OCT 30, 2024",OKC vs. SAS,W,4,0,1.0,240,41,89,0.461,17,41,0.415,6,8,0.75,5,34,39,28,18,6,10,15,105,Oklahoma City Thunder
1610612760,0022400100,"OCT 27, 2024",OKC vs. ATL,W,3,0,1.0,240,44,89,0.494,16,40,0.4,24,32,0.75,11,34,45,26,13,12,10,23,128,Oklahoma City Thunder
1610612760,0022400091,"OCT 26, 2024",OKC @ CHI,W,2,0,1.0,240,45,107,0.421,8,40,0.2,16,20,0.8,9,45,54,21,15,5,10,18,114,Oklahoma City Thunder
1610612760,0022400075,"OCT 24, 2024",OKC @ DEN,W,1,0,1.0,240,43,101,0.426,8,36,0.222,8,12,0.667,13,36,49,23,9,13,12,15,102,Oklahoma City Thunder
1610612761,0022401197,"APR 13, 2025",TOR @ SAS,L,30,52,0.366,240,46,97,0.474,14,39,0.359,12,16,0.75,12,30,42,32,8,1,13,23,118,Toronto Raptors
1610612761,0022401178,"APR 11, 2025",TOR @ DAL,L,30,51,0.37,240,40,100,0.4,11,39,0.282,11,18,0.611,16,27,43,22,11,4,10,15,102,Toronto Raptors
1610612761,0022401158,"APR 09, 2025",TOR vs. CHA,W,30,50,0.375,240,49,104,0.471,19,52,0.365,9,12,0.75,16,39,55,37,8,2,8,16,126,Toronto Raptors
1610612761,0022401134,"APR 06, 2025",TOR @ BKN,W,29,50,0.367,240,47,94,0.5,12,36,0.333,14,22,0.636,13,34,47,30,16,4,18,21,120,Toronto Raptors
1610612761,0022401121,"APR 04, 2025",TOR vs. DET,L,28,50,0.359,240,38,91,0.418,13,37,0.351,16,20,0.8,16,33,49,24,9,6,15,24,105,Toronto Raptors
1610612761,0022401116,"APR 03, 2025",TOR vs. POR,L,28,49,0.364,240,44,96,0.458,12,34,0.353,3,5,0.6,13,22,35,29,14,1,17,19,103,Toronto Raptors
1610612761,0022401099,"APR 01, 2025",TOR @ CHI,L,28,48,0.368,240,44,97,0.454,20,45,0.444,10,11,0.909,9,26,35,35,7,3,12,20,118,Toronto Raptors
1610612761,0022401087,"MAR 30, 2025",TOR @ PHI,W,28,47,0.373,240,49,103,0.476,17,38,0.447,12,18,0.667,13,33,46,32,10,4,10,13,127,Toronto Raptors
1610612761,0022401069,"MAR 28, 2025",TOR vs. CHA,W,27,47,0.365,240,42,95,0.442,14,44,0.318,10,15,0.667,11,34,45,28,9,5,6,15,108,Toronto Raptors
1610612761,0022401054,"MAR 26, 2025",TOR @ BKN,W,26,47,0.356,240,43,102,0.422,10,33,0.303,20,23,0.87,17,46,63,34,5,3,11,22,116,Toronto Raptors
1610612761,0022401039,"MAR 24, 2025",TOR @ WAS,W,25,47,0.347,240,41,101,0.406,10,36,0.278,20,27,0.741,17,43,60,28,11,6,12,23,112,Toronto Raptors
1610612761,0022401033,"MAR 23, 2025",TOR vs. SAS,L,24,47,0.338,240,35,92,0.38,10,39,0.256,9,13,0.692,16,30,46,27,8,3,21,21,89,Toronto Raptors
1610612761,0022401005,"MAR 20, 2025",TOR @ GSW,L,24,46,0.343,240,44,78,0.564,11,26,0.423,15,19,0.789,7,37,44,32,7,4,23,24,114,Toronto Raptors
1610612761,0022400991,"MAR 17, 2025",TOR @ PHX,L,24,45,0.348,240,31,87,0.356,10,35,0.286,17,23,0.739,12,28,40,20,4,2,11,15,89,Toronto Raptors
1610612761,0022400980,"MAR 16, 2025",TOR @ POR,L,24,44,0.353,240,38,94,0.404,10,31,0.323,16,20,0.8,19,28,47,29,12,0,18,22,102,Toronto Raptors
1610612761,0022400966,"MAR 14, 2025",TOR @ UTA,W,24,43,0.358,240,44,91,0.484,12,32,0.375,26,35,0.743,10,41,51,28,9,6,15,26,126,Toronto Raptors
1610612761,0022400947,"MAR 12, 2025",TOR vs. PHI,W,23,43,0.348,240,44,100,0.44,16,40,0.4,14,18,0.778,17,42,59,33,7,5,20,17,118,Toronto Raptors
1610612761,0022400932,"MAR 10, 2025",TOR vs. WAS,W,22,43,0.338,240,43,109,0.394,16,49,0.327,17,29,0.586,28,45,73,26,3,2,8,18,119,Toronto Raptors
1610612761,0022400915,"MAR 08, 2025",TOR vs. WAS,L,21,43,0.328,240,40,95,0.421,10,26,0.385,27,30,0.9,22,27,49,24,11,6,15,17,117,Toronto Raptors
1610612761,0022400905,"MAR 07, 2025",TOR vs. UTA,W,21,42,0.333,240,40,104,0.385,14,46,0.304,24,28,0.857,22,26,48,27,13,5,8,29,118,Toronto Raptors
1610612761,0022400883,"MAR 04, 2025",TOR @ ORL,W,20,42,0.323,240,38,80,0.475,12,30,0.4,26,35,0.743,13,35,48,28,7,8,20,25,114,Toronto Raptors
1610612761,0022400870,"MAR 02, 2025",TOR @ ORL,W,19,42,0.311,240,37,80,0.463,7,22,0.318,23,30,0.767,12,28,40,22,8,4,14,33,104,Toronto Raptors
1610612761,0022400855,"FEB 28, 2025",TOR @ CHI,L,18,42,0.3,265,43,103,0.417,13,37,0.351,16,20,0.8,16,35,51,30,4,3,14,21,115,Toronto Raptors
1610612761,0022400837,"FEB 26, 2025",TOR @ IND,L,18,41,0.305,240,37,87,0.425,6,27,0.222,11,16,0.688,11,29,40,23,8,2,18,15,91,Toronto Raptors
1610612761,0022400829,"FEB 25, 2025",TOR vs. BOS,L,18,40,0.31,240,42,83,0.506,5,33,0.152,12,16,0.75,10,30,40,27,10,1,16,14,101,Toronto Raptors
1610612761,0022400816,"FEB 23, 2025",TOR vs. PHX,W,18,39,0.316,240,43,88,0.489,20,35,0.571,21,30,0.7,14,35,49,30,6,1,14,23,127,Toronto Raptors
1610612761,0022400800,"FEB 21, 2025",TOR vs. MIA,L,17,39,0.304,265,38,91,0.418,17,43,0.395,18,23,0.783,14,32,46,25,8,2,13,19,111,Toronto Raptors
1610612761,0022400774,"FEB 12, 2025",TOR vs. CLE,L,17,38,0.309,240,42,91,0.462,10,29,0.345,14,21,0.667,9,30,39,26,7,5,15,14,108,Toronto Raptors
1610612761,0022400764,"FEB 11, 2025",TOR @ PHI,W,17,37,0.315,240,38,82,0.463,11,33,0.333,19,23,0.826,10,39,49,23,8,4,17,20,106,Toronto Raptors
1610612761,0022400753,"FEB 09, 2025",TOR @ HOU,L,16,37,0.302,240,33,90,0.367,8,42,0.19,13,17,0.765,7,41,48,19,5,6,10,21,87,Toronto Raptors
1610612761,0022400739,"FEB 07, 2025",TOR @ OKC,L,16,36,0.308,240,39,91,0.429,19,41,0.463,12,19,0.632,14,28,42,31,9,6,12,24,109,Toronto Raptors
1610612761,0022400722,"FEB 05, 2025",TOR vs. MEM,L,16,35,0.314,240,39,98,0.398,12,42,0.286,17,19,0.895,14,20,34,28,11,3,9,29,107,Toronto Raptors
1610612761,0022400713,"FEB 04, 2025",TOR vs. NYK,L,16,34,0.32,240,43,82,0.524,11,29,0.379,18,19,0.947,10,24,34,27,7,4,14,22,115,Toronto Raptors
1610612761,0022400697,"FEB 02, 2025",TOR vs. LAC,W,16,33,0.327,240,44,85,0.518,13,25,0.52,14,16,0.875,10,33,43,31,6,6,12,17,115,Toronto Raptors
1610612761,0022400682,"JAN 31, 2025",TOR vs. CHI,L,15,33,0.313,240,39,92,0.424,10,30,0.333,18,27,0.667,7,37,44,27,6,8,7,13,106,Toronto Raptors
1610612761,0022400665,"JAN 29, 2025",TOR @ WAS,W,15,32,0.319,240,42,88,0.477,11,31,0.355,11,15,0.733,7,29,36,31,12,3,14,27,106,Toronto Raptors
1610612761,0022400654,"JAN 27, 2025",TOR vs. NOP,W,14,32,0.304,240,43,100,0.43,9,33,0.273,18,23,0.783,13,41,54,31,8,5,13,24,113,Toronto Raptors
1610612761,0022400639,"JAN 25, 2025",TOR @ ATL,W,13,32,0.289,240,42,90,0.467,11,30,0.367,22,25,0.88,9,42,51,31,11,7,21,20,117,Toronto Raptors
1610612761,0022400623,"JAN 23, 2025",TOR @ ATL,W,12,32,0.273,240,47,81,0.58,9,21,0.429,19,24,0.792,6,33,39,32,10,2,19,26,122,Toronto Raptors
1610612761,0022400608,"JAN 21, 2025",TOR vs. ORL,W,11,32,0.256,240,39,73,0.534,13,24,0.542,18,28,0.643,5,37,42,29,7,6,12,22,109,Toronto Raptors
1610612761,0022400580,"JAN 17, 2025",TOR @ MIL,L,10,32,0.238,240,43,91,0.473,8,34,0.235,18,24,0.75,13,30,43,31,6,4,12,28,112,Toronto Raptors
1610612761,0022400562,"JAN 15, 2025",TOR vs. BOS,W,10,31,0.244,240,45,89,0.506,11,34,0.324,9,15,0.6,13,43,56,35,4,4,10,19,110,Toronto Raptors
1610612761,0022400550,"JAN 13, 2025",TOR vs. GSW,W,9,31,0.225,240,41,86,0.477,12,29,0.414,10,15,0.667,14,30,44,28,3,9,14,18,104,Toronto Raptors
1610612761,0022400534,"JAN 11, 2025",TOR @ DET,L,8,31,0.205,240,40,92,0.435,16,38,0.421,18,27,0.667,15,30,45,27,12,3,12,21,114,Toronto Raptors
1610612761,0022400517,"JAN 09, 2025",TOR @ CLE,L,8,30,0.211,240,53,89,0.596,14,31,0.452,6,13,0.462,9,28,37,34,9,2,12,17,126,Toronto Raptors
1610612761,0022400511,"JAN 08, 2025",TOR @ NYK,L,8,29,0.216,240,38,77,0.494,10,26,0.385,12,15,0.8,8,25,33,25,9,6,16,15,98,Toronto Raptors
1610612761,0022400497,"JAN 06, 2025",TOR vs. MIL,L,8,28,0.222,240,41,91,0.451,9,35,0.257,13,21,0.619,10,25,35,27,11,4,15,15,104,Toronto Raptors
1610612761,0022400470,"JAN 03, 2025",TOR vs. ORL,L,8,27,0.229,240,38,80,0.475,10,29,0.345,11,13,0.846,7,30,37,28,6,1,11,11,97,Toronto Raptors
1610612761,0022400459,"JAN 01, 2025",TOR vs. BKN,W,8,26,0.235,240,52,88,0.591,16,32,0.5,10,13,0.769,8,31,39,36,8,6,10,20,130,Toronto Raptors
1610612761,0022400449,"DEC 31, 2024",TOR @ BOS,L,7,26,0.212,240,27,86,0.314,10,40,0.25,7,11,0.636,14,30,44,18,8,4,21,16,71,Toronto Raptors
1610612761,0022400438,"DEC 29, 2024",TOR vs. ATL,L,7,25,0.219,240,38,85,0.447,7,24,0.292,24,27,0.889,15,37,52,26,10,4,31,26,107,Toronto Raptors
1610612761,0022400414,"DEC 26, 2024",TOR @ MEM,L,7,24,0.226,240,49,108,0.454,14,43,0.326,14,18,0.778,13,27,40,39,8,3,15,23,126,Toronto Raptors
1610612761,0022400397,"DEC 23, 2024",TOR @ NYK,L,7,23,0.233,240,42,77,0.545,11,28,0.393,30,37,0.811,4,26,30,28,6,3,15,25,125,Toronto Raptors
1610612761,0022400388,"DEC 22, 2024",TOR vs. HOU,L,7,22,0.241,240,42,92,0.457,17,43,0.395,9,13,0.692,11,31,42,33,10,3,21,25,110,Toronto Raptors
1610612761,0022400364,"DEC 19, 2024",TOR vs. BKN,L,7,21,0.25,240,34,86,0.395,15,44,0.341,11,14,0.786,10,24,34,26,6,4,12,29,94,Toronto Raptors
1610612761,0022401223,"DEC 16, 2024",TOR vs. CHI,L,7,20,0.259,240,45,92,0.489,9,26,0.346,22,30,0.733,10,34,44,28,7,6,18,21,121,Toronto Raptors
1610612761,0022401206,"DEC 12, 2024",TOR @ MIA,L,7,19,0.269,240,41,92,0.446,11,32,0.344,11,15,0.733,9,33,42,29,8,5,11,24,104,Toronto Raptors
1610612761,0022400359,"DEC 09, 2024",TOR vs. NYK,L,7,18,0.28,240,43,96,0.448,13,35,0.371,9,11,0.818,17,34,51,23,4,4,12,16,108,Toronto Raptors
1610612761,0022400344,"DEC 07, 2024",TOR vs. DAL,L,7,17,0.292,240,43,93,0.462,15,39,0.385,17,18,0.944,8,31,39,37,13,3,13,22,118,Toronto Raptors
1610612761,0022400328,"DEC 05, 2024",TOR vs. OKC,L,7,16,0.304,240,32,90,0.356,11,45,0.244,17,20,0.85,12,39,51,24,5,7,20,16,92,Toronto Raptors
1610612761,0022400054,"DEC 03, 2024",TOR vs. IND,W,7,15,0.318,240,44,81,0.543,13,33,0.394,21,29,0.724,6,36,42,28,9,4,21,26,122,Toronto Raptors
1610612761,0022400309,"DEC 01, 2024",TOR vs. MIA,W,6,15,0.286,240,47,88,0.534,10,29,0.345,15,20,0.75,10,37,47,30,4,5,14,23,119,Toronto Raptors
1610612761,0022400046,"NOV 29, 2024",TOR @ MIA,L,5,15,0.25,240,43,80,0.538,11,29,0.379,14,17,0.824,10,36,46,34,4,3,18,17,111,Toronto Raptors
1610612761,0022400295,"NOV 27, 2024",TOR @ NOP,W,5,14,0.263,240,47,95,0.495,21,52,0.404,4,12,0.333,12,40,52,38,11,4,15,16,119,Toronto Raptors
1610612761,0022400278,"NOV 25, 2024",TOR @ DET,L,4,14,0.222,240,41,104,0.394,10,35,0.286,8,10,0.8,23,27,50,26,7,5,9,27,100,Toronto Raptors
1610612761,0022400275,"NOV 24, 2024",TOR @ CLE,L,4,13,0.235,240,37,92,0.402,12,39,0.308,22,34,0.647,19,36,55,22,9,5,14,18,108,Toronto Raptors
1610612761,0022400261,"NOV 21, 2024",TOR vs. MIN,W,4,12,0.25,240,37,72,0.514,7,23,0.304,29,39,0.744,10,33,43,22,11,1,17,24,110,Toronto Raptors
1610612761,0022400247,"NOV 18, 2024",TOR vs. IND,W,3,12,0.2,240,48,82,0.585,14,29,0.483,20,28,0.714,10,36,46,27,5,9,23,26,130,Toronto Raptors
1610612761,0022400230,"NOV 16, 2024",TOR @ BOS,L,2,12,0.143,265,50,98,0.51,9,23,0.391,14,21,0.667,15,31,46,35,3,2,9,19,123,Toronto Raptors
1610612761,0022400011,"NOV 15, 2024",TOR vs. DET,L,2,11,0.154,240,35,97,0.361,8,31,0.258,17,22,0.773,17,36,53,21,7,6,14,13,95,Toronto Raptors
1610612761,0022400005,"NOV 12, 2024",TOR @ MIL,L,2,10,0.167,240,30,86,0.349,9,25,0.36,16,20,0.8,17,37,54,20,11,6,21,11,85,Toronto Raptors
1610612761,0022400211,"NOV 10, 2024",TOR @ LAL,L,2,9,0.182,240,37,82,0.451,10,29,0.345,19,22,0.864,12,28,40,26,2,2,16,23,103,Toronto Raptors
1610612761,0022400200,"NOV 09, 2024",TOR @ LAC,L,2,8,0.2,240,40,95,0.421,11,37,0.297,12,21,0.571,12,32,44,26,8,5,10,23,103,Toronto Raptors
1610612761,0022400180,"NOV 06, 2024",TOR @ SAC,L,2,7,0.222,240,43,88,0.489,10,34,0.294,11,15,0.733,8,26,34,25,7,1,11,23,107,Toronto Raptors
1610612761,0022400166,"NOV 04, 2024",TOR @ DEN,L,2,6,0.25,240,47,103,0.456,13,39,0.333,12,18,0.667,14,27,41,38,12,3,13,27,119,Toronto Raptors
1610612761,0022400143,"NOV 02, 2024",TOR vs. SAC,W,2,5,0.286,265,46,95,0.484,17,37,0.459,22,31,0.71,12,34,46,31,13,3,19,25,131,Toronto Raptors
1610612761,0022400137,"NOV 01, 2024",TOR vs. LAL,L,1,5,0.167,240,52,107,0.486,10,35,0.286,11,13,0.846,15,29,44,35,4,6,11,29,125,Toronto Raptors
1610612761,0022400117,"OCT 30, 2024",TOR @ CHA,L,1,4,0.2,240,52,91,0.571,9,28,0.321,20,30,0.667,13,28,41,37,9,5,14,25,133,Toronto Raptors
1610612761,0022400107,"OCT 28, 2024",TOR vs. DEN,L,1,3,0.25,265,49,109,0.45,10,35,0.286,17,21,0.81,18,36,54,30,7,7,15,27,125,Toronto Raptors
1610612761,0022400093,"OCT 26, 2024",TOR @ MIN,L,1,2,0.333,240,41,90,0.456,10,29,0.345,9,13,0.692,12,34,46,29,9,4,20,22,101,Toronto Raptors
1610612761,0022400078,"OCT 25, 2024",TOR vs. PHI,W,1,1,0.5,240,35,76,0.461,6,23,0.261,39,46,0.848,18,36,54,25,11,13,26,34,115,Toronto Raptors
1610612761,0022400067,"OCT 23, 2024",TOR vs. CLE,L,0,1,0.0,240,36,86,0.419,12,31,0.387,22,29,0.759,14,24,38,25,8,6,18,24,106,Toronto Raptors
1610612762,0022401195,"APR 13, 2025",UTA @ MIN,L,17,65,0.207,240,40,89,0.449,16,42,0.381,9,11,0.818,9,31,40,24,6,5,13,15,105,Utah Jazz
1610612762,0022401181,"APR 11, 2025",UTA vs. OKC,L,17,64,0.21,240,39,103,0.379,17,63,0.27,16,20,0.8,19,38,57,23,7,3,16,14,111,Utah Jazz
1610612762,0022401162,"APR 09, 2025",UTA vs. POR,W,17,63,0.213,265,50,98,0.51,15,36,0.417,18,22,0.818,16,40,56,27,14,4,24,26,133,Utah Jazz
1610612762,0022401136,"APR 06, 2025",UTA @ ATL,L,16,63,0.203,240,45,87,0.517,20,47,0.426,24,28,0.857,7,25,32,29,10,4,10,18,134,Utah Jazz
1610612762,0022401119,"APR 04, 2025",UTA @ IND,L,16,62,0.205,240,39,104,0.375,16,52,0.308,18,21,0.857,19,33,52,21,5,1,11,24,112,Utah Jazz
1610612762,0022401107,"APR 02, 2025",UTA @ HOU,L,16,61,0.208,240,40,94,0.426,10,40,0.25,15,23,0.652,10,29,39,25,7,6,9,14,105,Utah Jazz
1610612762,0022401089,"MAR 31, 2025",UTA @ CHA,L,16,60,0.211,240,39,96,0.406,14,52,0.269,14,15,0.933,14,27,41,25,13,2,10,15,106,Utah Jazz
1610612762,0022401073,"MAR 28, 2025",UTA @ DEN,L,16,59,0.213,240,33,93,0.355,7,40,0.175,20,24,0.833,14,28,42,21,10,0,17,19,93,Utah Jazz
1610612762,0022401065,"MAR 27, 2025",UTA vs. HOU,L,16,58,0.216,240,43,79,0.544,11,23,0.478,13,17,0.765,3,30,33,29,5,5,16,20,110,Utah Jazz
1610612762,0022401050,"MAR 25, 2025",UTA vs. MEM,L,16,57,0.219,240,34,78,0.436,17,42,0.405,18,22,0.818,4,24,28,24,6,3,13,16,103,Utah Jazz
1610612762,0022401030,"MAR 23, 2025",UTA vs. CLE,L,16,56,0.222,240,32,89,0.36,16,50,0.32,11,18,0.611,13,39,52,25,4,5,18,24,91,Utah Jazz
1610612762,0022401020,"MAR 21, 2025",UTA vs. BOS,L,16,55,0.225,240,38,84,0.452,14,35,0.4,9,12,0.75,9,29,38,24,7,2,17,17,99,Utah Jazz
1610612762,0022400627,"MAR 19, 2025",UTA vs. WAS,W,16,54,0.229,240,50,89,0.562,17,42,0.405,11,18,0.611,9,33,42,30,7,1,16,16,128,Utah Jazz
1610612762,0022400989,"MAR 17, 2025",UTA vs. CHI,L,15,54,0.217,240,35,86,0.407,9,42,0.214,18,22,0.818,4,44,48,20,4,4,17,19,97,Utah Jazz
1610612762,0022400981,"MAR 16, 2025",UTA @ MIN,L,15,53,0.221,240,39,90,0.433,12,38,0.316,12,15,0.8,10,34,44,23,4,0,22,20,102,Utah Jazz
1610612762,0022400966,"MAR 14, 2025",UTA vs. TOR,L,15,52,0.224,240,39,89,0.438,16,38,0.421,24,31,0.774,6,29,35,23,12,2,16,25,118,Utah Jazz
1610612762,0022400950,"MAR 12, 2025",UTA @ MEM,L,15,51,0.227,240,42,90,0.467,12,34,0.353,19,28,0.679,17,43,60,24,6,8,23,17,115,Utah Jazz
1610612762,0022400929,"MAR 10, 2025",UTA @ BOS,L,15,50,0.231,240,43,95,0.453,13,38,0.342,9,12,0.75,14,34,48,29,3,4,12,13,108,Utah Jazz
1610612762,0022400924,"MAR 09, 2025",UTA @ PHI,L,15,49,0.234,240,39,93,0.419,18,46,0.391,26,31,0.839,10,34,44,25,12,4,17,21,122,Utah Jazz
1610612762,0022400905,"MAR 07, 2025",UTA @ TOR,L,15,48,0.238,240,39,84,0.464,8,31,0.258,23,39,0.59,19,37,56,21,5,10,24,18,109,Utah Jazz
1610612762,0022400894,"MAR 05, 2025",UTA @ WAS,L,15,47,0.242,240,47,101,0.465,14,40,0.35,14,20,0.7,17,41,58,21,5,3,14,19,122,Utah Jazz
1610612762,0022400881,"MAR 03, 2025",UTA vs. DET,L,15,46,0.246,240,35,82,0.427,10,33,0.303,26,32,0.813,9,32,41,19,7,1,27,23,106,Utah Jazz
1610612762,0022400872,"MAR 02, 2025",UTA vs. NOP,L,15,45,0.25,240,46,96,0.479,16,44,0.364,13,17,0.765,9,32,41,35,4,4,11,14,121,Utah Jazz
1610612762,0022400858,"FEB 28, 2025",UTA vs. MIN,W,15,44,0.254,240,47,92,0.511,14,35,0.4,9,14,0.643,15,45,60,35,3,4,20,13,117,Utah Jazz
1610612762,0022400843,"FEB 26, 2025",UTA vs. SAC,L,14,44,0.241,240,38,84,0.452,16,44,0.364,9,17,0.529,7,27,34,32,9,2,9,13,101,Utah Jazz
1610612762,0022400827,"FEB 24, 2025",UTA vs. POR,L,14,43,0.246,240,39,98,0.398,18,44,0.409,16,19,0.842,11,34,45,24,7,2,15,18,112,Utah Jazz
1610612762,0022400809,"FEB 22, 2025",UTA vs. HOU,W,14,42,0.25,240,49,98,0.5,13,40,0.325,13,27,0.481,16,42,58,28,4,3,8,18,124,Utah Jazz
1610612762,0022400804,"FEB 21, 2025",UTA vs. OKC,L,13,42,0.236,240,41,90,0.456,15,41,0.366,10,18,0.556,14,29,43,27,7,2,19,15,107,Utah Jazz
1610612762,0022401004,"FEB 13, 2025",UTA vs. LAC,L,13,41,0.241,265,38,78,0.487,18,45,0.4,22,26,0.846,9,38,47,23,7,1,26,25,116,Utah Jazz
1610612762,0022400781,"FEB 12, 2025",UTA vs. LAL,W,13,40,0.245,240,45,86,0.523,15,41,0.366,26,33,0.788,11,37,48,30,10,8,12,21,131,Utah Jazz
1610612762,0022400768,"FEB 10, 2025",UTA @ LAL,L,12,40,0.231,240,39,84,0.464,12,40,0.3,23,27,0.852,11,28,39,29,6,3,19,17,113,Utah Jazz
1610612762,0022400751,"FEB 08, 2025",UTA @ LAC,L,12,39,0.235,240,39,83,0.47,17,43,0.395,15,18,0.833,12,26,38,26,7,4,19,21,110,Utah Jazz
1610612762,0022400740,"FEB 07, 2025",UTA @ PHX,L,12,38,0.24,265,48,117,0.41,13,48,0.271,18,20,0.9,25,38,63,29,5,7,10,16,127,Utah Jazz
1610612762,0022400725,"FEB 05, 2025",UTA vs. GSW,W,12,37,0.245,240,48,92,0.522,13,37,0.351,22,27,0.815,12,36,48,30,5,5,12,23,131,Utah Jazz
1610612762,0022400707,"FEB 03, 2025",UTA vs. IND,L,11,37,0.229,240,39,91,0.429,13,37,0.351,20,30,0.667,17,43,60,31,5,4,18,17,111,Utah Jazz
1610612762,0022400687,"FEB 01, 2025",UTA vs. ORL,W,11,36,0.234,240,39,84,0.464,14,35,0.4,21,24,0.875,8,43,51,26,5,7,16,27,113,Utah Jazz
1610612762,0022400677,"JAN 30, 2025",UTA vs. MIN,L,10,36,0.217,240,39,77,0.506,14,34,0.412,21,25,0.84,3,20,23,21,6,4,15,20,113,Utah Jazz
1610612762,0022400661,"JAN 28, 2025",UTA @ GSW,L,10,35,0.222,240,39,76,0.513,8,26,0.308,17,24,0.708,5,34,39,30,4,6,15,24,103,Utah Jazz
1610612762,0022400658,"JAN 27, 2025",UTA vs. MIL,L,10,34,0.227,240,41,100,0.41,18,54,0.333,10,13,0.769,15,31,46,28,8,1,10,19,110,Utah Jazz
1610612762,0022400643,"JAN 25, 2025",UTA @ MEM,L,10,33,0.233,240,39,92,0.424,12,47,0.255,13,16,0.813,14,26,40,27,8,5,17,22,103,Utah Jazz
1610612762,0022400618,"JAN 22, 2025",UTA @ OKC,L,10,32,0.238,240,42,90,0.467,14,37,0.378,16,24,0.667,23,29,52,25,3,6,27,20,114,Utah Jazz
1610612762,0022400605,"JAN 20, 2025",UTA @ NOP,L,10,31,0.244,265,42,106,0.396,11,46,0.239,24,30,0.8,19,44,63,25,6,4,13,19,119,Utah Jazz
1610612762,0022400581,"JAN 17, 2025",UTA @ NOP,L,10,30,0.25,240,43,86,0.5,13,38,0.342,24,30,0.8,7,33,40,30,7,8,15,20,123,Utah Jazz
1610612762,0022400569,"JAN 15, 2025",UTA vs. CHA,L,10,29,0.256,240,43,93,0.462,16,43,0.372,10,17,0.588,9,27,36,30,5,4,10,18,112,Utah Jazz
1610612762,0022400546,"JAN 12, 2025",UTA vs. BKN,W,10,28,0.263,265,40,90,0.444,17,44,0.386,15,20,0.75,6,35,41,25,7,6,9,30,112,Utah Jazz
1610612762,0022400533,"JAN 11, 2025",UTA @ PHX,L,9,28,0.243,240,42,96,0.438,9,42,0.214,13,18,0.722,21,29,50,26,6,2,13,18,106,Utah Jazz
1610612762,0022400523,"JAN 09, 2025",UTA vs. MIA,L,9,27,0.25,240,33,83,0.398,11,36,0.306,15,17,0.882,11,38,49,20,9,7,16,15,92,Utah Jazz
1610612762,0022400506,"JAN 07, 2025",UTA vs. ATL,L,9,26,0.257,240,40,96,0.417,19,48,0.396,22,25,0.88,13,34,47,25,8,4,15,17,121,Utah Jazz
1610612762,0022400490,"JAN 05, 2025",UTA @ ORL,W,9,25,0.265,240,39,81,0.481,11,32,0.344,16,18,0.889,11,39,50,21,6,5,22,19,105,Utah Jazz
1610612762,0022400481,"JAN 04, 2025",UTA @ MIA,W,8,25,0.242,240,52,100,0.52,19,46,0.413,13,16,0.813,16,41,57,31,11,4,14,21,136,Utah Jazz
1610612762,0022400458,"JAN 01, 2025",UTA @ NYK,L,7,25,0.219,240,39,96,0.406,13,43,0.302,12,15,0.8,14,31,45,23,7,6,16,19,103,Utah Jazz
1610612762,0022400445,"DEC 30, 2024",UTA vs. DEN,L,7,24,0.226,240,44,86,0.512,13,38,0.342,20,22,0.909,7,30,37,28,6,2,16,17,121,Utah Jazz
1610612762,0022400433,"DEC 28, 2024",UTA vs. PHI,L,7,23,0.233,240,43,89,0.483,12,36,0.333,13,15,0.867,14,34,48,27,3,3,21,25,111,Utah Jazz
1610612762,0022400417,"DEC 26, 2024",UTA @ POR,L,7,22,0.241,240,41,86,0.477,21,42,0.5,17,25,0.68,11,35,46,26,9,5,13,16,120,Utah Jazz
1610612762,0022400392,"DEC 23, 2024",UTA @ CLE,L,7,21,0.25,240,38,92,0.413,19,44,0.432,18,26,0.692,18,33,51,27,6,5,16,20,113,Utah Jazz
1610612762,0022400379,"DEC 21, 2024",UTA @ BKN,W,7,20,0.259,240,41,86,0.477,14,41,0.341,9,17,0.529,10,35,45,25,11,8,18,16,105,Utah Jazz
1610612762,0022400360,"DEC 19, 2024",UTA @ DET,W,6,20,0.231,240,39,83,0.47,20,40,0.5,28,31,0.903,15,47,62,23,5,8,27,19,126,Utah Jazz
1610612762,0022401226,"DEC 16, 2024",UTA @ LAC,L,5,20,0.2,240,36,80,0.45,13,39,0.333,22,30,0.733,10,25,35,22,8,3,22,20,107,Utah Jazz
1610612762,0022401214,"DEC 13, 2024",UTA vs. PHX,L,5,19,0.208,240,43,77,0.558,22,39,0.564,18,22,0.818,6,28,34,30,5,6,15,17,126,Utah Jazz
1610612762,0022400357,"DEC 08, 2024",UTA @ SAC,L,5,18,0.217,240,31,80,0.388,15,42,0.357,20,21,0.952,9,29,38,21,6,6,20,17,97,Utah Jazz
1610612762,0022400339,"DEC 06, 2024",UTA @ POR,W,5,17,0.227,240,53,96,0.552,14,32,0.438,21,23,0.913,11,50,61,34,6,11,12,17,141,Utah Jazz
1610612762,0022400055,"DEC 03, 2024",UTA @ OKC,L,4,17,0.19,240,38,70,0.543,13,35,0.371,17,22,0.773,11,25,36,21,3,6,29,14,106,Utah Jazz
1610612762,0022400311,"DEC 01, 2024",UTA vs. LAL,L,4,16,0.2,240,40,79,0.506,14,40,0.35,10,16,0.625,8,36,44,27,4,4,15,19,104,Utah Jazz
1610612762,0022400304,"NOV 30, 2024",UTA vs. DAL,L,4,15,0.211,240,34,95,0.358,9,39,0.231,17,21,0.81,19,34,53,20,10,7,15,14,94,Utah Jazz
1610612762,0022400298,"NOV 27, 2024",UTA vs. DEN,L,4,14,0.222,240,38,90,0.422,16,43,0.372,11,18,0.611,21,26,47,25,7,5,18,17,103,Utah Jazz
1610612762,0022400038,"NOV 26, 2024",UTA vs. SAS,L,4,13,0.235,240,43,84,0.512,13,35,0.371,16,20,0.8,10,31,41,24,6,4,21,20,115,Utah Jazz
1610612762,0022400264,"NOV 23, 2024",UTA vs. NYK,W,4,12,0.25,240,44,87,0.506,19,34,0.559,14,19,0.737,9,43,52,30,4,4,18,19,121,Utah Jazz
1610612762,0022400262,"NOV 21, 2024",UTA @ SAS,L,3,12,0.2,240,41,98,0.418,13,45,0.289,23,26,0.885,12,37,49,22,4,7,14,29,118,Utah Jazz
1610612762,0022400026,"NOV 19, 2024",UTA @ LAL,L,3,11,0.214,240,45,90,0.5,12,36,0.333,16,19,0.842,11,31,42,28,9,0,14,24,118,Utah Jazz
1610612762,0022400243,"NOV 17, 2024",UTA @ LAC,L,3,10,0.231,240,39,79,0.494,12,40,0.3,15,18,0.833,9,32,41,24,7,1,18,14,105,Utah Jazz
1610612762,0022400233,"NOV 16, 2024",UTA @ SAC,L,3,9,0.25,240,37,75,0.493,12,26,0.462,31,42,0.738,11,22,33,16,11,3,13,20,117,Utah Jazz
1610612762,0022400228,"NOV 14, 2024",UTA vs. DAL,W,3,8,0.273,240,43,85,0.506,13,34,0.382,16,21,0.762,16,24,40,25,11,2,18,20,115,Utah Jazz
1610612762,0022400006,"NOV 12, 2024",UTA vs. PHX,L,2,8,0.2,240,45,92,0.489,15,38,0.395,7,9,0.778,12,27,39,32,7,3,10,17,112,Utah Jazz
1610612762,0022400197,"NOV 09, 2024",UTA @ SAS,W,2,7,0.222,240,38,82,0.463,10,33,0.303,25,35,0.714,9,36,45,23,13,4,17,20,111,Utah Jazz
1610612762,0022400182,"NOV 07, 2024",UTA @ MIL,L,1,7,0.125,240,33,77,0.429,17,41,0.415,17,18,0.944,8,31,39,24,5,5,21,19,100,Utah Jazz
1610612762,0022400160,"NOV 04, 2024",UTA @ CHI,W,1,6,0.143,240,48,89,0.539,16,36,0.444,23,30,0.767,12,37,49,35,3,6,12,18,135,Utah Jazz
1610612762,0022400148,"NOV 02, 2024",UTA @ DEN,L,0,6,0.0,240,32,77,0.416,13,42,0.31,26,31,0.839,8,31,39,24,7,8,22,22,103,Utah Jazz
1610612762,0022400130,"OCT 31, 2024",UTA vs. SAS,L,0,5,0.0,240,32,82,0.39,7,32,0.219,17,19,0.895,15,38,53,19,6,6,26,19,88,Utah Jazz
1610612762,0022400115,"OCT 29, 2024",UTA vs. SAC,L,0,4,0.0,240,35,89,0.393,14,48,0.292,12,14,0.857,12,30,42,24,7,4,17,16,96,Utah Jazz
1610612762,0022400110,"OCT 28, 2024",UTA @ DAL,L,0,3,0.0,240,34,92,0.37,10,35,0.286,24,29,0.828,15,35,50,24,7,5,13,17,102,Utah Jazz
1610612762,0022400084,"OCT 25, 2024",UTA vs. GSW,L,0,2,0.0,240,29,92,0.315,9,42,0.214,19,26,0.731,14,31,45,18,8,5,22,11,86,Utah Jazz
1610612762,0022400070,"OCT 23, 2024",UTA vs. MEM,L,0,1,0.0,240,40,85,0.471,10,26,0.385,34,45,0.756,14,35,49,21,7,9,14,24,124,Utah Jazz
1610612763,0022401194,"APR 13, 2025",MEM vs. DAL,W,48,34,0.585,240,52,104,0.5,15,40,0.375,13,15,0.867,19,34,53,31,13,7,11,15,132,Memphis Grizzlies
1610612763,0022401180,"APR 11, 2025",MEM @ DEN,L,47,34,0.58,240,41,91,0.451,14,43,0.326,13,19,0.684,7,34,41,26,8,5,12,24,109,Memphis Grizzlies
1610612763,0022401170,"APR 10, 2025",MEM vs. MIN,L,47,33,0.588,240,46,89,0.517,18,36,0.5,15,21,0.714,8,25,33,26,5,2,15,22,125,Memphis Grizzlies
1610612763,0022401146,"APR 08, 2025",MEM @ CHA,W,47,32,0.595,240,42,93,0.452,18,55,0.327,22,26,0.846,14,38,52,23,12,3,13,18,124,Memphis Grizzlies
1610612763,0022401129,"APR 05, 2025",MEM @ DET,W,46,32,0.59,240,39,94,0.415,9,32,0.281,22,29,0.759,17,47,64,19,4,3,14,18,109,Memphis Grizzlies
1610612763,0022401114,"APR 03, 2025",MEM @ MIA,W,45,32,0.584,240,40,85,0.471,16,38,0.421,14,17,0.824,12,37,49,24,8,4,18,18,110,Memphis Grizzlies
1610612763,0022401100,"APR 01, 2025",MEM vs. GSW,L,44,32,0.579,240,44,92,0.478,18,44,0.409,19,22,0.864,8,35,43,22,7,6,16,23,125,Memphis Grizzlies
1610612763,0022401093,"MAR 31, 2025",MEM vs. BOS,L,44,31,0.587,240,41,92,0.446,11,44,0.25,10,16,0.625,5,40,45,21,9,3,10,16,103,Memphis Grizzlies
1610612763,0022401078,"MAR 29, 2025",MEM vs. LAL,L,44,30,0.595,240,50,95,0.526,14,32,0.438,13,18,0.722,9,32,41,33,7,4,12,27,127,Memphis Grizzlies
1610612763,0022401064,"MAR 27, 2025",MEM @ OKC,L,44,29,0.603,240,33,79,0.418,16,42,0.381,22,23,0.957,5,31,36,28,9,4,18,20,104,Memphis Grizzlies
1610612763,0022401050,"MAR 25, 2025",MEM @ UTA,W,44,28,0.611,240,52,98,0.531,20,45,0.444,16,18,0.889,17,35,52,38,7,4,8,21,140,Memphis Grizzlies
1610612763,0022401023,"MAR 21, 2025",MEM @ LAC,L,43,28,0.606,240,40,95,0.421,19,49,0.388,9,13,0.692,10,30,40,28,8,3,10,20,108,Memphis Grizzlies
1610612763,0022401008,"MAR 19, 2025",MEM @ POR,L,43,27,0.614,240,37,92,0.402,8,30,0.267,17,21,0.81,10,30,40,23,11,4,10,20,99,Memphis Grizzlies
1610612763,0022400992,"MAR 17, 2025",MEM @ SAC,L,43,26,0.623,240,44,90,0.489,13,30,0.433,21,21,1.0,15,33,48,24,8,7,17,22,122,Memphis Grizzlies
1610612763,0022400971,"MAR 15, 2025",MEM vs. MIA,W,43,25,0.632,240,51,92,0.554,12,31,0.387,11,12,0.917,11,40,51,31,7,6,10,16,125,Memphis Grizzlies
1610612763,0022400962,"MAR 14, 2025",MEM vs. CLE,L,42,25,0.627,240,48,97,0.495,11,36,0.306,17,21,0.81,10,35,45,25,11,3,14,25,124,Memphis Grizzlies
1610612763,0022400950,"MAR 12, 2025",MEM vs. UTA,W,42,24,0.636,240,43,94,0.457,20,44,0.455,16,21,0.762,5,34,39,30,15,6,9,21,122,Memphis Grizzlies
1610612763,0022400935,"MAR 10, 2025",MEM vs. PHX,W,41,24,0.631,240,40,86,0.465,17,46,0.37,23,27,0.852,11,28,39,26,9,7,13,22,120,Memphis Grizzlies
1610612763,0022400923,"MAR 09, 2025",MEM @ NOP,W,40,24,0.625,240,41,99,0.414,13,49,0.265,12,19,0.632,23,34,57,24,11,6,12,22,107,Memphis Grizzlies
1610612763,0022400906,"MAR 07, 2025",MEM @ DAL,W,39,24,0.619,240,50,106,0.472,8,21,0.381,14,16,0.875,17,42,59,28,9,12,11,20,122,Memphis Grizzlies
1610612763,0022400895,"MAR 05, 2025",MEM vs. OKC,L,38,24,0.613,240,37,91,0.407,9,34,0.265,20,22,0.909,11,38,49,21,9,1,15,18,103,Memphis Grizzlies
1610612763,0022400878,"MAR 03, 2025",MEM vs. ATL,L,38,23,0.623,240,47,93,0.505,13,33,0.394,23,25,0.92,17,26,43,36,7,3,19,16,130,Memphis Grizzlies
1610612763,0022400863,"MAR 01, 2025",MEM vs. SAS,L,38,22,0.633,240,50,95,0.526,11,38,0.289,17,20,0.85,12,29,41,31,7,8,12,16,128,Memphis Grizzlies
1610612763,0022400856,"FEB 28, 2025",MEM vs. NYK,L,38,21,0.644,240,44,94,0.468,4,31,0.129,21,22,0.955,19,39,58,26,2,4,18,17,113,Memphis Grizzlies
1610612763,0022400832,"FEB 25, 2025",MEM vs. PHX,W,38,20,0.655,265,52,99,0.525,20,48,0.417,27,30,0.9,7,31,38,36,10,4,12,22,151,Memphis Grizzlies
1610612763,0022400819,"FEB 23, 2025",MEM @ CLE,L,37,20,0.649,240,42,92,0.457,15,39,0.385,24,31,0.774,12,25,37,28,8,5,13,26,123,Memphis Grizzlies
1610612763,0022400798,"FEB 21, 2025",MEM @ ORL,W,37,19,0.661,240,38,92,0.413,7,33,0.212,22,29,0.759,15,38,53,22,7,7,14,26,105,Memphis Grizzlies
1610612763,0022400788,"FEB 20, 2025",MEM @ IND,L,36,19,0.655,240,41,99,0.414,12,39,0.308,19,22,0.864,12,34,46,28,6,7,13,19,113,Memphis Grizzlies
1610612763,0022400783,"FEB 12, 2025",MEM @ LAC,L,36,18,0.667,240,44,89,0.494,18,36,0.5,8,15,0.533,9,31,40,24,5,4,21,21,114,Memphis Grizzlies
1610612763,0022400767,"FEB 11, 2025",MEM @ PHX,W,36,17,0.679,240,43,100,0.43,12,39,0.308,21,27,0.778,20,40,60,22,8,3,13,22,119,Memphis Grizzlies
1610612763,0022400746,"FEB 08, 2025",MEM vs. OKC,L,35,17,0.673,240,36,81,0.444,12,28,0.429,28,39,0.718,10,30,40,21,7,9,13,21,112,Memphis Grizzlies
1610612763,0022400722,"FEB 05, 2025",MEM @ TOR,W,35,16,0.686,240,47,89,0.528,16,38,0.421,28,38,0.737,24,37,61,22,7,5,16,19,138,Memphis Grizzlies
1610612763,0022400703,"FEB 03, 2025",MEM vs. SAS,W,34,16,0.68,240,48,99,0.485,14,36,0.389,18,20,0.9,10,37,47,33,17,5,15,18,128,Memphis Grizzlies
1610612763,0022400699,"FEB 02, 2025",MEM @ MIL,W,33,16,0.673,240,52,107,0.486,14,39,0.359,14,22,0.636,22,39,61,37,9,5,11,15,132,Memphis Grizzlies
1610612763,0022400676,"JAN 30, 2025",MEM vs. HOU,W,32,16,0.667,240,48,93,0.516,9,28,0.321,15,20,0.75,9,28,37,23,7,6,11,25,120,Memphis Grizzlies
1610612763,0022400653,"JAN 27, 2025",MEM @ NYK,L,31,16,0.66,240,41,91,0.451,9,24,0.375,15,17,0.882,18,29,47,21,5,9,26,16,106,Memphis Grizzlies
1610612763,0022400643,"JAN 25, 2025",MEM vs. UTA,W,31,15,0.674,240,43,84,0.512,14,38,0.368,25,34,0.735,13,32,45,28,10,9,16,19,125,Memphis Grizzlies
1610612763,0022400632,"JAN 24, 2025",MEM vs. NOP,W,30,15,0.667,240,56,101,0.554,19,42,0.452,8,8,1.0,16,27,43,38,8,4,12,19,139,Memphis Grizzlies
1610612763,0022400616,"JAN 22, 2025",MEM vs. CHA,W,29,15,0.659,240,49,98,0.5,21,47,0.447,13,14,0.929,13,27,40,36,9,6,16,30,132,Memphis Grizzlies
1610612763,0022400601,"JAN 20, 2025",MEM vs. MIN,W,28,15,0.651,240,37,86,0.43,7,33,0.212,27,34,0.794,13,34,47,19,9,4,13,22,108,Memphis Grizzlies
1610612763,0022400582,"JAN 17, 2025",MEM @ SAS,W,27,15,0.643,240,55,97,0.567,19,44,0.432,11,15,0.733,10,31,41,39,9,0,7,19,140,Memphis Grizzlies
1610612763,0022400567,"JAN 15, 2025",MEM @ SAS,W,26,15,0.634,240,51,103,0.495,16,38,0.421,11,17,0.647,14,38,52,28,7,5,8,19,129,Memphis Grizzlies
1610612763,0022400551,"JAN 13, 2025",MEM @ HOU,L,25,15,0.625,240,45,84,0.536,14,32,0.438,14,21,0.667,8,23,31,15,17,2,17,25,118,Memphis Grizzlies
1610612763,0022400535,"JAN 11, 2025",MEM @ MIN,W,25,14,0.641,240,48,108,0.444,16,41,0.39,15,19,0.789,21,25,46,25,13,3,13,20,127,Memphis Grizzlies
1610612763,0022400520,"JAN 09, 2025",MEM vs. HOU,L,24,14,0.632,240,42,84,0.5,10,32,0.313,21,30,0.7,10,33,43,20,9,8,19,28,115,Memphis Grizzlies
1610612763,0022400499,"JAN 06, 2025",MEM vs. DAL,W,24,13,0.649,240,40,88,0.455,12,35,0.343,27,35,0.771,13,42,55,24,11,5,13,17,119,Memphis Grizzlies
1610612763,0022400485,"JAN 04, 2025",MEM @ GSW,L,23,13,0.639,240,46,88,0.523,9,27,0.333,12,16,0.75,12,31,43,29,9,7,22,18,113,Memphis Grizzlies
1610612763,0022400476,"JAN 03, 2025",MEM @ SAC,L,23,12,0.657,240,43,89,0.483,17,37,0.459,30,36,0.833,14,37,51,31,5,4,17,20,133,Memphis Grizzlies
1610612763,0022400453,"DEC 31, 2024",MEM @ PHX,W,23,11,0.676,240,40,94,0.426,15,44,0.341,22,33,0.667,16,35,51,27,10,6,17,29,117,Memphis Grizzlies
1610612763,0022400440,"DEC 29, 2024",MEM @ OKC,L,22,11,0.667,240,37,97,0.381,14,51,0.275,18,21,0.857,16,35,51,30,6,4,21,15,106,Memphis Grizzlies
1610612763,0022400423,"DEC 27, 2024",MEM @ NOP,W,22,10,0.688,240,42,89,0.472,17,41,0.415,31,35,0.886,9,33,42,30,12,7,16,19,132,Memphis Grizzlies
1610612763,0022400414,"DEC 26, 2024",MEM vs. TOR,W,21,10,0.677,240,58,109,0.532,18,45,0.4,21,29,0.724,24,39,63,36,8,8,17,18,155,Memphis Grizzlies
1610612763,0022400399,"DEC 23, 2024",MEM vs. LAC,L,20,10,0.667,240,38,99,0.384,16,42,0.381,18,26,0.692,19,37,56,26,8,6,20,18,110,Memphis Grizzlies
1610612763,0022400378,"DEC 21, 2024",MEM @ ATL,W,20,9,0.69,240,50,97,0.515,18,41,0.439,10,13,0.769,8,32,40,35,13,1,18,22,128,Memphis Grizzlies
1610612763,0022400366,"DEC 19, 2024",MEM vs. GSW,W,19,9,0.679,240,53,98,0.541,27,48,0.563,11,15,0.733,15,45,60,38,11,8,16,19,144,Memphis Grizzlies
1610612763,0022401220,"DEC 15, 2024",MEM @ LAL,L,18,9,0.667,240,38,97,0.392,9,28,0.321,25,30,0.833,17,33,50,25,10,3,20,31,110,Memphis Grizzlies
1610612763,0022401211,"DEC 13, 2024",MEM vs. BKN,W,18,8,0.692,240,52,99,0.525,17,36,0.472,14,21,0.667,12,37,49,33,9,4,13,19,135,Memphis Grizzlies
1610612763,0022400353,"DEC 08, 2024",MEM @ WAS,W,17,8,0.68,240,50,96,0.521,17,43,0.395,23,29,0.793,12,34,46,34,12,8,16,20,140,Memphis Grizzlies
1610612763,0022400345,"DEC 07, 2024",MEM @ BOS,W,16,8,0.667,240,47,94,0.5,15,33,0.455,18,23,0.783,11,41,52,25,13,7,13,25,127,Memphis Grizzlies
1610612763,0022400329,"DEC 05, 2024",MEM vs. SAC,W,15,8,0.652,240,38,80,0.475,13,38,0.342,26,32,0.813,9,40,49,27,9,5,22,21,115,Memphis Grizzlies
1610612763,0022400056,"DEC 03, 2024",MEM @ DAL,L,14,8,0.636,240,45,97,0.464,13,40,0.325,13,14,0.929,13,26,39,27,15,3,19,29,116,Memphis Grizzlies
1610612763,0022400306,"DEC 01, 2024",MEM vs. IND,W,14,7,0.667,240,49,93,0.527,16,46,0.348,22,27,0.815,8,32,40,36,9,6,10,22,136,Memphis Grizzlies
1610612763,0022400042,"NOV 29, 2024",MEM vs. NOP,W,13,7,0.65,240,47,96,0.49,12,41,0.293,14,17,0.824,14,37,51,36,9,5,15,22,120,Memphis Grizzlies
1610612763,0022400293,"NOV 27, 2024",MEM vs. DET,W,12,7,0.632,240,51,93,0.548,17,46,0.37,12,16,0.75,10,32,42,31,13,4,16,21,131,Memphis Grizzlies
1610612763,0022400282,"NOV 25, 2024",MEM vs. POR,W,11,7,0.611,240,43,87,0.494,12,28,0.429,25,34,0.735,16,44,60,35,7,13,18,20,123,Memphis Grizzlies
1610612763,0022400266,"NOV 23, 2024",MEM @ CHI,W,10,7,0.588,240,55,96,0.573,19,42,0.452,13,20,0.65,13,36,49,38,5,4,11,18,142,Memphis Grizzlies
1610612763,0022400255,"NOV 20, 2024",MEM vs. PHI,W,9,7,0.563,240,41,85,0.482,19,43,0.442,16,16,1.0,9,32,41,29,5,6,19,17,117,Memphis Grizzlies
1610612763,0022400023,"NOV 19, 2024",MEM vs. DEN,L,8,7,0.533,240,41,103,0.398,9,38,0.237,19,31,0.613,19,36,55,24,9,10,22,24,110,Memphis Grizzlies
1610612763,0022400238,"NOV 17, 2024",MEM vs. DEN,W,8,6,0.571,240,41,91,0.451,13,39,0.333,10,12,0.833,10,35,45,31,10,10,12,15,105,Memphis Grizzlies
1610612763,0022400019,"NOV 15, 2024",MEM @ GSW,L,7,6,0.538,240,42,103,0.408,7,42,0.167,27,33,0.818,18,36,54,22,8,11,15,21,118,Memphis Grizzlies
1610612763,0022400225,"NOV 13, 2024",MEM @ LAL,L,7,5,0.583,240,42,89,0.472,12,33,0.364,27,33,0.818,12,29,41,28,11,6,13,25,123,Memphis Grizzlies
1610612763,0022400210,"NOV 10, 2024",MEM @ POR,W,7,4,0.636,240,47,85,0.553,16,43,0.372,24,28,0.857,10,41,51,32,15,13,20,17,134,Memphis Grizzlies
1610612763,0022400191,"NOV 08, 2024",MEM vs. WAS,W,6,4,0.6,240,46,97,0.474,14,43,0.326,22,25,0.88,13,37,50,30,10,10,17,19,128,Memphis Grizzlies
1610612763,0022400174,"NOV 06, 2024",MEM vs. LAL,W,5,4,0.556,240,48,93,0.516,17,34,0.5,18,23,0.783,12,38,50,28,5,6,18,17,131,Memphis Grizzlies
1610612763,0022400158,"NOV 04, 2024",MEM @ BKN,L,4,4,0.5,240,43,91,0.473,8,30,0.267,10,13,0.769,13,31,44,29,5,8,14,16,104,Memphis Grizzlies
1610612763,0022400142,"NOV 02, 2024",MEM @ PHI,W,4,3,0.571,240,48,87,0.552,12,27,0.444,16,21,0.762,11,41,52,35,9,6,16,22,124,Memphis Grizzlies
1610612763,0022400128,"OCT 31, 2024",MEM vs. MIL,W,3,3,0.5,240,43,82,0.524,8,28,0.286,28,31,0.903,7,49,56,26,6,3,16,21,122,Memphis Grizzlies
1610612763,0022400124,"OCT 30, 2024",MEM vs. BKN,L,2,3,0.4,240,38,81,0.469,8,27,0.296,22,29,0.759,12,26,38,27,9,3,22,21,106,Memphis Grizzlies
1610612763,0022400108,"OCT 28, 2024",MEM vs. CHI,L,2,2,0.5,240,51,111,0.459,14,43,0.326,7,13,0.538,18,42,60,37,5,9,10,21,123,Memphis Grizzlies
1610612763,0022400092,"OCT 26, 2024",MEM vs. ORL,W,2,1,0.667,240,46,86,0.535,13,34,0.382,19,24,0.792,6,36,42,38,10,5,18,24,124,Memphis Grizzlies
1610612763,0022400082,"OCT 25, 2024",MEM @ HOU,L,1,1,0.5,240,38,91,0.418,10,28,0.357,22,36,0.611,14,29,43,24,8,8,17,25,108,Memphis Grizzlies
1610612763,0022400070,"OCT 23, 2024",MEM @ UTA,W,1,0,1.0,240,43,91,0.473,17,45,0.378,23,32,0.719,13,28,41,28,7,5,12,35,126,Memphis Grizzlies
1610612764,0022401190,"APR 13, 2025",WAS @ MIA,W,18,64,0.22,240,46,90,0.511,16,37,0.432,11,17,0.647,6,37,43,33,4,3,10,14,119,Washington Wizards
1610612764,0022401176,"APR 11, 2025",WAS @ CHI,L,17,64,0.21,240,35,91,0.385,10,41,0.244,9,12,0.75,8,33,41,26,7,5,16,16,89,Washington Wizards
1610612764,0022401157,"APR 09, 2025",WAS vs. PHI,L,17,63,0.213,240,34,87,0.391,10,33,0.303,25,30,0.833,13,34,47,22,9,2,16,25,103,Washington Wizards
1610612764,0022401148,"APR 08, 2025",WAS @ IND,L,17,62,0.215,240,38,91,0.418,11,39,0.282,11,15,0.733,13,37,50,18,2,8,11,27,98,Washington Wizards
1610612764,0022401137,"APR 06, 2025",WAS @ BOS,L,17,61,0.218,240,35,86,0.407,12,45,0.267,8,10,0.8,11,21,32,21,5,3,10,10,90,Washington Wizards
1610612764,0022401112,"APR 03, 2025",WAS vs. ORL,L,17,60,0.221,240,38,85,0.447,12,30,0.4,9,11,0.818,8,30,38,16,4,3,13,20,97,Washington Wizards
1610612764,0022401105,"APR 02, 2025",WAS vs. SAC,W,17,59,0.224,240,43,84,0.512,17,43,0.395,13,18,0.722,7,34,41,24,6,3,14,21,116,Washington Wizards
1610612764,0022401092,"MAR 31, 2025",WAS vs. MIA,L,16,59,0.213,240,34,86,0.395,13,43,0.302,13,18,0.722,5,34,39,22,14,4,18,20,94,Washington Wizards
1610612764,0022401075,"MAR 29, 2025",WAS vs. BKN,L,16,58,0.216,240,37,85,0.435,9,34,0.265,29,33,0.879,7,33,40,21,5,7,6,15,112,Washington Wizards
1610612764,0022401061,"MAR 27, 2025",WAS vs. IND,L,16,57,0.219,240,38,85,0.447,11,30,0.367,22,26,0.846,12,19,31,19,9,2,15,15,109,Washington Wizards
1610612764,0022401053,"MAR 26, 2025",WAS @ PHI,W,16,56,0.222,240,48,95,0.505,18,44,0.409,5,12,0.417,13,36,49,30,3,6,10,12,119,Washington Wizards
1610612764,0022401039,"MAR 24, 2025",WAS vs. TOR,L,15,56,0.211,240,35,87,0.402,11,37,0.297,23,34,0.676,9,39,48,24,8,9,17,19,104,Washington Wizards
1610612764,0022401026,"MAR 22, 2025",WAS @ NYK,L,15,55,0.214,240,39,88,0.443,11,36,0.306,14,19,0.737,10,31,41,21,9,5,20,23,103,Washington Wizards
1610612764,0022401014,"MAR 21, 2025",WAS vs. ORL,L,15,54,0.217,240,37,87,0.425,17,39,0.436,14,19,0.737,8,33,41,23,11,4,14,10,105,Washington Wizards
1610612764,0022400627,"MAR 19, 2025",WAS @ UTA,L,15,53,0.221,240,43,93,0.462,12,45,0.267,14,18,0.778,13,24,37,30,12,4,13,13,112,Washington Wizards
1610612764,0022400995,"MAR 17, 2025",WAS @ POR,L,15,52,0.224,240,38,92,0.413,12,40,0.3,9,12,0.75,11,38,49,27,6,7,16,16,97,Washington Wizards
1610612764,0022400975,"MAR 15, 2025",WAS @ DEN,W,15,51,0.227,240,46,95,0.484,19,45,0.422,15,17,0.882,13,31,44,34,11,4,17,17,126,Washington Wizards
1610612764,0022400954,"MAR 13, 2025",WAS @ DET,W,14,51,0.215,240,43,90,0.478,20,45,0.444,23,27,0.852,10,37,47,30,10,5,15,29,129,Washington Wizards
1610612764,0022400941,"MAR 11, 2025",WAS @ DET,L,13,51,0.203,240,37,92,0.402,13,39,0.333,16,20,0.8,12,35,47,20,7,4,13,18,103,Washington Wizards
1610612764,0022400932,"MAR 10, 2025",WAS @ TOR,L,13,50,0.206,240,38,105,0.362,16,55,0.291,12,15,0.8,16,38,54,25,5,12,8,20,104,Washington Wizards
1610612764,0022400915,"MAR 08, 2025",WAS @ TOR,W,13,49,0.21,240,44,100,0.44,13,38,0.342,17,23,0.739,22,28,50,29,12,7,15,18,118,Washington Wizards
1610612764,0022400894,"MAR 05, 2025",WAS vs. UTA,W,12,49,0.197,240,42,95,0.442,17,47,0.362,24,29,0.828,10,35,45,32,9,12,9,18,125,Washington Wizards
1610612764,0022400877,"MAR 03, 2025",WAS @ MIA,L,11,49,0.183,240,31,84,0.369,10,35,0.286,18,22,0.818,7,36,43,22,8,0,13,17,90,Washington Wizards
1610612764,0022400860,"MAR 01, 2025",WAS @ CHA,W,11,48,0.186,240,40,88,0.455,17,50,0.34,16,17,0.941,12,36,48,33,13,7,15,10,113,Washington Wizards
1610612764,0022400839,"FEB 26, 2025",WAS vs. POR,L,10,48,0.172,240,43,83,0.518,12,36,0.333,23,33,0.697,7,34,41,25,9,8,19,26,121,Washington Wizards
1610612764,0022400824,"FEB 24, 2025",WAS vs. BKN,W,10,47,0.175,240,35,70,0.5,13,31,0.419,24,25,0.96,7,30,37,26,7,8,24,26,107,Washington Wizards
1610612764,0022400815,"FEB 23, 2025",WAS @ ORL,L,9,47,0.161,240,32,78,0.41,10,38,0.263,16,22,0.727,4,32,36,22,5,4,20,23,90,Washington Wizards
1610612764,0022400799,"FEB 21, 2025",WAS vs. MIL,L,9,46,0.164,240,35,87,0.402,12,39,0.308,19,27,0.704,8,34,42,25,9,4,14,21,101,Washington Wizards
1610612764,0022400771,"FEB 12, 2025",WAS vs. IND,L,9,45,0.167,265,47,97,0.485,23,45,0.511,13,16,0.813,7,39,46,29,5,7,16,20,130,Washington Wizards
1610612764,0022400757,"FEB 10, 2025",WAS vs. SAS,L,9,44,0.17,240,45,93,0.484,14,47,0.298,17,19,0.895,10,32,42,26,5,3,14,23,121,Washington Wizards
1610612764,0022400744,"FEB 08, 2025",WAS vs. ATL,L,9,43,0.173,240,41,93,0.441,9,36,0.25,20,21,0.952,14,39,53,26,6,2,17,18,111,Washington Wizards
1610612764,0022400735,"FEB 07, 2025",WAS vs. CLE,L,9,42,0.176,240,46,94,0.489,16,44,0.364,16,25,0.64,16,24,40,25,8,2,13,17,124,Washington Wizards
1610612764,0022400720,"FEB 05, 2025",WAS @ BKN,W,9,41,0.18,240,44,81,0.543,20,43,0.465,11,14,0.786,7,33,40,40,6,3,14,21,119,Washington Wizards
1610612764,0022400700,"FEB 03, 2025",WAS @ CHA,W,8,41,0.163,240,44,99,0.444,17,51,0.333,19,23,0.826,18,36,54,29,6,5,10,21,124,Washington Wizards
1610612764,0022400690,"FEB 01, 2025",WAS @ MIN,W,7,41,0.146,240,38,83,0.458,15,33,0.455,14,17,0.824,7,37,44,26,7,6,16,21,105,Washington Wizards
1610612764,0022400674,"JAN 30, 2025",WAS vs. LAL,L,6,41,0.128,240,29,91,0.319,10,44,0.227,28,34,0.824,12,26,38,18,4,6,13,18,96,Washington Wizards
1610612764,0022400665,"JAN 29, 2025",WAS vs. TOR,L,6,40,0.13,240,28,72,0.389,5,30,0.167,21,29,0.724,10,33,43,17,6,5,25,21,82,Washington Wizards
1610612764,0022400657,"JAN 27, 2025",WAS @ DAL,L,6,39,0.133,240,42,101,0.416,11,37,0.297,13,17,0.765,14,31,45,23,5,3,11,15,108,Washington Wizards
1610612764,0022400645,"JAN 25, 2025",WAS @ PHX,L,6,38,0.136,240,42,90,0.467,18,41,0.439,7,9,0.778,5,32,37,28,8,5,8,17,109,Washington Wizards
1610612764,0022400983,"JAN 23, 2025",WAS @ LAC,L,6,37,0.14,240,32,94,0.34,11,46,0.239,18,21,0.857,14,35,49,24,14,1,15,21,93,Washington Wizards
1610612764,0022400610,"JAN 21, 2025",WAS @ LAL,L,6,36,0.143,240,34,95,0.358,11,43,0.256,9,13,0.692,9,37,46,25,8,8,11,18,88,Washington Wizards
1610612764,0022400598,"JAN 19, 2025",WAS @ SAC,L,6,35,0.146,240,32,89,0.36,10,42,0.238,26,32,0.813,10,36,46,19,6,1,16,16,100,Washington Wizards
1610612764,0022400589,"JAN 18, 2025",WAS @ GSW,L,6,34,0.15,240,38,86,0.442,22,45,0.489,16,23,0.696,11,33,44,24,5,2,13,21,114,Washington Wizards
1610612764,0022400573,"JAN 16, 2025",WAS vs. PHX,L,6,33,0.154,240,46,92,0.5,13,41,0.317,18,27,0.667,12,33,45,28,13,4,13,22,123,Washington Wizards
1610612764,0022400548,"JAN 13, 2025",WAS vs. MIN,L,6,32,0.158,240,40,91,0.44,17,40,0.425,9,15,0.6,8,26,34,27,13,3,11,18,106,Washington Wizards
1610612764,0022400545,"JAN 12, 2025",WAS vs. OKC,L,6,31,0.162,240,28,83,0.337,9,46,0.196,30,33,0.909,8,31,39,20,6,6,16,23,95,Washington Wizards
1610612764,0022400530,"JAN 10, 2025",WAS @ CHI,L,6,30,0.167,240,39,98,0.398,18,46,0.391,9,13,0.692,13,32,45,26,6,4,15,15,105,Washington Wizards
1610612764,0022400512,"JAN 08, 2025",WAS @ PHI,L,6,29,0.171,240,42,94,0.447,13,30,0.433,6,9,0.667,18,33,51,26,3,6,17,18,103,Washington Wizards
1610612764,0022400503,"JAN 07, 2025",WAS vs. HOU,L,6,28,0.176,240,41,89,0.461,15,40,0.375,15,20,0.75,16,27,43,21,6,4,18,19,112,Washington Wizards
1610612764,0022400489,"JAN 05, 2025",WAS vs. NOP,L,6,27,0.182,240,38,89,0.427,11,41,0.268,11,14,0.786,9,37,46,25,6,4,15,18,98,Washington Wizards
1610612764,0022400472,"JAN 03, 2025",WAS @ NOP,L,6,26,0.188,240,45,84,0.536,9,28,0.321,21,27,0.778,14,34,48,28,6,0,21,23,120,Washington Wizards
1610612764,0022400456,"JAN 01, 2025",WAS vs. CHI,W,6,25,0.194,240,49,99,0.495,17,36,0.472,10,12,0.833,8,34,42,36,11,3,15,13,125,Washington Wizards
1610612764,0022400443,"DEC 30, 2024",WAS vs. NYK,L,5,25,0.167,240,39,92,0.424,12,43,0.279,16,22,0.727,12,34,46,25,6,8,13,23,106,Washington Wizards
1610612764,0022400429,"DEC 28, 2024",WAS vs. NYK,L,5,24,0.172,265,51,99,0.515,17,38,0.447,13,15,0.867,11,33,44,32,7,4,15,22,132,Washington Wizards
1610612764,0022400412,"DEC 26, 2024",WAS vs. CHA,W,5,23,0.179,240,39,91,0.429,14,44,0.318,21,28,0.75,8,35,43,25,9,7,11,19,113,Washington Wizards
1610612764,0022400400,"DEC 23, 2024",WAS @ OKC,L,4,23,0.148,240,36,91,0.396,16,43,0.372,17,20,0.85,13,38,51,25,7,8,19,16,105,Washington Wizards
1610612764,0022400382,"DEC 21, 2024",WAS @ MIL,L,4,22,0.154,240,36,81,0.444,18,42,0.429,11,16,0.688,8,39,47,20,7,4,19,10,101,Washington Wizards
1610612764,0022400362,"DEC 19, 2024",WAS vs. CHA,W,4,21,0.16,240,41,83,0.494,17,42,0.405,24,31,0.774,12,40,52,33,5,8,18,18,123,Washington Wizards
1610612764,0022401217,"DEC 15, 2024",WAS vs. BOS,L,3,21,0.125,240,40,99,0.404,13,40,0.325,5,8,0.625,17,34,51,22,10,7,16,25,98,Washington Wizards
1610612764,0022401208,"DEC 13, 2024",WAS @ CLE,L,3,20,0.13,240,41,86,0.477,14,40,0.35,9,11,0.818,6,38,44,24,7,7,17,28,105,Washington Wizards
1610612764,0022400353,"DEC 08, 2024",WAS vs. MEM,L,3,19,0.136,240,43,100,0.43,6,32,0.188,20,22,0.909,20,32,52,20,10,5,21,25,112,Washington Wizards
1610612764,0022400341,"DEC 07, 2024",WAS vs. DEN,W,3,18,0.143,240,45,93,0.484,16,41,0.39,16,22,0.727,15,31,46,31,9,12,17,21,122,Washington Wizards
1610612764,0022400326,"DEC 05, 2024",WAS vs. DAL,L,2,18,0.1,240,39,99,0.394,13,40,0.325,10,15,0.667,12,27,39,25,10,3,12,19,101,Washington Wizards
1610612764,0022400051,"DEC 03, 2024",WAS @ CLE,L,2,17,0.105,240,32,83,0.386,4,26,0.154,19,25,0.76,13,39,52,18,4,8,20,21,87,Washington Wizards
1610612764,0022400302,"NOV 30, 2024",WAS @ MIL,L,2,16,0.111,240,41,87,0.471,9,32,0.281,23,24,0.958,8,33,41,24,7,3,12,26,114,Washington Wizards
1610612764,0022400291,"NOV 27, 2024",WAS vs. LAC,L,2,15,0.118,240,35,85,0.412,8,33,0.242,18,22,0.818,11,29,40,21,9,4,20,18,96,Washington Wizards
1610612764,0022400035,"NOV 26, 2024",WAS vs. CHI,L,2,14,0.125,240,39,91,0.429,10,37,0.27,20,31,0.645,5,38,43,27,7,3,12,18,108,Washington Wizards
1610612764,0022400272,"NOV 24, 2024",WAS @ IND,L,2,13,0.133,240,36,79,0.456,11,35,0.314,20,25,0.8,8,33,41,24,8,5,16,19,103,Washington Wizards
1610612764,0022400028,"NOV 22, 2024",WAS vs. BOS,L,2,12,0.143,240,39,90,0.433,7,28,0.25,11,16,0.688,10,38,48,19,6,4,19,29,96,Washington Wizards
1610612764,0022400246,"NOV 18, 2024",WAS @ NYK,L,2,11,0.154,240,43,91,0.473,11,33,0.333,9,16,0.563,12,29,41,23,5,3,10,19,106,Washington Wizards
1610612764,0022400237,"NOV 17, 2024",WAS vs. DET,L,2,10,0.167,240,39,83,0.47,12,27,0.444,14,20,0.7,5,34,39,21,6,3,17,16,104,Washington Wizards
1610612764,0022400012,"NOV 15, 2024",WAS @ ATL,L,2,9,0.182,240,43,106,0.406,15,43,0.349,16,21,0.762,13,39,52,28,11,5,15,23,117,Washington Wizards
1610612764,0022400224,"NOV 13, 2024",WAS @ SAS,L,2,8,0.2,240,49,95,0.516,18,44,0.409,14,16,0.875,11,30,41,27,5,5,18,23,130,Washington Wizards
1610612764,0022400213,"NOV 11, 2024",WAS @ HOU,L,2,7,0.222,240,36,88,0.409,11,31,0.355,9,13,0.692,8,26,34,21,14,5,18,17,92,Washington Wizards
1610612764,0022400204,"NOV 10, 2024",WAS @ ORL,L,2,6,0.25,240,33,72,0.458,10,33,0.303,18,25,0.72,7,30,37,20,4,7,16,25,94,Washington Wizards
1610612764,0022400191,"NOV 08, 2024",WAS @ MEM,L,2,5,0.286,240,38,93,0.409,9,35,0.257,19,23,0.826,11,30,41,27,14,8,18,27,104,Washington Wizards
1610612764,0022400155,"NOV 04, 2024",WAS vs. GSW,L,2,4,0.333,240,42,96,0.438,10,43,0.233,18,21,0.857,8,39,47,29,4,8,9,23,112,Washington Wizards
1610612764,0022400147,"NOV 02, 2024",WAS vs. MIA,L,2,3,0.4,240,38,91,0.418,7,35,0.2,15,21,0.714,8,36,44,23,12,10,11,22,98,Washington Wizards
1610612764,0022400121,"OCT 30, 2024",WAS vs. ATL,W,2,2,0.5,240,47,89,0.528,16,38,0.421,23,25,0.92,6,31,37,32,10,5,14,21,133,Washington Wizards
1610612764,0022400103,"OCT 28, 2024",WAS @ ATL,W,1,2,0.333,240,41,91,0.451,21,44,0.477,18,22,0.818,9,34,43,24,7,3,18,25,121,Washington Wizards
1610612764,0022400090,"OCT 26, 2024",WAS vs. CLE,L,0,2,0.0,240,37,96,0.385,15,43,0.349,27,32,0.844,18,28,46,25,6,9,15,25,116,Washington Wizards
1610612764,0022400073,"OCT 24, 2024",WAS vs. BOS,L,0,1,0.0,240,41,95,0.432,7,36,0.194,13,18,0.722,10,30,40,27,9,6,13,19,102,Washington Wizards
1610612765,0022401192,"APR 13, 2025",DET @ MIL,L,44,38,0.537,265,51,107,0.477,22,59,0.373,9,14,0.643,14,28,42,35,9,3,13,19,133,Detroit Pistons
1610612765,0022401171,"APR 11, 2025",DET vs. MIL,L,44,37,0.543,240,46,93,0.495,18,39,0.462,9,18,0.5,8,34,42,30,1,9,10,19,119,Detroit Pistons
1610612765,0022401167,"APR 10, 2025",DET vs. NYK,W,44,36,0.55,240,47,82,0.573,8,22,0.364,13,18,0.722,9,26,35,20,5,6,15,23,115,Detroit Pistons
1610612765,0022401144,"APR 07, 2025",DET vs. SAC,L,43,36,0.544,240,42,89,0.472,13,39,0.333,20,28,0.714,13,24,37,30,8,4,9,23,117,Detroit Pistons
1610612765,0022401129,"APR 05, 2025",DET vs. MEM,L,43,35,0.551,240,37,96,0.385,11,42,0.262,18,23,0.783,8,36,44,24,9,6,6,19,103,Detroit Pistons
1610612765,0022401121,"APR 04, 2025",DET @ TOR,W,43,34,0.558,240,41,89,0.461,12,34,0.353,23,27,0.852,12,35,47,27,11,7,13,14,117,Detroit Pistons
1610612765,0022401108,"APR 02, 2025",DET @ OKC,L,42,34,0.553,240,36,89,0.404,10,33,0.303,21,25,0.84,11,32,43,20,5,7,18,25,103,Detroit Pistons
1610612765,0022401084,"MAR 30, 2025",DET @ MIN,L,42,33,0.56,240,34,95,0.358,12,38,0.316,24,32,0.75,16,28,44,22,3,3,7,24,104,Detroit Pistons
1610612765,0022401067,"MAR 28, 2025",DET vs. CLE,W,42,32,0.568,240,44,92,0.478,15,34,0.441,30,35,0.857,16,27,43,25,8,5,13,29,133,Detroit Pistons
1610612765,0022401046,"MAR 25, 2025",DET vs. SAS,W,41,32,0.562,240,44,78,0.564,15,31,0.484,19,25,0.76,6,38,44,33,6,5,10,19,122,Detroit Pistons
1610612765,0022401029,"MAR 23, 2025",DET vs. NOP,W,40,32,0.556,240,47,86,0.547,13,27,0.481,29,40,0.725,11,21,32,26,6,2,6,20,136,Detroit Pistons
1610612765,0022401019,"MAR 21, 2025",DET @ DAL,L,39,32,0.549,240,46,98,0.469,11,31,0.355,14,19,0.737,15,26,41,24,14,5,14,22,117,Detroit Pistons
1610612765,0022401000,"MAR 19, 2025",DET @ MIA,W,39,31,0.557,240,46,91,0.505,9,23,0.391,15,18,0.833,13,34,47,25,4,10,12,20,116,Detroit Pistons
1610612765,0022400987,"MAR 17, 2025",DET @ NOP,W,38,31,0.551,240,46,84,0.548,13,35,0.371,22,29,0.759,11,39,50,33,10,7,13,19,127,Detroit Pistons
1610612765,0022400969,"MAR 15, 2025",DET vs. OKC,L,37,31,0.544,240,42,88,0.477,14,33,0.424,9,13,0.692,6,33,39,29,8,3,17,21,107,Detroit Pistons
1610612765,0022400954,"MAR 13, 2025",DET vs. WAS,L,37,30,0.552,240,39,85,0.459,10,30,0.333,37,43,0.86,9,32,41,23,8,6,12,23,125,Detroit Pistons
1610612765,0022400941,"MAR 11, 2025",DET vs. WAS,W,37,29,0.561,240,48,104,0.462,16,38,0.421,11,15,0.733,18,43,61,29,7,5,12,18,123,Detroit Pistons
1610612765,0022400926,"MAR 09, 2025",DET @ POR,W,36,29,0.554,240,43,87,0.494,9,28,0.321,24,32,0.75,12,42,54,22,7,8,13,24,119,Detroit Pistons
1610612765,0022400919,"MAR 08, 2025",DET @ GSW,L,35,29,0.547,240,39,85,0.459,5,23,0.217,27,36,0.75,13,31,44,17,12,4,20,29,110,Detroit Pistons
1610612765,0022400898,"MAR 05, 2025",DET @ LAC,L,35,28,0.556,240,45,86,0.523,11,35,0.314,14,19,0.737,5,29,34,27,5,2,12,20,115,Detroit Pistons
1610612765,0022400881,"MAR 03, 2025",DET @ UTA,W,35,27,0.565,240,51,92,0.554,11,41,0.268,21,28,0.75,8,31,39,32,16,8,13,23,134,Detroit Pistons
1610612765,0022400861,"MAR 01, 2025",DET vs. BKN,W,34,27,0.557,240,39,72,0.542,12,28,0.429,25,29,0.862,6,41,47,31,5,15,23,29,115,Detroit Pistons
1610612765,0022400850,"FEB 28, 2025",DET vs. DEN,L,33,27,0.55,240,45,99,0.455,12,37,0.324,17,23,0.739,14,28,42,32,15,3,10,22,119,Detroit Pistons
1610612765,0022400836,"FEB 26, 2025",DET vs. BOS,W,33,26,0.559,240,47,89,0.528,13,33,0.394,10,17,0.588,14,37,51,29,13,5,12,16,117,Detroit Pistons
1610612765,0022400821,"FEB 24, 2025",DET vs. LAC,W,32,26,0.552,240,36,79,0.456,9,29,0.31,25,36,0.694,8,38,46,22,11,7,15,18,106,Detroit Pistons
1610612765,0022400814,"FEB 23, 2025",DET @ ATL,W,31,26,0.544,240,55,93,0.591,20,40,0.5,18,25,0.72,5,32,37,39,9,5,17,23,148,Detroit Pistons
1610612765,0022400802,"FEB 21, 2025",DET @ SAS,W,30,26,0.536,240,47,94,0.5,12,35,0.343,19,22,0.864,20,33,53,31,8,5,16,17,125,Detroit Pistons
1610612765,0022400775,"FEB 12, 2025",DET @ CHI,W,29,26,0.527,240,45,88,0.511,10,25,0.4,28,35,0.8,12,35,47,30,8,6,16,22,128,Detroit Pistons
1610612765,0022400766,"FEB 11, 2025",DET @ CHI,W,28,26,0.519,240,51,96,0.531,18,41,0.439,12,13,0.923,8,47,55,30,10,8,14,19,132,Detroit Pistons
1610612765,0022400752,"FEB 09, 2025",DET vs. CHA,W,27,26,0.509,240,44,90,0.489,11,37,0.297,13,16,0.813,14,32,46,31,11,1,11,21,112,Detroit Pistons
1610612765,0022400738,"FEB 07, 2025",DET vs. PHI,W,26,26,0.5,240,44,97,0.454,17,44,0.386,20,26,0.769,21,35,56,32,7,4,14,24,125,Detroit Pistons
1610612765,0022400718,"FEB 05, 2025",DET vs. CLE,L,25,26,0.49,240,39,98,0.398,12,37,0.324,25,28,0.893,17,28,45,22,13,5,11,21,115,Detroit Pistons
1610612765,0022400701,"FEB 03, 2025",DET vs. ATL,L,25,25,0.5,240,43,83,0.518,9,27,0.333,35,38,0.921,10,31,41,31,7,2,14,25,130,Detroit Pistons
1610612765,0022400695,"FEB 02, 2025",DET vs. CHI,W,25,24,0.51,240,54,99,0.545,10,30,0.333,9,13,0.692,8,34,42,38,14,5,11,18,127,Detroit Pistons
1610612765,0022400680,"JAN 31, 2025",DET vs. DAL,W,24,24,0.5,240,47,106,0.443,9,35,0.257,14,16,0.875,18,29,47,18,13,6,6,15,117,Detroit Pistons
1610612765,0022400664,"JAN 29, 2025",DET @ IND,L,23,24,0.489,240,44,89,0.494,12,34,0.353,19,26,0.731,9,32,41,26,7,3,12,21,119,Detroit Pistons
1610612765,0022400649,"JAN 27, 2025",DET @ CLE,L,23,23,0.5,240,37,96,0.385,10,36,0.278,7,11,0.636,12,33,45,24,6,4,10,17,91,Detroit Pistons
1610612765,0022400638,"JAN 25, 2025",DET @ ORL,L,23,22,0.511,240,40,86,0.465,10,25,0.4,23,28,0.821,11,30,41,22,11,5,16,25,113,Detroit Pistons
1610612765,0022400612,"JAN 22, 2025",DET @ ATL,W,23,21,0.523,240,42,84,0.5,12,34,0.353,18,19,0.947,7,44,51,27,7,10,20,19,114,Detroit Pistons
1610612765,0022400600,"JAN 20, 2025",DET @ HOU,W,22,21,0.512,240,42,88,0.477,10,27,0.37,13,15,0.867,13,39,52,21,12,5,22,11,107,Detroit Pistons
1610612765,0022400586,"JAN 18, 2025",DET vs. PHX,L,21,21,0.5,240,44,94,0.468,9,33,0.273,24,36,0.667,15,28,43,22,5,3,9,27,121,Detroit Pistons
1610612765,0022400572,"JAN 16, 2025",DET vs. IND,L,21,20,0.512,240,36,91,0.396,9,36,0.25,19,22,0.864,14,41,55,22,3,7,19,20,100,Detroit Pistons
1610612765,0022400549,"JAN 13, 2025",DET @ NYK,W,21,19,0.525,240,46,92,0.5,15,34,0.441,17,18,0.944,11,28,39,20,8,2,11,21,124,Detroit Pistons
1610612765,0022400534,"JAN 11, 2025",DET vs. TOR,W,20,19,0.513,240,44,84,0.524,19,33,0.576,16,21,0.762,7,39,46,35,8,5,15,22,123,Detroit Pistons
1610612765,0022400518,"JAN 09, 2025",DET vs. GSW,L,19,19,0.5,240,39,86,0.453,14,39,0.359,12,16,0.75,7,33,40,25,7,7,14,19,104,Detroit Pistons
1610612765,0022400513,"JAN 08, 2025",DET @ BKN,W,19,18,0.514,240,45,86,0.523,15,37,0.405,8,12,0.667,7,35,42,30,9,9,13,20,113,Detroit Pistons
1610612765,0022400493,"JAN 06, 2025",DET vs. POR,W,18,18,0.5,240,42,94,0.447,15,43,0.349,19,22,0.864,17,28,45,23,9,4,14,15,118,Detroit Pistons
1610612765,0022400479,"JAN 04, 2025",DET vs. MIN,W,17,18,0.486,240,45,93,0.484,13,38,0.342,16,20,0.8,13,34,47,26,12,2,12,22,119,Detroit Pistons
1610612765,0022400469,"JAN 03, 2025",DET vs. CHA,W,16,18,0.471,240,39,93,0.419,12,37,0.324,8,13,0.615,14,37,51,21,13,7,13,27,98,Detroit Pistons
1610612765,0022400455,"JAN 01, 2025",DET vs. ORL,W,15,18,0.455,240,41,79,0.519,12,29,0.414,11,17,0.647,9,40,49,25,7,3,23,18,105,Detroit Pistons
1610612765,0022400432,"DEC 28, 2024",DET @ DEN,L,14,18,0.438,240,46,95,0.484,12,39,0.308,17,23,0.739,15,26,41,29,8,1,12,25,121,Detroit Pistons
1610612765,0022400418,"DEC 26, 2024",DET @ SAC,W,14,17,0.452,240,38,91,0.418,17,44,0.386,21,25,0.84,10,34,44,25,6,4,10,22,114,Detroit Pistons
1610612765,0022400404,"DEC 23, 2024",DET @ LAL,W,13,17,0.433,240,47,92,0.511,11,30,0.367,12,12,1.0,10,27,37,24,12,5,12,20,117,Detroit Pistons
1610612765,0022400387,"DEC 21, 2024",DET @ PHX,W,12,17,0.414,240,49,89,0.551,19,39,0.487,16,22,0.727,10,25,35,31,13,4,13,19,133,Detroit Pistons
1610612765,0022400360,"DEC 19, 2024",DET vs. UTA,L,11,17,0.393,240,46,105,0.438,13,47,0.277,14,18,0.778,13,26,39,26,10,8,10,25,119,Detroit Pistons
1610612765,0022401221,"DEC 16, 2024",DET vs. MIA,W,11,16,0.407,265,44,90,0.489,20,40,0.5,17,23,0.739,7,45,52,32,8,4,21,24,125,Detroit Pistons
1610612765,0022401205,"DEC 12, 2024",DET @ BOS,L,10,16,0.385,240,42,98,0.429,7,37,0.189,8,10,0.8,9,34,43,27,8,4,8,12,99,Detroit Pistons
1610612765,0022400343,"DEC 07, 2024",DET @ NYK,W,10,15,0.4,240,43,83,0.518,18,36,0.5,16,19,0.842,9,34,43,28,7,0,18,20,120,Detroit Pistons
1610612765,0022400319,"DEC 04, 2024",DET @ BOS,L,9,15,0.375,240,43,84,0.512,20,39,0.513,14,18,0.778,8,26,34,27,10,5,18,21,120,Detroit Pistons
1610612765,0022400052,"DEC 03, 2024",DET vs. MIL,L,9,14,0.391,240,40,87,0.46,11,33,0.333,16,22,0.727,13,28,41,22,11,7,18,21,107,Detroit Pistons
1610612765,0022400301,"NOV 30, 2024",DET vs. PHI,L,9,13,0.409,240,35,91,0.385,11,40,0.275,15,18,0.833,10,32,42,22,6,5,16,19,96,Detroit Pistons
1610612765,0022400045,"NOV 29, 2024",DET @ IND,W,9,12,0.429,240,48,83,0.578,18,38,0.474,16,20,0.8,7,37,44,35,9,5,18,16,130,Detroit Pistons
1610612765,0022400293,"NOV 27, 2024",DET @ MEM,L,8,12,0.4,240,40,85,0.471,13,38,0.342,18,25,0.72,9,33,42,24,6,4,18,17,111,Detroit Pistons
1610612765,0022400278,"NOV 25, 2024",DET vs. TOR,W,8,11,0.421,240,34,76,0.447,12,37,0.324,22,31,0.71,6,32,38,27,4,7,14,19,102,Detroit Pistons
1610612765,0022400265,"NOV 23, 2024",DET @ ORL,L,7,11,0.389,240,35,75,0.467,13,33,0.394,17,22,0.773,10,24,34,16,7,8,17,21,100,Detroit Pistons
1610612765,0022400260,"NOV 21, 2024",DET @ CHA,L,7,10,0.412,265,42,99,0.424,17,48,0.354,20,25,0.8,21,35,56,30,8,3,19,23,121,Detroit Pistons
1610612765,0022400244,"NOV 18, 2024",DET vs. CHI,L,7,9,0.438,240,42,98,0.429,15,44,0.341,13,19,0.684,16,32,48,27,3,3,9,19,112,Detroit Pistons
1610612765,0022400237,"NOV 17, 2024",DET @ WAS,W,7,8,0.467,240,46,97,0.474,17,38,0.447,15,19,0.789,13,38,51,27,11,4,8,19,124,Detroit Pistons
1610612765,0022400011,"NOV 15, 2024",DET @ TOR,W,6,8,0.429,240,39,95,0.411,8,38,0.211,13,20,0.65,14,42,56,24,8,8,13,16,99,Detroit Pistons
1610612765,0022400223,"NOV 13, 2024",DET @ MIL,L,5,8,0.385,265,46,100,0.46,18,38,0.474,10,13,0.769,11,34,45,29,6,7,14,21,120,Detroit Pistons
1610612765,0022400002,"NOV 12, 2024",DET vs. MIA,W,5,7,0.417,265,43,92,0.467,13,36,0.361,24,28,0.857,15,41,56,32,4,4,19,19,123,Detroit Pistons
1610612765,0022400201,"NOV 10, 2024",DET vs. HOU,L,4,7,0.364,240,36,84,0.429,11,34,0.324,16,23,0.696,11,35,46,21,6,6,18,21,99,Detroit Pistons
1610612765,0022400185,"NOV 08, 2024",DET vs. ATL,W,4,6,0.4,240,44,86,0.512,13,33,0.394,21,31,0.677,11,34,45,27,7,8,20,18,122,Detroit Pistons
1610612765,0022400169,"NOV 06, 2024",DET @ CHA,L,3,6,0.333,240,46,94,0.489,10,32,0.313,5,9,0.556,6,40,46,34,5,4,10,20,107,Detroit Pistons
1610612765,0022400156,"NOV 04, 2024",DET vs. LAL,W,3,5,0.375,240,45,96,0.469,8,34,0.235,17,22,0.773,17,38,55,22,6,5,12,25,115,Detroit Pistons
1610612765,0022400151,"NOV 03, 2024",DET @ BKN,W,2,5,0.286,240,37,77,0.481,11,36,0.306,21,26,0.808,9,38,47,25,4,6,17,25,106,Detroit Pistons
1610612765,0022400134,"NOV 01, 2024",DET vs. NYK,L,1,5,0.167,240,41,81,0.506,11,34,0.324,5,7,0.714,6,32,38,23,6,9,22,12,98,Detroit Pistons
1610612765,0022400120,"OCT 30, 2024",DET @ PHI,W,1,4,0.2,240,36,78,0.462,15,36,0.417,18,22,0.818,12,37,49,23,4,5,16,25,105,Detroit Pistons
1610612765,0022400105,"OCT 28, 2024",DET @ MIA,L,0,4,0.0,240,35,91,0.385,14,38,0.368,14,17,0.824,19,35,54,14,6,6,16,19,98,Detroit Pistons
1610612765,0022400089,"OCT 26, 2024",DET vs. BOS,L,0,3,0.0,240,43,88,0.489,14,39,0.359,18,22,0.818,9,35,44,27,4,7,14,22,118,Detroit Pistons
1610612765,0022400080,"OCT 25, 2024",DET @ CLE,L,0,2,0.0,240,38,81,0.469,13,32,0.406,12,17,0.706,8,34,42,25,3,5,22,22,101,Detroit Pistons
1610612765,0022400063,"OCT 23, 2024",DET vs. IND,L,0,1,0.0,240,38,88,0.432,9,33,0.273,24,28,0.857,12,26,38,22,6,2,12,21,109,Detroit Pistons
1610612766,0022401187,"APR 13, 2025",CHA @ BOS,L,19,63,0.232,240,32,85,0.376,11,39,0.282,11,18,0.611,18,33,51,23,10,4,17,16,86,Charlotte Hornets
1610612766,0022401174,"APR 11, 2025",CHA @ BOS,L,19,62,0.235,240,36,93,0.387,15,40,0.375,7,10,0.7,12,36,48,25,7,4,17,14,94,Charlotte Hornets
1610612766,0022401158,"APR 09, 2025",CHA @ TOR,L,19,61,0.238,240,36,82,0.439,11,35,0.314,13,16,0.813,5,36,41,23,5,3,19,13,96,Charlotte Hornets
1610612766,0022401146,"APR 08, 2025",CHA vs. MEM,L,19,60,0.241,240,37,81,0.457,11,38,0.289,15,23,0.652,6,32,38,22,3,4,15,18,100,Charlotte Hornets
1610612766,0022401133,"APR 06, 2025",CHA vs. CHI,L,19,59,0.244,240,41,85,0.482,8,30,0.267,27,34,0.794,9,31,40,25,7,2,12,22,117,Charlotte Hornets
1610612766,0022401118,"APR 04, 2025",CHA vs. SAC,L,19,58,0.247,240,33,83,0.398,8,35,0.229,28,34,0.824,11,34,45,17,2,2,12,19,102,Charlotte Hornets
1610612766,0022401104,"APR 02, 2025",CHA @ IND,L,19,57,0.25,240,41,78,0.526,10,24,0.417,13,18,0.722,9,35,44,20,3,2,18,15,105,Charlotte Hornets
1610612766,0022401089,"MAR 31, 2025",CHA vs. UTA,W,19,56,0.253,240,43,80,0.538,15,38,0.395,9,14,0.643,10,37,47,33,3,5,18,14,110,Charlotte Hornets
1610612766,0022401085,"MAR 30, 2025",CHA @ NOP,L,18,56,0.243,240,32,91,0.352,8,33,0.242,22,25,0.88,12,38,50,20,15,6,14,17,94,Charlotte Hornets
1610612766,0022401069,"MAR 28, 2025",CHA @ TOR,L,18,55,0.247,240,39,96,0.406,9,31,0.29,10,15,0.667,13,43,56,29,5,5,17,12,97,Charlotte Hornets
1610612766,0022401045,"MAR 25, 2025",CHA vs. ORL,L,18,54,0.25,240,37,88,0.42,14,34,0.412,16,21,0.762,8,30,38,26,4,3,11,22,104,Charlotte Hornets
1610612766,0022401032,"MAR 23, 2025",CHA @ MIA,L,18,53,0.254,240,41,87,0.471,11,33,0.333,12,13,0.923,12,28,40,24,5,4,19,15,105,Charlotte Hornets
1610612766,0022401017,"MAR 21, 2025",CHA @ OKC,L,18,52,0.257,240,37,80,0.463,19,41,0.463,13,13,1.0,6,23,29,29,6,4,16,13,106,Charlotte Hornets
1610612766,0022401010,"MAR 20, 2025",CHA vs. NYK,W,18,51,0.261,240,43,88,0.489,15,32,0.469,14,17,0.824,11,41,52,25,1,3,11,20,115,Charlotte Hornets
1610612766,0022400993,"MAR 18, 2025",CHA vs. ATL,L,17,51,0.25,240,38,84,0.452,10,30,0.333,16,21,0.762,10,29,39,25,7,8,17,16,102,Charlotte Hornets
1610612766,0022400538,"MAR 16, 2025",CHA @ LAC,L,17,50,0.254,240,37,94,0.394,6,33,0.182,8,9,0.889,11,33,44,27,5,5,11,18,88,Charlotte Hornets
1610612766,0022400964,"MAR 14, 2025",CHA @ SAS,W,17,49,0.258,240,51,85,0.6,26,46,0.565,17,19,0.895,8,26,34,42,7,2,18,17,145,Charlotte Hornets
1610612766,0022400945,"MAR 12, 2025",CHA @ ATL,L,16,49,0.246,240,40,88,0.455,14,35,0.4,16,18,0.889,10,37,47,29,9,9,21,26,110,Charlotte Hornets
1610612766,0022400931,"MAR 10, 2025",CHA @ MIA,W,16,48,0.25,240,36,86,0.419,11,44,0.25,22,23,0.957,9,27,36,26,10,6,10,16,105,Charlotte Hornets
1610612766,0022400912,"MAR 08, 2025",CHA vs. BKN,W,15,48,0.238,240,40,98,0.408,11,34,0.324,14,16,0.875,22,28,50,25,4,2,10,13,105,Charlotte Hornets
1610612766,0022400904,"MAR 07, 2025",CHA vs. CLE,L,14,48,0.226,240,44,92,0.478,13,37,0.351,16,21,0.762,10,33,43,29,7,3,12,33,117,Charlotte Hornets
1610612766,0022400892,"MAR 05, 2025",CHA vs. MIN,L,14,47,0.23,240,42,95,0.442,12,42,0.286,14,18,0.778,20,37,57,26,3,2,13,18,110,Charlotte Hornets
1610612766,0022400875,"MAR 03, 2025",CHA vs. GSW,L,14,46,0.233,240,34,86,0.395,11,40,0.275,22,33,0.667,8,39,47,20,3,6,17,19,101,Charlotte Hornets
1610612766,0022400860,"MAR 01, 2025",CHA vs. WAS,L,14,45,0.237,240,41,93,0.441,14,42,0.333,4,6,0.667,11,33,44,28,9,5,17,14,100,Charlotte Hornets
1610612766,0022400847,"FEB 27, 2025",CHA @ DAL,L,14,44,0.241,240,40,98,0.408,7,27,0.259,9,13,0.692,14,42,56,25,3,2,15,16,96,Charlotte Hornets
1610612766,0022400834,"FEB 25, 2025",CHA @ GSW,L,14,43,0.246,240,33,89,0.371,11,40,0.275,15,18,0.833,18,32,50,18,7,8,24,15,92,Charlotte Hornets
1610612766,0022400828,"FEB 24, 2025",CHA @ SAC,L,14,42,0.25,240,30,85,0.353,10,40,0.25,18,24,0.75,15,22,37,24,14,4,19,16,88,Charlotte Hornets
1610612766,0022400810,"FEB 22, 2025",CHA @ POR,L,14,41,0.255,240,34,98,0.347,5,32,0.156,15,21,0.714,12,25,37,19,12,7,15,21,88,Charlotte Hornets
1610612766,0022400794,"FEB 20, 2025",CHA @ DEN,L,14,40,0.259,240,43,99,0.434,15,37,0.405,14,17,0.824,14,31,45,28,10,2,10,21,115,Charlotte Hornets
1610612766,0022400524,"FEB 19, 2025",CHA @ LAL,W,14,39,0.264,240,33,91,0.363,18,53,0.34,16,17,0.941,9,38,47,20,12,4,17,16,100,Charlotte Hornets
1610612766,0022400770,"FEB 12, 2025",CHA @ ORL,L,13,39,0.25,240,32,81,0.395,8,26,0.308,14,15,0.933,6,37,43,21,4,4,12,15,86,Charlotte Hornets
1610612766,0022400758,"FEB 10, 2025",CHA @ BKN,L,13,38,0.255,240,32,78,0.41,6,31,0.194,19,28,0.679,11,29,40,18,7,7,17,10,89,Charlotte Hornets
1610612766,0022400752,"FEB 09, 2025",CHA @ DET,L,13,37,0.26,240,34,78,0.436,15,32,0.469,19,23,0.826,9,28,37,25,8,1,14,18,102,Charlotte Hornets
1610612766,0022400734,"FEB 07, 2025",CHA vs. SAS,W,13,36,0.265,240,47,101,0.465,17,38,0.447,6,6,1.0,16,37,53,33,4,4,11,22,117,Charlotte Hornets
1610612766,0022400717,"FEB 05, 2025",CHA vs. MIL,L,12,36,0.25,240,38,88,0.432,11,34,0.324,15,20,0.75,9,32,41,21,4,1,8,14,102,Charlotte Hornets
1610612766,0022400700,"FEB 03, 2025",CHA vs. WAS,L,12,35,0.255,240,39,89,0.438,11,29,0.379,25,28,0.893,9,37,46,26,4,1,10,17,114,Charlotte Hornets
1610612766,0022400688,"FEB 01, 2025",CHA vs. DEN,L,12,34,0.261,240,41,95,0.432,9,26,0.346,13,17,0.765,13,38,51,31,5,6,12,13,104,Charlotte Hornets
1610612766,0022400679,"JAN 31, 2025",CHA vs. LAC,L,12,33,0.267,240,42,96,0.438,7,30,0.233,13,15,0.867,13,29,42,18,11,3,9,16,104,Charlotte Hornets
1610612766,0022400663,"JAN 29, 2025",CHA vs. BKN,L,12,32,0.273,240,28,83,0.337,10,35,0.286,17,25,0.68,18,34,52,18,6,7,17,19,83,Charlotte Hornets
1610612766,0022400648,"JAN 27, 2025",CHA vs. LAL,L,12,31,0.279,240,39,87,0.448,14,36,0.389,15,18,0.833,10,24,34,26,11,3,14,19,107,Charlotte Hornets
1610612766,0022400637,"JAN 25, 2025",CHA vs. NOP,W,12,30,0.286,240,42,84,0.5,21,50,0.42,18,25,0.72,9,39,48,28,11,5,14,18,123,Charlotte Hornets
1610612766,0022400630,"JAN 24, 2025",CHA vs. POR,L,11,30,0.268,240,32,85,0.376,9,31,0.29,24,28,0.857,16,30,46,20,9,6,16,28,97,Charlotte Hornets
1610612766,0022400616,"JAN 22, 2025",CHA @ MEM,L,11,29,0.275,240,41,86,0.477,11,31,0.355,27,32,0.844,11,22,33,27,9,4,16,19,120,Charlotte Hornets
1610612766,0022400599,"JAN 20, 2025",CHA vs. DAL,W,11,28,0.282,240,40,98,0.408,17,39,0.436,13,18,0.722,17,32,49,28,10,7,13,16,110,Charlotte Hornets
1610612766,0022400584,"JAN 17, 2025",CHA @ CHI,W,10,28,0.263,240,48,96,0.5,13,34,0.382,16,20,0.8,13,31,44,26,9,2,12,13,125,Charlotte Hornets
1610612766,0022400569,"JAN 15, 2025",CHA @ UTA,W,9,28,0.243,240,45,85,0.529,12,39,0.308,15,21,0.714,11,34,45,27,6,6,18,16,117,Charlotte Hornets
1610612766,0022400547,"JAN 12, 2025",CHA @ PHX,L,8,28,0.222,240,41,92,0.446,15,40,0.375,16,20,0.8,15,37,52,30,10,2,16,20,113,Charlotte Hornets
1610612766,0022400502,"JAN 07, 2025",CHA vs. PHX,W,8,27,0.229,240,38,98,0.388,13,47,0.277,26,29,0.897,20,39,59,23,9,5,11,19,115,Charlotte Hornets
1610612766,0022400488,"JAN 05, 2025",CHA @ CLE,L,7,27,0.206,240,38,91,0.418,15,42,0.357,14,19,0.737,13,35,48,19,9,4,15,18,105,Charlotte Hornets
1610612766,0022400469,"JAN 03, 2025",CHA @ DET,L,7,26,0.212,240,33,80,0.413,9,30,0.3,19,30,0.633,9,36,45,25,8,6,17,10,94,Charlotte Hornets
1610612766,0022400442,"DEC 30, 2024",CHA vs. CHI,L,7,25,0.219,265,42,101,0.416,10,43,0.233,14,20,0.7,9,47,56,23,8,6,14,20,108,Charlotte Hornets
1610612766,0022400428,"DEC 28, 2024",CHA vs. OKC,L,7,24,0.226,240,29,80,0.363,11,34,0.324,25,28,0.893,8,36,44,17,9,5,18,16,94,Charlotte Hornets
1610612766,0022400412,"DEC 26, 2024",CHA @ WAS,L,7,23,0.233,240,41,94,0.436,17,42,0.405,11,14,0.786,11,39,50,31,6,4,18,23,110,Charlotte Hornets
1610612766,0022400391,"DEC 23, 2024",CHA vs. HOU,L,7,22,0.241,240,37,89,0.416,10,36,0.278,17,24,0.708,11,33,44,25,8,6,11,15,101,Charlotte Hornets
1610612766,0022400373,"DEC 20, 2024",CHA @ PHI,L,7,21,0.25,240,36,78,0.462,10,31,0.323,16,21,0.762,13,31,44,22,7,4,17,19,98,Charlotte Hornets
1610612766,0022400362,"DEC 19, 2024",CHA @ WAS,L,7,20,0.259,240,43,106,0.406,8,43,0.186,20,27,0.741,22,30,52,30,12,2,8,21,114,Charlotte Hornets
1610612766,0022401222,"DEC 16, 2024",CHA vs. PHI,L,7,19,0.269,240,42,83,0.506,12,38,0.316,12,21,0.571,9,29,38,30,12,8,20,27,108,Charlotte Hornets
1610612766,0022401212,"DEC 13, 2024",CHA @ CHI,L,7,18,0.28,240,35,98,0.357,8,46,0.174,17,21,0.81,17,37,54,22,7,5,16,20,95,Charlotte Hornets
1610612766,0022400349,"DEC 08, 2024",CHA @ IND,W,7,17,0.292,240,40,78,0.513,14,29,0.483,19,26,0.731,10,35,45,24,11,3,24,18,113,Charlotte Hornets
1610612766,0022400340,"DEC 07, 2024",CHA vs. CLE,L,6,17,0.261,240,37,86,0.43,11,39,0.282,17,19,0.895,10,27,37,21,6,5,10,27,102,Charlotte Hornets
1610612766,0022400327,"DEC 05, 2024",CHA @ NYK,L,6,16,0.273,240,40,89,0.449,15,39,0.385,6,10,0.6,10,30,40,27,3,4,10,22,101,Charlotte Hornets
1610612766,0022400050,"DEC 03, 2024",CHA vs. PHI,L,6,15,0.286,240,34,77,0.442,13,34,0.382,23,28,0.821,15,32,47,22,5,3,15,17,104,Charlotte Hornets
1610612766,0022400300,"NOV 30, 2024",CHA vs. ATL,L,6,14,0.3,240,35,94,0.372,18,48,0.375,16,19,0.842,18,27,45,23,13,6,14,23,104,Charlotte Hornets
1610612766,0022400040,"NOV 29, 2024",CHA vs. NYK,L,6,13,0.316,240,36,89,0.404,15,47,0.319,11,15,0.733,14,25,39,25,8,6,13,19,98,Charlotte Hornets
1610612766,0022400286,"NOV 27, 2024",CHA vs. MIA,L,6,12,0.333,240,37,98,0.378,17,51,0.333,3,8,0.375,16,27,43,22,10,5,13,19,94,Charlotte Hornets
1610612766,0022400277,"NOV 25, 2024",CHA vs. ORL,L,6,11,0.353,240,31,75,0.413,7,32,0.219,15,19,0.789,13,39,52,14,6,5,26,20,84,Charlotte Hornets
1610612766,0022400268,"NOV 23, 2024",CHA @ MIL,L,6,10,0.375,240,41,100,0.41,19,47,0.404,18,21,0.857,14,34,48,22,6,5,10,21,119,Charlotte Hornets
1610612766,0022400260,"NOV 21, 2024",CHA vs. DET,W,6,9,0.4,265,44,93,0.473,20,44,0.455,15,21,0.714,11,32,43,23,12,5,15,22,123,Charlotte Hornets
1610612766,0022400022,"NOV 19, 2024",CHA @ BKN,L,5,9,0.357,240,38,82,0.463,20,37,0.541,19,22,0.864,13,31,44,25,6,8,21,20,115,Charlotte Hornets
1610612766,0022400236,"NOV 17, 2024",CHA @ CLE,L,5,8,0.385,240,42,103,0.408,20,52,0.385,10,12,0.833,17,23,40,34,12,6,9,23,114,Charlotte Hornets
1610612766,0022400229,"NOV 16, 2024",CHA vs. MIL,W,5,7,0.417,240,41,93,0.441,15,42,0.357,18,21,0.857,16,37,53,25,7,4,10,16,115,Charlotte Hornets
1610612766,0022400003,"NOV 12, 2024",CHA @ ORL,L,4,7,0.364,240,34,84,0.405,13,38,0.342,8,14,0.571,8,40,48,22,7,3,22,18,89,Charlotte Hornets
1610612766,0022400205,"NOV 10, 2024",CHA @ PHI,L,4,6,0.4,265,36,95,0.379,14,54,0.259,19,22,0.864,12,38,50,22,10,5,19,22,105,Charlotte Hornets
1610612766,0022400184,"NOV 08, 2024",CHA vs. IND,W,4,5,0.444,240,38,90,0.422,17,50,0.34,10,12,0.833,13,43,56,23,6,7,14,16,103,Charlotte Hornets
1610612766,0022400169,"NOV 06, 2024",CHA vs. DET,W,3,5,0.375,240,39,90,0.433,14,44,0.318,16,16,1.0,8,39,47,22,5,4,12,16,108,Charlotte Hornets
1610612766,0022400162,"NOV 04, 2024",CHA @ MIN,L,2,5,0.286,240,35,88,0.398,10,42,0.238,13,16,0.813,9,29,38,19,10,1,14,22,93,Charlotte Hornets
1610612766,0022400141,"NOV 02, 2024",CHA vs. BOS,L,2,4,0.333,240,40,91,0.44,17,42,0.405,6,9,0.667,7,27,34,24,10,1,13,25,103,Charlotte Hornets
1610612766,0022400132,"NOV 01, 2024",CHA vs. BOS,L,2,3,0.4,240,42,91,0.462,19,48,0.396,6,12,0.5,12,30,42,20,5,5,14,26,109,Charlotte Hornets
1610612766,0022400117,"OCT 30, 2024",CHA vs. TOR,W,2,2,0.5,240,49,94,0.521,20,45,0.444,20,25,0.8,14,24,38,31,9,8,15,24,138,Charlotte Hornets
1610612766,0022400088,"OCT 26, 2024",CHA vs. MIA,L,1,2,0.333,240,39,89,0.438,13,41,0.317,15,21,0.714,15,31,46,20,6,5,17,24,106,Charlotte Hornets
1610612766,0022400079,"OCT 25, 2024",CHA @ ATL,L,1,1,0.5,240,37,96,0.385,21,51,0.412,25,31,0.806,22,31,53,22,7,4,17,28,120,Charlotte Hornets
1610612766,0022400068,"OCT 23, 2024",CHA @ HOU,W,1,0,1.0,240,38,85,0.447,15,39,0.385,19,24,0.792,15,41,56,20,6,10,16,21,110,Charlotte Hornets
